"Date","Price","Open","High","Low","Vol.","Change %"
"12/31/2001","6,372.28","6,466.02","6,466.06","6,372.25","27.72M","-1.47%"
"12/28/2001","6,467.09","6,419.26","6,490.10","6,419.26","47.26M","0.75%"
"12/27/2001","6,419.19","6,371.93","6,422.17","6,369.42","44.56M","0.74%"
"12/26/2001","6,371.84","6,374.78","6,397.43","6,368.30","30.80M","-0.04%"
"12/24/2001","6,374.49","6,380.39","6,384.31","6,368.95","18.00M","-0.10%"
"12/21/2001","6,380.60","6,263.26","6,381.51","6,252.54","79.57M","1.87%"
"12/20/2001","6,263.29","6,252.56","6,268.88","6,225.44","80.33M","0.20%"
"12/19/2001","6,250.74","6,268.54","6,271.56","6,208.01","98.32M","-0.29%"
"12/18/2001","6,268.97","6,271.54","6,326.36","6,247.09","94.82M","-0.04%"
"12/17/2001","6,271.49","6,133.55","6,271.96","6,133.55","81.92M","2.16%"
"12/14/2001","6,139.07","6,074.18","6,139.34","6,069.25","70.25M","1.05%"
"12/13/2001","6,075.06","6,150.09","6,150.46","6,057.17","110.53M","-1.22%"
"12/11/2001","6,150.26","6,136.03","6,200.55","6,134.80","95.17M","0.39%"
"12/10/2001","6,126.38","6,139.26","6,162.24","6,117.12","52.56M","-0.24%"
"12/07/2001","6,141.19","6,101.59","6,157.77","6,081.03","69.93M","0.65%"
"12/06/2001","6,101.72","6,099.56","6,176.62","6,084.96","122.80M","0.04%"
"12/05/2001","6,099.28","5,931.66","6,111.36","5,931.66","166.46M","2.83%"
"12/04/2001","5,931.43","5,872.31","5,931.43","5,872.31","84.12M","1.03%"
"12/03/2001","5,870.93","5,833.05","5,871.79","5,800.06","45.16M","0.65%"
"11/30/2001","5,832.83","5,841.00","5,850.04","5,817.16","49.23M","-0.15%"
"11/29/2001","5,841.34","5,847.36","5,856.60","5,812.07","68.47M","-0.12%"
"11/28/2001","5,848.21","5,861.12","5,907.35","5,840.93","108.03M","-0.21%"
"11/27/2001","5,860.44","5,759.33","5,865.87","5,749.25","116.16M","1.75%"
"11/26/2001","5,759.49","5,735.12","5,761.86","5,721.29","74.84M","0.43%"
"11/23/2001","5,734.90","5,685.29","5,735.18","5,674.49","44.17M","0.87%"
"11/22/2001","5,685.39","5,674.22","5,685.39","5,666.86","15.92M","0.19%"
"11/21/2001","5,674.41","5,689.67","5,690.06","5,635.27","72.25M","-0.43%"
"11/19/2001","5,699.19","5,711.82","5,741.28","5,698.11","39.71M","-0.23%"
"11/16/2001","5,712.46","5,772.21","5,781.45","5,712.46","55.22M","-1.15%"
"11/15/2001","5,778.65","5,751.85","5,786.83","5,735.30","73.46M","0.47%"
"11/14/2001","5,751.72","5,663.84","5,767.48","5,663.84","105.14M","1.56%"
"11/13/2001","5,663.35","5,530.70","5,663.91","5,530.70","109.93M","2.51%"
"11/12/2001","5,524.57","5,588.19","5,588.36","5,514.41","83.52M","-1.28%"
"11/09/2001","5,596.38","5,649.92","5,649.92","5,565.05","86.35M","-0.95%"
"11/08/2001","5,649.87","5,640.09","5,670.93","5,636.51","64.62M","0.21%"
"11/07/2001","5,638.04","5,677.30","5,679.05","5,637.90","81.85M","-0.70%"
"11/06/2001","5,677.79","5,681.02","5,688.06","5,647.95","74.76M","-0.06%"
"11/05/2001","5,681.07","5,634.13","5,691.09","5,634.13","74.10M","0.86%"
"11/02/2001","5,632.76","5,610.65","5,636.78","5,600.52","46.29M","0.39%"
"11/01/2001","5,610.77","5,542.50","5,612.92","5,538.84","78.28M","1.33%"
"10/31/2001","5,537.04","5,530.52","5,597.08","5,525.89","77.79M","0.14%"
"10/30/2001","5,529.18","5,596.40","5,596.40","5,511.94","75.57M","-1.25%"
"10/29/2001","5,599.13","5,693.09","5,693.61","5,596.50","48.03M","-1.65%"
"10/26/2001","5,693.12","5,728.64","5,754.80","5,693.12","59.67M","-0.63%"
"10/25/2001","5,729.13","5,708.12","5,740.27","5,650.74","54.63M","0.37%"
"10/24/2001","5,708.28","5,573.61","5,708.28","5,573.61","114.52M","2.46%"
"10/23/2001","5,571.27","5,539.47","5,584.79","5,525.58","54.56M","0.58%"
"10/22/2001","5,539.28","5,584.12","5,596.11","5,520.74","36.76M","-0.88%"
"10/19/2001","5,588.23","5,532.09","5,590.56","5,487.16","64.19M","1.06%"
"10/18/2001","5,529.75","5,543.39","5,561.65","5,520.73","50.40M","-0.22%"
"10/17/2001","5,541.88","5,548.12","5,617.79","5,535.24","62.67M","-0.01%"
"10/16/2001","5,542.61","5,500.66","5,556.57","5,485.65","57.14M","0.77%"
"10/15/2001","5,500.10","5,670.44","5,670.44","5,499.30","61.00M","-3.02%"
"10/12/2001","5,671.10","5,801.38","5,801.38","5,643.83","67.93M","-2.36%"
"10/11/2001","5,808.22","5,688.14","5,853.37","5,688.09","123.47M","2.17%"
"10/10/2001","5,684.90","5,556.12","5,687.10","5,523.58","119.27M","2.27%"
"10/09/2001","5,558.86","5,529.70","5,614.58","5,522.36","69.51M","0.57%"
"10/08/2001","5,527.11","5,526.89","5,554.77","5,490.99","47.49M","-0.03%"
"10/05/2001","5,528.55","5,500.68","5,550.72","5,460.10","63.28M","0.53%"
"10/04/2001","5,499.31","5,410.46","5,540.95","5,410.46","108.24M","1.70%"
"10/03/2001","5,407.54","5,361.22","5,428.61","5,316.25","103.90M","0.85%"
"10/02/2001","5,361.80","5,389.39","5,425.42","5,352.94","67.59M","-0.44%"
"10/01/2001","5,385.50","5,404.42","5,436.98","5,360.24","51.77M","-0.33%"
"09/28/2001","5,403.53","5,308.13","5,403.98","5,308.13","124.40M","1.84%"
"09/27/2001","5,306.08","5,326.59","5,340.85","5,251.17","100.64M","-0.35%"
"09/26/2001","5,324.84","5,307.12","5,350.13","5,292.00","73.18M","0.39%"
"09/25/2001","5,304.38","5,325.96","5,338.56","5,249.89","71.80M","-0.39%"
"09/24/2001","5,325.11","5,101.54","5,350.96","5,101.54","82.08M","4.66%"
"09/21/2001","5,087.94","5,077.39","5,109.40","4,950.71","109.95M","0.12%"
"09/20/2001","5,081.92","5,254.67","5,255.89","5,076.77","78.52M","-3.31%"
"09/19/2001","5,256.00","5,297.37","5,350.46","5,198.80","112.91M","-0.79%"
"09/18/2001","5,297.86","5,317.77","5,377.80","5,256.32","95.22M","-0.36%"
"09/17/2001","5,316.77","5,501.91","5,501.91","5,290.05","123.73M","-3.87%"
"09/11/2001","5,531.02","5,853.19","5,853.19","5,429.50","19.34M","-5.55%"
"09/10/2001","5,856.19","5,839.79","5,908.56","5,816.07","50.03M","0.20%"
"09/07/2001","5,844.60","5,875.53","5,922.52","5,794.91","109.05M","-0.53%"
"09/06/2001","5,875.86","6,088.78","6,088.94","5,857.72","134.34M","-3.49%"
"09/05/2001","6,088.45","6,172.09","6,179.24","6,045.57","119.69M","-1.36%"
"09/04/2001","6,172.25","6,234.71","6,293.36","6,172.25","70.41M","-0.98%"
"09/03/2001","6,233.29","6,312.79","6,312.79","6,230.02","7.07M","-1.23%"
"08/31/2001","6,310.70","6,312.76","6,347.71","6,283.40","37.61M","0.01%"
"08/30/2001","6,310.17","6,324.07","6,352.06","6,278.79","67.53M","-0.23%"
"08/29/2001","6,324.91","6,302.42","6,352.94","6,302.42","66.64M","0.35%"
"08/28/2001","6,302.69","6,399.98","6,400.16","6,302.23","64.71M","-1.52%"
"08/27/2001","6,399.93","6,415.88","6,435.60","6,399.93","45.74M","-0.26%"
"08/24/2001","6,416.77","6,294.55","6,417.35","6,292.60","54.78M","1.95%"
"08/23/2001","6,294.29","6,332.14","6,352.35","6,290.87","37.03M","-0.61%"
"08/22/2001","6,333.14","6,288.36","6,346.90","6,288.36","62.18M","0.91%"
"08/21/2001","6,276.09","6,245.71","6,367.57","6,245.66","74.82M","0.49%"
"08/20/2001","6,245.42","6,217.10","6,273.98","6,214.81","67.77M","0.43%"
"08/17/2001","6,218.46","6,443.82","6,443.82","6,189.61","121.09M","-3.52%"
"08/16/2001","6,445.15","6,542.00","6,542.00","6,356.17","113.97M","-1.48%"
"08/15/2001","6,542.15","6,671.14","6,679.53","6,533.89","58.24M","-1.94%"
"08/14/2001","6,671.24","6,655.80","6,700.19","6,655.80","43.40M","0.24%"
"08/13/2001","6,655.11","6,625.78","6,656.72","6,612.18","36.74M","0.40%"
"08/10/2001","6,628.49","6,599.66","6,642.87","6,586.86","55.13M","0.44%"
"08/09/2001","6,599.61","6,650.63","6,650.63","6,592.49","59.84M","-0.78%"
"08/08/2001","6,651.44","6,637.50","6,652.38","6,610.79","76.25M","0.19%"
"08/07/2001","6,638.84","6,633.77","6,670.49","6,600.57","58.99M","0.07%"
"08/06/2001","6,633.94","6,703.09","6,704.52","6,604.27","54.99M","-1.03%"
"08/03/2001","6,702.93","6,707.97","6,708.58","6,670.68","76.62M","-0.07%"
"08/02/2001","6,707.91","6,573.35","6,733.31","6,573.35","114.95M","2.05%"
"08/01/2001","6,573.10","6,475.63","6,593.12","6,475.63","73.46M","1.52%"
"07/31/2001","6,474.40","6,538.86","6,539.90","6,474.24","97.55M","-0.98%"
"07/30/2001","6,538.28","6,523.14","6,575.95","6,513.82","81.21M","0.25%"
"07/27/2001","6,522.20","6,501.65","6,535.19","6,495.37","85.19M","0.30%"
"07/26/2001","6,502.69","6,411.72","6,502.69","6,405.51","108.10M","1.42%"
"07/25/2001","6,411.53","6,382.77","6,421.52","6,382.77","111.65M","0.53%"
"07/24/2001","6,377.81","6,422.86","6,422.86","6,367.34","145.03M","-0.70%"
"07/23/2001","6,422.71","6,389.85","6,424.16","6,380.90","75.24M","0.52%"
"07/20/2001","6,389.27","6,418.42","6,418.42","6,378.68","60.32M","-0.46%"
"07/19/2001","6,418.84","6,388.33","6,432.88","6,387.75","113.91M","0.48%"
"07/18/2001","6,388.26","6,395.32","6,395.32","6,352.13","110.23M","-0.11%"
"07/17/2001","6,395.43","6,378.60","6,421.01","6,378.60","148.22M","0.28%"
"07/16/2001","6,377.31","6,453.06","6,463.78","6,374.03","75.58M","-1.16%"
"07/13/2001","6,452.12","6,471.35","6,491.58","6,416.27","91.79M","-0.29%"
"07/12/2001","6,470.88","6,564.34","6,596.10","6,385.84","154.53M","-1.42%"
"07/11/2001","6,564.14","6,713.54","6,720.67","6,535.98","136.84M","-2.22%"
"07/10/2001","6,713.04","6,709.16","6,777.59","6,708.44","84.21M","0.06%"
"07/09/2001","6,709.13","6,692.40","6,723.19","6,661.18","53.37M","-0.10%"
"07/06/2001","6,715.81","6,816.11","6,822.38","6,710.95","103.10M","-1.45%"
"07/05/2001","6,814.62","6,868.77","6,868.77","6,814.57","134.72M","-0.79%"
"07/04/2001","6,868.89","6,838.87","6,868.89","6,831.83","27.25M","0.41%"
"07/03/2001","6,840.74","6,797.18","6,841.33","6,788.86","61.75M","0.64%"
"07/02/2001","6,797.11","6,666.20","6,797.28","6,658.41","104.69M","1.96%"
"06/29/2001","6,666.17","6,608.59","6,688.38","6,600.81","121.41M","0.89%"
"06/28/2001","6,607.20","6,589.24","6,659.28","6,588.98","122.50M","0.30%"
"06/27/2001","6,587.68","6,582.61","6,616.37","6,557.12","103.99M","0.08%"
"06/26/2001","6,582.17","6,562.65","6,591.35","6,540.92","92.48M","0.30%"
"06/25/2001","6,562.66","6,539.91","6,566.01","6,536.87","77.19M","0.35%"
"06/22/2001","6,539.65","6,543.48","6,594.47","6,526.32","125.53M","-0.06%"
"06/21/2001","6,543.39","6,450.44","6,547.10","6,443.56","146.00M","1.37%"
"06/20/2001","6,455.15","6,364.65","6,469.65","6,364.65","130.20M","1.51%"
"06/19/2001","6,359.06","6,492.35","6,558.34","6,354.04","150.45M","-2.01%"
"06/18/2001","6,489.56","6,667.94","6,676.23","6,489.56","118.13M","-2.72%"
"06/15/2001","6,670.72","6,740.52","6,740.52","6,646.79","129.34M","-1.17%"
"06/14/2001","6,749.80","6,799.90","6,799.90","6,741.81","74.94M","-0.77%"
"06/13/2001","6,802.37","6,796.23","6,863.25","6,770.48","110.22M","0.08%"
"06/12/2001","6,796.82","6,726.95","6,797.15","6,660.97","81.57M","0.97%"
"06/11/2001","6,731.29","6,783.29","6,783.29","6,715.56","60.22M","-0.77%"
"06/08/2001","6,783.72","6,836.61","6,837.32","6,754.88","82.02M","-0.83%"
"06/07/2001","6,840.63","6,784.07","6,895.70","6,765.80","127.67M","0.73%"
"06/06/2001","6,790.98","6,671.77","6,802.59","6,658.23","129.45M","1.78%"
"06/05/2001","6,672.35","6,632.37","6,674.76","6,621.78","124.94M","0.61%"
"06/04/2001","6,631.75","6,621.53","6,640.61","6,570.75","76.99M","0.18%"
"06/01/2001","6,619.66","6,592.91","6,629.98","6,573.60","103.43M","0.37%"
"05/31/2001","6,595.39","6,587.55","6,613.88","6,576.94","115.04M","0.13%"
"05/30/2001","6,586.93","6,666.47","6,666.47","6,578.07","75.61M","-1.18%"
"05/29/2001","6,665.54","6,702.29","6,720.97","6,635.66","96.42M","-0.52%"
"05/28/2001","6,700.33","6,710.87","6,731.19","6,687.14","14.54M","-0.16%"
"05/25/2001","6,711.34","6,714.67","6,741.41","6,672.77","64.02M","-0.05%"
"05/24/2001","6,714.47","6,782.58","6,813.86","6,679.22","140.63M","-1.00%"
"05/23/2001","6,782.51","6,643.82","6,831.95","6,614.44","197.18M","1.97%"
"05/22/2001","6,651.27","6,573.31","6,664.75","6,573.31","162.25M","1.22%"
"05/21/2001","6,571.08","6,530.53","6,588.91","6,507.91","159.35M","0.67%"
"05/18/2001","6,527.60","6,393.39","6,564.20","6,388.17","256.64M","2.11%"
"05/17/2001","6,392.77","6,051.02","6,417.01","6,051.02","537.89M","5.95%"
"05/16/2001","6,033.97","5,986.91","6,043.41","5,948.93","90.65M","0.78%"
"05/15/2001","5,987.00","6,041.89","6,053.72","5,985.81","93.50M","-0.91%"
"05/14/2001","6,042.03","6,109.71","6,109.71","6,028.90","62.20M","-1.12%"
"05/11/2001","6,110.36","6,095.71","6,137.47","6,081.68","66.92M","0.30%"
"05/10/2001","6,092.07","6,106.47","6,167.55","6,084.99","114.65M","-0.24%"
"05/09/2001","6,106.42","6,010.49","6,108.81","5,957.91","116.30M","1.60%"
"05/08/2001","6,010.52","6,066.77","6,084.78","6,008.05","82.83M","-0.91%"
"05/07/2001","6,065.58","6,120.77","6,137.43","6,065.45","52.01M","-1.04%"
"05/04/2001","6,129.51","6,139.49","6,139.49","6,079.00","101.11M","-0.16%"
"05/03/2001","6,139.62","6,097.11","6,140.14","6,029.53","104.76M","0.50%"
"05/02/2001","6,109.20","5,993.50","6,122.17","5,992.76","155.47M","2.04%"
"04/30/2001","5,987.25","6,009.28","6,064.20","5,983.60","101.82M","-0.35%"
"04/27/2001","6,008.03","6,007.73","6,069.16","6,004.04","77.52M","0.02%"
"04/26/2001","6,007.10","5,936.87","6,048.45","5,936.87","124.79M","1.24%"
"04/25/2001","5,933.71","5,893.96","5,939.85","5,891.90","89.08M","0.79%"
"04/24/2001","5,887.04","5,895.05","5,949.86","5,859.68","108.26M","0.02%"
"04/23/2001","5,885.60","5,950.64","5,950.93","5,844.81","75.29M","-1.10%"
"04/20/2001","5,950.79","6,029.20","6,036.35","5,941.34","99.63M","-1.30%"
"04/19/2001","6,029.06","6,146.36","6,163.53","6,026.45","145.08M","-1.87%"
"04/18/2001","6,143.86","6,073.23","6,257.87","6,073.23","175.85M","1.24%"
"04/17/2001","6,068.90","5,951.56","6,070.08","5,949.25","121.64M","1.97%"
"04/16/2001","5,951.70","6,005.35","6,020.18","5,950.61","59.67M","-0.79%"
"04/11/2001","5,999.38","5,969.51","6,044.83","5,960.02","81.89M","0.51%"
"04/10/2001","5,968.66","5,759.30","5,971.44","5,759.30","115.24M","3.69%"
"04/09/2001","5,756.36","5,694.69","5,758.92","5,694.69","64.71M","1.07%"
"04/06/2001","5,695.26","5,691.65","5,729.51","5,641.21","64.09M","-0.07%"
"04/05/2001","5,699.34","5,581.18","5,737.02","5,581.18","95.90M","2.25%"
"04/04/2001","5,573.72","5,576.80","5,618.87","5,541.68","81.01M","-0.02%"
"04/03/2001","5,575.05","5,696.57","5,698.42","5,552.81","60.21M","-2.09%"
"04/02/2001","5,694.07","5,733.67","5,799.54","5,694.07","67.08M","-0.59%"
"03/30/2001","5,727.89","5,649.86","5,758.01","5,638.55","67.09M","1.40%"
"03/29/2001","5,648.62","5,703.23","5,715.25","5,622.57","85.99M","-0.91%"
"03/28/2001","5,700.37","5,787.26","5,787.26","5,683.74","50.44M","-1.51%"
"03/27/2001","5,787.48","5,647.09","5,788.72","5,629.79","61.46M","2.48%"
"03/26/2001","5,647.18","5,618.24","5,684.04","5,618.24","46.79M","0.51%"
"03/23/2001","5,618.67","5,642.89","5,669.28","5,556.24","52.64M","-0.32%"
"03/22/2001","5,636.48","5,769.43","5,769.43","5,512.77","98.97M","-2.31%"
"03/20/2001","5,769.67","5,935.75","5,983.81","5,768.42","83.97M","-2.79%"
"03/19/2001","5,935.22","5,878.88","5,955.22","5,817.91","52.46M","0.96%"
"03/16/2001","5,878.57","5,792.57","5,893.95","5,770.06","58.05M","1.48%"
"03/15/2001","5,792.71","5,817.68","5,883.96","5,788.92","66.54M","-0.36%"
"03/14/2001","5,813.84","5,991.81","5,991.81","5,809.55","86.49M","-2.97%"
"03/13/2001","5,991.95","5,974.35","6,004.06","5,906.93","76.71M","0.48%"
"03/12/2001","5,963.37","6,258.81","6,258.81","5,958.49","67.28M","-4.90%"
"03/09/2001","6,270.96","6,360.48","6,360.48","6,252.33","78.13M","-1.42%"
"03/08/2001","6,361.07","6,331.29","6,365.74","6,319.00","79.33M","0.47%"
"03/07/2001","6,331.32","6,253.34","6,333.30","6,253.34","96.80M","1.25%"
"03/06/2001","6,252.95","6,110.57","6,273.14","6,110.57","99.57M","2.34%"
"03/05/2001","6,110.14","6,133.40","6,183.69","6,101.70","53.16M","-0.38%"
"03/02/2001","6,133.34","6,076.82","6,142.71","6,038.38","96.57M","0.87%"
"03/01/2001","6,080.65","6,030.26","6,080.69","5,983.11","95.05M","0.80%"
"02/28/2001","6,032.10","6,065.43","6,100.21","6,016.05","71.93M","-0.54%"
"02/27/2001","6,065.15","6,058.38","6,126.72","6,023.94","83.64M","0.12%"
"02/26/2001","6,058.02","6,001.32","6,079.23","6,001.32","68.74M","0.99%"
"02/23/2001","5,998.69","6,026.93","6,040.20","5,934.16","89.10M","-0.53%"
"02/22/2001","6,030.76","6,008.84","6,040.68","5,930.94","116.22M","0.38%"
"02/21/2001","6,007.67","6,241.77","6,241.77","5,964.19","150.63M","-3.82%"
"02/20/2001","6,246.36","6,357.57","6,361.13","6,244.02","61.60M","-1.93%"
"02/19/2001","6,369.51","6,367.66","6,374.60","6,335.41","25.95M","0.02%"
"02/16/2001","6,368.49","6,394.76","6,394.76","6,279.83","83.92M","-0.42%"
"02/15/2001","6,395.19","6,362.00","6,434.22","6,361.95","88.28M","0.55%"
"02/14/2001","6,360.09","6,358.14","6,364.15","6,238.49","132.96M","-0.02%"
"02/13/2001","6,361.32","6,423.74","6,428.90","6,351.00","95.46M","-1.08%"
"02/12/2001","6,430.73","6,345.43","6,452.64","6,341.02","94.32M","1.36%"
"02/09/2001","6,344.16","6,320.81","6,344.16","6,311.29","99.35M","0.21%"
"02/08/2001","6,330.97","6,350.49","6,406.19","6,321.12","116.67M","-0.31%"
"02/07/2001","6,350.35","6,468.10","6,508.06","6,340.07","107.66M","-1.50%"
"02/06/2001","6,447.10","6,502.42","6,507.60","6,443.94","47.42M","-1.15%"
"02/02/2001","6,522.23","6,540.74","6,548.66","6,505.38","49.58M","-0.29%"
"02/01/2001","6,540.88","6,496.90","6,559.75","6,465.53","74.25M","0.68%"
"01/31/2001","6,496.89","6,518.07","6,615.83","6,476.65","91.87M","-0.33%"
"01/30/2001","6,518.58","6,418.54","6,576.43","6,418.54","74.01M","1.54%"
"01/29/2001","6,419.78","6,418.61","6,513.28","6,415.30","61.32M","0.02%"
"01/26/2001","6,418.64","6,280.69","6,424.24","6,269.86","63.32M","2.19%"
"01/25/2001","6,281.00","6,311.99","6,345.65","6,263.54","91.03M","-0.49%"
"01/24/2001","6,311.85","6,377.98","6,440.34","6,301.19","103.83M","-1.04%"
"01/23/2001","6,377.94","6,271.26","6,384.72","6,252.38","79.81M","1.70%"
"01/22/2001","6,271.07","6,266.91","6,286.68","6,236.95","60.51M","0.06%"
"01/19/2001","6,267.49","6,197.99","6,325.40","6,197.99","105.68M","1.18%"
"01/18/2001","6,194.30","6,080.71","6,207.51","6,080.71","97.25M","1.91%"
"01/17/2001","6,078.25","6,003.01","6,168.84","6,003.01","98.15M","1.26%"
"01/16/2001","6,002.65","5,998.25","6,020.88","5,954.72","76.48M","0.08%"
"01/15/2001","5,998.02","5,964.39","6,001.43","5,964.39","19.11M","0.53%"
"01/12/2001","5,966.60","5,966.85","6,072.54","5,963.39","99.20M","0.00%"
"01/11/2001","5,966.80","5,804.90","5,982.51","5,782.80","91.66M","2.61%"
"01/10/2001","5,814.98","5,908.81","5,908.81","5,808.60","77.56M","-1.60%"
"01/09/2001","5,909.53","5,915.44","6,030.45","5,902.60","83.98M","-0.11%"
"01/08/2001","5,916.06","5,923.72","5,929.06","5,865.18","78.61M","-0.14%"
"01/05/2001","5,924.33","6,047.24","6,047.24","5,917.89","68.84M","-2.05%"
"01/04/2001","6,048.34","5,858.49","6,049.77","5,857.22","120.35M","3.26%"
"01/03/2001","5,857.45","5,560.07","5,860.19","5,515.83","91.03M","5.41%"
"01/02/2001","5,556.71","5,651.35","5,651.35","5,546.95","33.12M","-1.69%"
"12/29/2000","5,652.19","5,592.07","5,652.19","5,583.98","34.61M","1.08%"
"12/28/2000","5,591.99","5,568.68","5,610.56","5,568.68","37.97M","0.43%"
"12/27/2000","5,568.27","5,504.88","5,590.03","5,488.10","44.56M","1.25%"
"12/26/2000","5,499.40","5,488.94","5,500.79","5,439.77","26.22M","0.13%"
"12/22/2000","5,492.31","5,342.52","5,492.31","5,342.52","53.33M","2.81%"
"12/21/2000","5,342.31","5,245.36","5,342.31","5,220.55","81.51M","2.11%"
"12/20/2000","5,231.85","5,505.33","5,505.33","5,148.02","81.13M","-4.99%"
"12/19/2000","5,506.55","5,539.93","5,631.63","5,499.38","77.48M","-0.73%"
"12/18/2000","5,547.17","5,530.77","5,558.82","5,498.19","59.89M","0.29%"
"12/15/2000","5,531.39","5,643.93","5,643.93","5,469.04","90.26M","-2.02%"
"12/14/2000","5,645.59","5,686.23","5,709.55","5,628.22","65.50M","-0.95%"
"12/13/2000","5,699.76","5,830.73","5,834.86","5,699.65","76.34M","-2.20%"
"12/11/2000","5,828.12","5,798.19","5,850.12","5,798.19","63.55M","0.57%"
"12/08/2000","5,795.09","5,790.39","5,886.64","5,774.66","67.91M","0.17%"
"12/07/2000","5,785.36","5,784.25","5,820.48","5,741.92","51.55M","-0.03%"
"12/06/2000","5,787.35","5,794.05","5,859.91","5,759.70","64.24M","-0.11%"
"12/05/2000","5,793.77","5,533.67","5,794.61","5,533.67","91.93M","4.72%"
"12/04/2000","5,532.64","5,652.35","5,652.35","5,527.65","80.72M","-2.12%"
"11/30/2000","5,652.63","5,904.36","5,904.36","5,650.37","88.69M","-4.31%"
"11/29/2000","5,907.24","5,935.19","6,017.58","5,886.93","65.68M","-0.47%"
"11/28/2000","5,934.93","6,029.39","6,029.39","5,934.93","54.85M","-1.61%"
"11/27/2000","6,032.27","6,067.49","6,106.44","6,012.72","46.27M","-0.50%"
"11/24/2000","6,062.74","5,999.25","6,062.74","5,998.82","32.72M","1.08%"
"11/23/2000","5,998.14","5,926.11","5,998.14","5,926.11","11.39M","1.25%"
"11/22/2000","5,923.92","6,134.34","6,134.34","5,923.92","79.27M","-3.45%"
"11/21/2000","6,135.45","6,303.29","6,303.29","6,135.45","59.13M","-2.67%"
"11/17/2000","6,303.47","6,146.05","6,307.01","6,146.05","76.97M","2.56%"
"11/16/2000","6,146.10","6,153.10","6,180.54","6,094.58","64.67M","-0.12%"
"11/15/2000","6,153.33","6,065.02","6,198.06","6,065.02","73.46M","1.29%"
"11/14/2000","6,075.20","5,915.03","6,083.43","5,915.03","73.70M","2.71%"
"11/13/2000","5,914.84","6,103.44","6,103.44","5,862.82","78.18M","-3.16%"
"11/10/2000","6,107.75","6,227.16","6,227.16","6,098.05","53.95M","-1.75%"
"11/09/2000","6,216.46","6,374.93","6,374.93","6,152.77","71.04M","-2.51%"
"11/08/2000","6,376.75","6,478.92","6,502.60","6,376.15","84.44M","-1.57%"
"11/07/2000","6,478.64","6,353.96","6,478.64","6,326.13","83.28M","1.87%"
"11/06/2000","6,359.91","6,320.03","6,385.71","6,306.50","66.50M","0.64%"
"11/03/2000","6,319.58","6,409.87","6,415.88","6,290.30","86.26M","-1.40%"
"11/01/2000","6,409.04","6,394.80","6,413.40","6,261.56","74.76M","0.23%"
"10/31/2000","6,394.24","6,288.54","6,424.86","6,288.54","119.06M","1.78%"
"10/30/2000","6,282.58","6,208.91","6,312.81","6,200.22","75.28M","1.23%"
"10/27/2000","6,206.37","6,123.75","6,265.56","6,123.75","96.76M","1.35%"
"10/26/2000","6,123.51","6,014.78","6,182.85","6,014.78","76.33M","2.00%"
"10/25/2000","6,003.68","6,079.99","6,144.52","6,001.67","103.68M","-1.28%"
"10/24/2000","6,081.66","5,911.68","6,081.66","5,911.68","86.16M","2.93%"
"10/23/2000","5,908.29","5,942.08","5,959.70","5,865.77","58.24M","-0.59%"
"10/20/2000","5,943.33","5,992.16","6,023.96","5,910.45","84.77M","-0.80%"
"10/19/2000","5,991.25","5,769.07","6,007.37","5,769.07","89.91M","3.85%"
"10/18/2000","5,769.02","5,701.43","5,879.13","5,538.30","90.57M","1.04%"
"10/17/2000","5,709.67","5,775.19","5,775.19","5,564.04","74.89M","-1.37%"
"10/16/2000","5,789.03","5,852.51","5,856.83","5,789.03","44.32M","-1.11%"
"10/13/2000","5,853.95","5,750.78","5,871.46","5,738.29","74.80M","1.78%"
"10/12/2000","5,751.66","5,946.97","5,963.53","5,704.80","93.23M","-3.28%"
"10/11/2000","5,946.93","6,094.72","6,094.72","5,908.83","94.86M","-2.44%"
"10/10/2000","6,095.49","6,142.74","6,142.74","6,085.37","83.25M","-0.75%"
"10/09/2000","6,141.53","6,164.01","6,164.01","6,061.67","60.37M","-0.41%"
"10/06/2000","6,166.88","6,368.85","6,385.69","6,144.94","53.46M","-3.17%"
"10/05/2000","6,368.67","6,343.38","6,378.47","6,323.32","78.68M","0.36%"
"10/04/2000","6,345.53","6,230.81","6,345.85","6,207.13","61.71M","1.84%"
"10/03/2000","6,230.89","6,246.47","6,308.94","6,219.78","72.96M","-0.22%"
"10/02/2000","6,244.65","6,334.64","6,400.75","6,238.17","43.65M","-1.42%"
"09/29/2000","6,334.56","6,474.10","6,475.91","6,332.89","71.70M","-2.18%"
"09/28/2000","6,475.46","6,365.06","6,477.37","6,330.25","57.64M","1.68%"
"09/27/2000","6,368.54","6,461.30","6,492.96","6,353.57","64.61M","-1.40%"
"09/26/2000","6,459.15","6,529.32","6,596.73","6,456.81","63.04M","-1.14%"
"09/25/2000","6,533.58","6,570.54","6,659.68","6,526.66","144.93M","-0.24%"
"09/22/2000","6,549.62","6,554.06","6,554.06","6,382.61","94.39M","-0.14%"
"09/21/2000","6,558.90","6,752.41","6,752.41","6,533.19","58.14M","-2.87%"
"09/20/2000","6,752.47","6,645.03","6,755.16","6,631.32","93.06M","1.78%"
"09/19/2000","6,634.53","6,601.87","6,644.93","6,531.42","84.35M","0.54%"
"09/18/2000","6,599.01","6,835.99","6,837.33","6,598.53","61.50M","-3.46%"
"09/15/2000","6,835.43","6,875.39","6,879.32","6,795.87","31.16M","-0.63%"
"09/14/2000","6,878.89","6,837.12","6,904.24","6,800.15","59.19M","0.67%"
"09/13/2000","6,833.04","6,703.15","6,833.04","6,663.63","66.29M","1.95%"
"09/12/2000","6,702.26","6,794.39","6,794.39","6,664.95","68.88M","-1.46%"
"09/11/2000","6,801.40","6,902.46","6,930.74","6,796.81","50.01M","-1.48%"
"09/08/2000","6,903.48","6,953.10","6,953.10","6,872.22","69.33M","-0.72%"
"09/07/2000","6,953.31","6,810.78","7,025.55","6,810.78","89.61M","2.41%"
"09/06/2000","6,789.73","6,825.05","6,975.79","6,732.64","87.91M","-0.52%"
"09/05/2000","6,824.97","6,747.91","6,834.01","6,687.10","57.38M","0.72%"
"09/04/2000","6,775.97","6,726.30","6,818.85","6,724.71","18.15M","0.80%"
"09/01/2000","6,722.41","6,663.57","6,775.05","6,633.87","66.66M","0.86%"
"08/31/2000","6,664.82","6,573.21","6,730.57","6,573.21","105.27M","1.40%"
"08/30/2000","6,572.91","6,331.85","6,574.67","6,331.85","88.39M","3.82%"
"08/29/2000","6,331.28","6,226.67","6,344.25","6,212.70","45.64M","1.68%"
"08/28/2000","6,226.37","6,181.36","6,242.88","6,171.95","21.07M","0.73%"
"08/25/2000","6,181.15","6,293.96","6,321.19","6,178.31","30.98M","-1.79%"
"08/24/2000","6,293.55","6,367.73","6,370.18","6,291.69","23.38M","-1.15%"
"08/23/2000","6,367.00","6,355.56","6,384.52","6,313.71","28.56M","0.41%"
"08/22/2000","6,341.30","6,348.70","6,384.23","6,309.89","30.83M","-0.06%"
"08/21/2000","6,345.13","6,386.86","6,436.92","6,342.79","19.35M","-0.65%"
"08/18/2000","6,386.66","6,536.69","6,558.88","6,383.71","30.44M","-2.30%"
"08/17/2000","6,536.87","6,477.76","6,552.16","6,476.85","33.10M","0.91%"
"08/16/2000","6,477.98","6,500.40","6,583.92","6,457.62","39.25M","-0.36%"
"08/15/2000","6,501.67","6,507.55","6,523.99","6,459.44","34.24M","-0.07%"
"08/14/2000","6,506.32","6,501.76","6,530.73","6,481.65","22.88M","0.08%"
"08/11/2000","6,501.30","6,475.02","6,608.27","6,415.46","38.80M","0.41%"
"08/10/2000","6,474.81","6,518.82","6,542.18","6,432.28","22.27M","-0.68%"
"08/09/2000","6,519.00","6,674.76","6,714.23","6,507.68","32.55M","-2.26%"
"08/08/2000","6,669.85","6,636.23","6,694.94","6,636.23","36.94M","0.53%"
"08/07/2000","6,635.00","6,581.26","6,636.33","6,565.13","40.46M","0.79%"
"08/04/2000","6,582.67","6,511.36","6,594.34","6,509.17","23.95M","1.13%"
"08/03/2000","6,509.17","6,532.53","6,532.84","6,452.61","29.69M","-0.53%"
"08/02/2000","6,543.93","6,504.21","6,593.55","6,504.21","35.12M","0.56%"
"08/01/2000","6,507.77","6,511.29","6,602.55","6,471.48","45.16M","-0.10%"
"07/31/2000","6,514.21","6,344.87","6,520.81","6,303.52","44.05M","2.68%"
"07/28/2000","6,344.03","6,607.26","6,613.72","6,324.69","48.08M","-3.99%"
"07/27/2000","6,607.49","6,750.67","6,750.67","6,607.07","50.12M","-2.09%"
"07/26/2000","6,748.48","6,716.18","6,748.48","6,684.70","41.93M","0.49%"
"07/25/2000","6,715.60","6,659.86","6,766.57","6,629.28","60.50M","0.86%"
"07/24/2000","6,658.17","6,720.92","6,721.39","6,626.62","31.47M","-0.90%"
"07/21/2000","6,718.73","6,764.89","6,790.16","6,656.76","83.28M","-0.69%"
"07/20/2000","6,765.28","6,870.41","6,964.49","6,713.97","76.45M","-1.43%"
"07/19/2000","6,863.27","7,195.16","7,195.16","6,749.22","139.29M","-4.90%"
"07/18/2000","7,216.58","7,284.50","7,284.50","7,194.65","49.65M","-1.03%"
"07/17/2000","7,291.74","7,435.60","7,436.45","7,258.38","50.58M","-1.94%"
"07/14/2000","7,435.99","7,428.99","7,490.97","7,412.97","52.21M","0.11%"
"07/13/2000","7,428.13","7,417.11","7,486.95","7,408.79","72.80M","0.16%"
"07/12/2000","7,416.34","7,271.82","7,416.34","7,268.23","60.52M","2.07%"
"07/11/2000","7,266.00","7,397.86","7,398.87","7,266.00","72.29M","-1.79%"
"07/10/2000","7,398.70","7,356.08","7,410.68","7,307.49","35.87M","0.38%"
"07/07/2000","7,370.38","7,306.56","7,409.05","7,274.56","72.72M","0.88%"
"07/06/2000","7,306.14","7,372.60","7,376.09","7,249.08","62.48M","-0.90%"
"07/05/2000","7,372.59","7,518.69","7,518.69","7,327.10","91.07M","-1.96%"
"07/04/2000","7,520.04","7,372.91","7,548.57","7,343.32","70.37M","1.99%"
"07/03/2000","7,373.37","6,953.73","7,394.47","6,953.73","94.37M","6.12%"
"06/30/2000","6,948.33","6,835.03","7,035.77","6,834.62","79.78M","1.67%"
"06/29/2000","6,834.08","6,676.32","6,838.18","6,577.16","75.85M","2.36%"
"06/28/2000","6,676.64","6,747.52","6,806.92","6,674.50","59.89M","-1.05%"
"06/27/2000","6,747.32","6,598.88","6,797.18","6,598.34","74.67M","2.24%"
"06/26/2000","6,599.34","6,443.45","6,599.34","6,443.26","43.62M","2.70%"
"06/23/2000","6,425.57","6,576.15","6,576.73","6,396.45","45.52M","-2.21%"
"06/22/2000","6,570.67","6,686.68","6,784.50","6,552.38","64.44M","-1.74%"
"06/21/2000","6,687.00","6,520.76","6,727.07","6,506.26","76.21M","2.54%"
"06/20/2000","6,521.22","6,552.47","6,584.24","6,485.24","68.83M","-0.46%"
"06/19/2000","6,551.25","6,453.07","6,553.09","6,377.30","61.25M","1.52%"
"06/16/2000","6,452.90","6,563.21","6,580.87","6,434.11","46.88M","-1.69%"
"06/15/2000","6,563.61","6,669.46","6,705.57","6,562.52","107.60M","-1.55%"
"06/14/2000","6,667.20","6,540.34","6,729.81","6,540.34","132.51M","1.96%"
"06/13/2000","6,539.20","6,405.60","6,547.21","6,382.78","132.41M","2.10%"
"06/12/2000","6,405.00","6,399.18","6,447.03","6,344.88","65.88M","0.10%"
"06/09/2000","6,398.73","6,365.47","6,493.29","6,365.47","88.02M","0.53%"
"06/08/2000","6,364.91","6,239.13","6,396.12","6,235.82","86.11M","2.03%"
"06/07/2000","6,238.41","6,249.33","6,323.06","6,102.09","104.59M","-0.20%"
"06/06/2000","6,250.69","6,554.69","6,554.69","6,247.29","70.49M","-4.64%"
"06/05/2000","6,554.89","6,626.04","6,661.71","6,554.71","78.28M","-1.09%"
"06/02/2000","6,627.34","6,178.32","6,639.84","6,178.32","123.70M","7.27%"
"06/01/2000","6,178.06","5,961.24","6,178.99","5,960.86","72.77M","3.64%"
"05/31/2000","5,961.14","5,998.78","6,060.95","5,901.49","76.62M","-0.62%"
"05/30/2000","5,998.48","5,730.51","5,998.78","5,730.51","73.01M","4.72%"
"05/29/2000","5,728.00","5,652.61","5,729.67","5,652.61","10.58M","1.34%"
"05/26/2000","5,652.29","5,666.20","5,670.40","5,548.84","55.96M","-0.21%"
"05/25/2000","5,664.25","5,801.33","5,898.62","5,663.66","90.81M","-2.34%"
"05/24/2000","5,800.03","5,590.87","5,802.35","5,516.77","82.88M","3.69%"
"05/23/2000","5,593.58","5,655.95","5,771.20","5,591.30","72.05M","-1.11%"
"05/22/2000","5,656.45","5,863.64","5,863.64","5,628.89","45.64M","-3.53%"
"05/19/2000","5,863.68","6,111.33","6,111.52","5,810.97","74.78M","-4.08%"
"05/18/2000","6,113.05","6,185.46","6,225.15","6,086.01","36.31M","-1.23%"
"05/17/2000","6,189.09","6,365.44","6,365.44","6,162.60","44.10M","-2.79%"
"05/16/2000","6,366.69","6,345.03","6,458.77","6,305.23","93.87M","0.37%"
"05/15/2000","6,343.29","6,259.01","6,368.89","6,238.96","53.84M","1.41%"
"05/12/2000","6,255.35","6,119.36","6,259.61","6,119.36","73.31M","2.47%"
"05/11/2000","6,104.83","6,085.55","6,215.07","6,085.55","73.47M","0.34%"
"05/10/2000","6,083.98","6,192.33","6,194.96","6,046.63","90.36M","-1.81%"
"05/09/2000","6,196.09","6,323.10","6,345.67","6,156.56","98.97M","-2.03%"
"05/08/2000","6,324.42","6,504.48","6,504.48","6,301.00","48.83M","-2.77%"
"05/04/2000","6,504.42","6,430.33","6,523.12","6,415.73","187.98M","1.39%"
"05/03/2000","6,415.51","6,611.43","6,611.43","6,324.93","44.42M","-2.98%"
"05/02/2000","6,612.50","6,641.97","6,789.76","6,594.10","49.57M","-0.42%"
"04/28/2000","6,640.68","6,849.25","6,865.52","6,640.12","48.15M","-2.98%"
"04/27/2000","6,844.78","6,747.94","6,848.22","6,570.45","71.90M","1.39%"
"04/26/2000","6,751.07","6,790.74","6,955.67","6,717.49","90.79M","-0.09%"
"04/25/2000","6,756.95","6,448.29","6,756.95","6,448.29","62.13M","4.85%"
"04/24/2000","6,444.13","6,443.45","6,463.94","6,367.01","41.44M","-0.04%"
"04/19/2000","6,446.67","6,680.62","6,688.84","6,396.64","349.48M","-3.55%"
"04/18/2000","6,684.00","6,318.39","6,684.00","6,305.84","143.69M","5.96%"
"04/17/2000","6,308.26","6,329.42","6,412.88","6,120.97","91.64M","-0.12%"
"04/14/2000","6,315.91","6,859.87","6,859.87","6,273.23","96.08M","-7.93%"
"04/13/2000","6,860.26","7,017.12","7,024.27","6,854.86","116.88M","-2.23%"
"04/12/2000","7,016.69","7,233.42","7,263.68","7,016.69","66.57M","-3.01%"
"04/11/2000","7,234.71","7,371.82","7,371.82","7,219.59","101.38M","-1.91%"
"04/10/2000","7,375.54","7,547.81","7,566.95","7,375.22","34.43M","-2.18%"
"04/07/2000","7,540.09","7,467.92","7,639.38","7,467.92","87.21M","1.03%"
"04/06/2000","7,462.93","7,273.10","7,462.93","7,273.10","65.56M","2.61%"
"04/05/2000","7,272.84","7,192.26","7,328.42","7,092.61","122.56M","1.08%"
"04/04/2000","7,194.83","7,386.31","7,428.82","6,932.46","117.69M","-2.49%"
"04/03/2000","7,378.82","7,459.75","7,459.75","7,272.65","76.47M","-1.26%"
"03/31/2000","7,473.25","7,624.74","7,662.47","7,473.25","78.33M","-1.73%"
"03/30/2000","7,604.49","7,883.45","7,883.45","7,529.16","76.37M","-3.56%"
"03/29/2000","7,885.23","7,947.21","7,997.27","7,798.63","79.92M","-0.84%"
"03/28/2000","7,952.20","8,137.57","8,137.57","7,950.59","51.25M","-2.30%"
"03/27/2000","8,139.50","8,094.87","8,222.93","8,077.26","44.45M","0.57%"
"03/24/2000","8,093.58","7,944.07","8,109.35","7,944.07","88.79M","1.89%"
"03/23/2000","7,943.51","7,782.39","7,990.04","7,754.09","103.41M","2.07%"
"03/22/2000","7,782.61","7,930.02","7,998.31","7,733.41","80.11M","-1.57%"
"03/20/2000","7,906.39","7,986.23","8,062.62","7,906.39","52.99M","-0.99%"
"03/17/2000","7,985.34","7,980.11","8,081.82","7,962.39","69.59M","0.04%"
"03/16/2000","7,982.42","7,988.16","8,120.05","7,916.94","102.56M","-0.07%"
"03/15/2000","7,987.85","7,835.69","7,990.47","7,744.83","103.32M","1.94%"
"03/14/2000","7,835.63","8,008.86","8,126.26","7,805.58","107.68M","-2.10%"
"03/13/2000","8,003.72","8,173.47","8,173.47","7,929.17","106.13M","-2.12%"
"03/10/2000","8,177.42","8,320.95","8,417.33","8,161.79","150.77M","-1.71%"
"03/09/2000","8,319.67","8,296.49","8,399.52","8,269.08","137.61M","0.29%"
"03/08/2000","8,295.20","8,006.23","8,295.39","8,006.23","112.06M","3.61%"
"03/07/2000","8,005.95","7,966.84","8,307.46","7,895.26","144.09M","0.52%"
"03/06/2000","7,964.87","8,114.39","8,114.83","7,957.37","77.18M","-2.05%"
"03/03/2000","8,131.27","8,008.39","8,207.08","8,008.39","137.45M","1.54%"
"03/02/2000","8,007.76","7,618.05","8,008.68","7,618.05","214.17M","5.16%"
"03/01/2000","7,614.83","7,368.66","7,620.86","7,368.66","106.78M","3.34%"
"02/29/2000","7,368.55","7,339.22","7,411.49","7,329.81","62.96M","0.43%"
"02/28/2000","7,336.65","7,304.67","7,376.06","7,283.01","55.29M","0.44%"
"02/25/2000","7,304.35","7,410.97","7,467.95","7,302.67","61.57M","-1.44%"
"02/24/2000","7,410.82","7,462.31","7,514.99","7,334.90","81.52M","-0.69%"
"02/23/2000","7,462.12","7,235.68","7,487.12","7,235.68","80.30M","3.14%"
"02/22/2000","7,234.76","7,315.93","7,353.62","7,180.02","73.21M","-1.10%"
"02/21/2000","7,314.97","7,345.89","7,351.22","7,296.32","23.91M","-0.42%"
"02/18/2000","7,345.57","7,538.81","7,548.31","7,314.90","80.83M","-2.56%"
"02/17/2000","7,538.19","7,603.22","7,681.92","7,521.90","70.75M","-0.82%"
"02/16/2000","7,600.72","7,513.91","7,642.35","7,513.91","104.16M","0.34%"
"02/15/2000","7,574.64","7,557.04","7,614.37","7,403.95","106.21M","0.22%"
"02/14/2000","7,558.23","7,623.74","7,644.49","7,526.07","70.33M","-0.86%"
"02/11/2000","7,623.47","7,726.38","7,818.01","7,550.44","129.99M","-1.30%"
"02/10/2000","7,723.86","7,471.14","7,738.44","7,471.14","130.15M","3.41%"
"02/09/2000","7,469.16","7,583.83","7,643.85","7,448.49","113.91M","-1.51%"
"02/08/2000","7,583.51","7,594.88","7,802.12","7,433.59","145.35M","-0.12%"
"02/07/2000","7,592.57","7,237.61","7,594.23","7,237.61","129.94M","4.92%"
"02/04/2000","7,236.54","7,043.74","7,372.16","7,043.74","141.21M","2.75%"
"02/03/2000","7,043.10","6,771.42","7,095.93","6,771.42","162.29M","4.04%"
"02/02/2000","6,769.81","6,733.77","6,809.67","6,688.84","87.44M","0.43%"
"02/01/2000","6,740.52","6,585.76","6,747.36","6,566.51","87.33M","2.35%"
"01/31/2000","6,585.67","6,649.98","6,649.98","6,510.84","66.50M","-0.94%"
"01/28/2000","6,648.48","6,853.71","6,853.71","6,627.67","66.47M","-3.00%"
"01/27/2000","6,854.39","6,920.75","7,010.78","6,839.18","57.27M","-0.93%"
"01/26/2000","6,918.94","6,885.39","6,976.12","6,862.32","56.30M","0.48%"
"01/25/2000","6,885.88","6,855.84","6,911.67","6,784.39","61.96M","0.45%"
"01/24/2000","6,855.35","6,890.83","7,098.20","6,855.35","72.18M","-0.51%"
"01/21/2000","6,890.78","7,037.26","7,083.29","6,862.67","64.86M","-2.07%"
"01/20/2000","7,036.79","7,172.29","7,192.66","6,991.48","69.27M","-1.87%"
"01/19/2000","7,171.20","7,303.01","7,310.98","7,170.85","61.19M","-1.81%"
"01/18/2000","7,303.32","7,446.89","7,446.89","7,302.45","72.98M","-1.93%"
"01/17/2000","7,447.12","7,380.62","7,447.46","7,370.64","16.44M","0.89%"
"01/14/2000","7,381.49","7,278.61","7,394.22","7,278.61","90.71M","1.47%"
"01/13/2000","7,274.52","7,174.33","7,426.41","7,174.33","93.90M","1.40%"
"01/12/2000","7,174.10","7,153.86","7,174.48","7,091.07","52.58M","0.43%"
"01/11/2000","7,143.13","7,332.34","7,363.11","7,077.89","77.50M","-2.60%"
"01/10/2000","7,333.70","7,047.92","7,337.43","7,047.92","80.27M","4.07%"
"01/07/2000","7,047.09","6,768.86","7,054.29","6,768.86","92.28M","4.38%"
"01/06/2000","6,751.65","6,784.00","6,822.46","6,742.91","59.04M","-0.19%"
"01/05/2000","6,764.31","6,674.93","6,781.03","6,524.28","104.22M","1.33%"
"01/04/2000","6,675.27","7,074.71","7,074.71","6,673.36","107.19M","-5.69%"
"01/03/2000","7,077.71","7,185.71","7,278.77","7,059.45","53.48M","-0.73%"
"12/30/1999","7,129.88","7,120.15","7,147.37","7,089.69","15.38M","0.11%"
"12/29/1999","7,121.79","7,011.67","7,180.33","7,011.67","21.01M","1.63%"
"12/28/1999","7,007.75","6,986.20","7,017.51","6,968.88","46.56M","0.31%"
"12/27/1999","6,986.38","6,925.16","6,995.25","6,767.22","43.31M","0.88%"
"12/24/1999","6,925.76","6,934.13","6,950.21","6,922.30","12.85M","-0.12%"
"12/23/1999","6,933.78","6,835.49","6,933.78","6,835.28","54.05M","1.44%"
"12/22/1999","6,835.28","6,977.08","7,004.29","6,835.28","48.45M","-2.03%"
"12/21/1999","6,976.75","6,943.34","6,978.71","6,921.97","45.53M","0.48%"
"12/20/1999","6,943.10","6,960.29","6,981.13","6,910.22","74.52M","-0.23%"
"12/17/1999","6,959.35","6,859.58","6,997.13","6,859.58","65.04M","1.46%"
"12/16/1999","6,859.03","6,773.51","6,874.59","6,773.51","102.81M","1.28%"
"12/15/1999","6,772.15","6,653.54","6,816.98","6,633.01","109.20M","1.77%"
"12/14/1999","6,654.22","6,725.21","6,725.21","6,643.44","70.77M","-1.06%"
"12/13/1999","6,725.55","6,783.73","6,783.73","6,673.41","42.12M","-0.82%"
"12/10/1999","6,781.39","6,718.76","6,797.59","6,718.76","56.85M","0.94%"
"12/09/1999","6,718.33","6,666.01","6,894.08","6,666.01","133.06M","0.80%"
"12/08/1999","6,665.03","6,398.18","6,667.71","6,398.18","91.11M","4.18%"
"12/07/1999","6,397.84","6,428.50","6,487.97","6,384.73","79.57M","-0.43%"
"12/06/1999","6,425.70","6,469.73","6,528.54","6,425.70","70.15M","-0.69%"
"12/03/1999","6,470.41","6,373.31","6,508.06","6,373.31","77.76M","1.57%"
"12/02/1999","6,370.50","6,204.29","6,411.17","6,204.29","69.54M","2.73%"
"12/01/1999","6,201.14","6,136.42","6,214.97","6,129.20","51.05M","1.05%"
"11/30/1999","6,136.47","6,302.76","6,303.44","6,116.08","51.58M","-2.64%"
"11/29/1999","6,303.10","6,305.27","6,335.09","6,289.34","49.70M","-0.54%"
"11/26/1999","6,337.45","6,327.93","6,338.53","6,262.23","51.06M","0.17%"
"11/25/1999","6,326.49","6,182.72","6,332.31","6,182.64","58.00M","2.34%"
"11/24/1999","6,182.04","6,109.73","6,186.05","6,070.67","64.96M","1.17%"
"11/23/1999","6,110.75","6,091.28","6,120.99","6,018.85","60.17M","0.30%"
"11/22/1999","6,092.26","6,295.97","6,295.97","6,090.49","51.60M","-3.09%"
"11/19/1999","6,286.68","6,194.69","6,318.73","6,187.52","105.54M","1.48%"
"11/18/1999","6,195.03","6,103.40","6,197.36","6,103.18","92.41M","1.50%"
"11/17/1999","6,103.62","6,101.59","6,172.20","6,079.96","79.87M","0.03%"
"11/16/1999","6,101.86","6,115.31","6,139.17","6,062.66","80.72M","-0.22%"
"11/15/1999","6,115.10","6,035.31","6,135.07","6,027.56","63.17M","1.33%"
"11/12/1999","6,034.76","6,088.48","6,118.16","5,992.22","49.20M","-0.85%"
"11/11/1999","6,086.30","5,965.31","6,095.57","5,965.31","119.83M","2.05%"
"11/10/1999","5,963.84","5,866.70","5,968.39","5,840.60","75.90M","1.64%"
"11/09/1999","5,867.38","5,946.90","5,953.11","5,830.33","69.79M","-1.29%"
"11/08/1999","5,943.96","5,919.48","5,990.79","5,885.17","58.68M","0.41%"
"11/05/1999","5,919.97","5,818.92","5,920.11","5,818.92","112.70M","1.77%"
"11/04/1999","5,817.04","5,793.98","5,907.59","5,777.72","135.72M","0.40%"
"11/03/1999","5,793.85","5,482.49","5,813.07","5,482.49","170.22M","5.73%"
"11/01/1999","5,479.79","5,451.75","5,504.17","5,449.83","46.29M","0.54%"
"10/29/1999","5,450.37","5,329.20","5,509.16","5,329.20","136.77M","2.29%"
"10/28/1999","5,328.52","5,142.27","5,348.79","5,142.27","94.95M","3.62%"
"10/27/1999","5,142.22","5,135.51","5,146.41","5,102.78","48.00M","0.14%"
"10/26/1999","5,134.96","5,131.12","5,177.10","5,123.41","47.48M","0.07%"
"10/25/1999","5,131.58","5,155.38","5,155.38","5,119.16","23.66M","-0.47%"
"10/22/1999","5,156.06","5,108.85","5,165.28","5,108.85","46.17M","0.99%"
"10/21/1999","5,105.27","5,121.71","5,170.77","5,061.58","63.08M","-0.33%"
"10/20/1999","5,122.39","5,055.53","5,124.26","5,055.53","41.43M","1.42%"
"10/19/1999","5,050.48","4,908.84","5,057.07","4,908.84","61.42M","2.91%"
"10/18/1999","4,907.47","4,832.22","4,907.47","4,749.65","52.67M","1.71%"
"10/15/1999","4,825.05","5,029.35","5,029.35","4,805.94","60.89M","-4.09%"
"10/14/1999","5,030.61","5,075.80","5,107.67","5,013.77","63.01M","-0.90%"
"10/13/1999","5,076.14","5,203.02","5,209.82","5,075.67","55.34M","-2.43%"
"10/12/1999","5,202.82","5,331.70","5,331.70","5,202.82","80.01M","-2.40%"
"10/11/1999","5,331.02","5,284.75","5,334.56","5,281.52","46.65M","0.91%"
"10/08/1999","5,282.96","5,185.09","5,306.71","5,181.40","64.84M","1.92%"
"10/07/1999","5,183.68","5,116.59","5,239.97","5,116.59","84.34M","1.32%"
"10/06/1999","5,116.25","4,987.69","5,119.33","4,987.69","64.62M","2.54%"
"10/05/1999","4,989.66","5,044.15","5,074.24","4,961.18","37.25M","-1.09%"
"10/04/1999","5,044.61","4,987.50","5,047.52","4,987.50","23.16M","1.19%"
"10/01/1999","4,985.21","5,039.70","5,055.57","4,966.54","25.46M","-1.29%"
"09/30/1999","5,050.46","5,081.56","5,103.02","5,048.53","39.59M","-0.58%"
"09/29/1999","5,079.75","5,092.14","5,119.50","5,076.56","52.22M","-0.23%"
"09/28/1999","5,091.69","5,055.21","5,131.97","5,033.86","67.66M","0.71%"
"09/27/1999","5,055.76","4,981.09","5,064.60","4,980.48","76.19M","1.50%"
"09/24/1999","4,980.88","4,973.60","5,030.36","4,943.09","70.93M","0.14%"
"09/23/1999","4,973.93","4,994.11","5,123.98","4,969.45","86.59M","-0.36%"
"09/22/1999","4,991.76","4,919.75","4,993.16","4,895.79","53.84M","1.46%"
"09/21/1999","4,919.79","4,998.70","4,998.70","4,911.57","48.42M","-1.58%"
"09/20/1999","4,998.83","4,950.82","4,998.83","4,946.58","43.04M","0.95%"
"09/17/1999","4,951.68","4,971.26","4,981.82","4,949.46","30.24M","-0.37%"
"09/15/1999","4,970.24","4,972.25","5,040.18","4,957.33","70.34M","0.01%"
"09/14/1999","4,969.85","5,015.67","5,017.98","4,966.79","38.19M","-0.92%"
"09/13/1999","5,016.12","4,978.49","5,016.15","4,930.82","33.22M","0.73%"
"09/10/1999","4,979.93","4,829.60","4,983.18","4,829.60","52.50M","3.13%"
"09/09/1999","4,828.92","4,854.25","4,881.70","4,813.77","41.53M","-0.52%"
"09/08/1999","4,854.28","4,908.70","4,962.25","4,838.43","47.65M","-1.14%"
"09/07/1999","4,910.06","5,050.66","5,051.00","4,893.66","43.26M","-2.79%"
"09/06/1999","5,051.00","5,029.29","5,053.02","5,026.40","4.21M","0.49%"
"09/03/1999","5,026.57","5,022.07","5,113.73","5,016.06","42.73M","0.14%"
"09/02/1999","5,019.35","5,085.52","5,085.52","4,990.22","53.45M","-1.33%"
"08/31/1999","5,086.87","5,174.57","5,180.67","5,086.38","64.64M","-1.70%"
"08/30/1999","5,174.80","5,253.01","5,253.35","5,169.59","30.62M","-1.48%"
"08/27/1999","5,252.33","5,349.61","5,352.00","5,249.89","30.61M","-1.82%"
"08/26/1999","5,349.94","5,380.64","5,468.07","5,349.94","70.51M","-0.56%"
"08/25/1999","5,379.85","5,245.98","5,381.28","5,209.08","57.42M","2.59%"
"08/24/1999","5,244.11","5,214.66","5,317.73","5,204.36","63.46M","0.56%"
"08/23/1999","5,215.15","5,099.49","5,215.15","5,099.49","43.34M","2.27%"
"08/20/1999","5,099.26","5,148.62","5,195.50","5,075.85","36.51M","-0.95%"
"08/19/1999","5,148.42","5,166.02","5,175.79","5,096.21","36.30M","-0.37%"
"08/18/1999","5,167.72","5,280.09","5,280.09","5,167.66","23.17M","-2.12%"
"08/17/1999","5,279.89","5,301.48","5,320.97","5,225.46","57.01M","-0.39%"
"08/16/1999","5,300.46","5,369.63","5,370.54","5,273.49","23.28M","-1.28%"
"08/13/1999","5,369.02","5,218.07","5,370.23","5,218.07","43.79M","2.90%"
"08/12/1999","5,217.52","5,181.90","5,325.69","5,181.90","83.25M","0.71%"
"08/11/1999","5,180.88","5,060.01","5,199.50","5,026.63","70.61M","2.42%"
"08/10/1999","5,058.31","5,072.41","5,072.62","4,940.23","44.82M","-0.26%"
"08/09/1999","5,071.70","5,030.92","5,083.89","5,028.21","40.55M","0.84%"
"08/06/1999","5,029.66","5,147.85","5,160.40","5,021.60","40.43M","-2.35%"
"08/05/1999","5,150.79","5,144.01","5,151.52","5,016.57","72.49M","0.15%"
"08/04/1999","5,142.91","5,178.16","5,265.60","5,135.84","61.79M","-0.68%"
"08/03/1999","5,178.09","5,108.33","5,178.09","5,077.38","57.41M","1.40%"
"08/02/1999","5,106.77","5,258.36","5,306.11","5,101.32","52.40M","-2.92%"
"07/30/1999","5,260.35","5,268.33","5,311.09","5,237.32","73.12M","-0.14%"
"07/29/1999","5,267.68","5,483.01","5,483.01","5,260.42","99.25M","-3.94%"
"07/28/1999","5,483.75","5,417.66","5,506.49","5,401.37","76.34M","1.43%"
"07/27/1999","5,406.65","5,430.37","5,482.64","5,338.47","74.02M","-0.39%"
"07/26/1999","5,427.61","5,605.84","5,605.84","5,423.80","58.71M","-3.31%"
"07/23/1999","5,613.19","5,785.36","5,791.57","5,546.30","98.21M","-2.96%"
"07/22/1999","5,784.69","5,863.14","5,881.09","5,778.71","90.26M","-1.25%"
"07/21/1999","5,857.63","5,816.83","5,874.05","5,816.83","44.98M","0.73%"
"07/20/1999","5,814.97","5,911.79","5,913.55","5,812.20","59.92M","-1.65%"
"07/19/1999","5,912.29","5,886.75","5,918.63","5,866.88","51.19M","0.44%"
"07/16/1999","5,886.41","5,875.19","5,895.74","5,835.70","61.30M","0.18%"
"07/15/1999","5,875.97","5,836.61","5,907.02","5,836.27","34.53M","0.70%"
"07/14/1999","5,834.89","5,845.50","5,890.76","5,834.20","59.98M","-0.17%"
"07/13/1999","5,844.60","5,768.44","5,844.60","5,685.62","50.41M","1.30%"
"07/12/1999","5,769.37","5,890.36","5,896.93","5,768.31","47.84M","-2.03%"
"07/09/1999","5,888.87","5,890.18","5,907.55","5,873.45","70.20M","-0.03%"
"07/08/1999","5,890.48","5,931.19","6,027.58","5,886.85","64.61M","-0.69%"
"07/07/1999","5,931.24","5,918.54","5,966.22","5,906.91","60.52M","0.21%"
"07/06/1999","5,918.72","5,955.07","6,003.95","5,917.91","93.63M","-0.62%"
"07/05/1999","5,955.53","5,887.70","5,959.93","5,886.72","23.57M","1.15%"
"07/02/1999","5,887.61","5,855.64","5,913.60","5,811.51","67.14M","0.56%"
"07/01/1999","5,854.60","5,828.52","5,935.75","5,824.94","121.77M","0.43%"
"06/30/1999","5,829.51","5,645.31","5,829.51","5,630.86","75.42M","3.27%"
"06/29/1999","5,645.07","5,574.88","5,661.15","5,574.70","61.38M","1.27%"
"06/28/1999","5,574.54","5,516.24","5,618.52","5,516.24","60.64M","1.08%"
"06/25/1999","5,515.24","5,549.53","5,586.60","5,515.24","43.64M","-0.61%"
"06/24/1999","5,549.18","5,636.68","5,636.68","5,522.80","83.38M","-1.56%"
"06/23/1999","5,637.35","5,772.50","5,772.50","5,621.64","68.71M","-2.36%"
"06/22/1999","5,773.53","5,814.52","5,866.66","5,771.17","67.76M","-0.86%"
"06/21/1999","5,823.71","5,723.99","5,825.71","5,720.32","51.57M","1.87%"
"06/18/1999","5,716.65","5,659.35","5,721.58","5,612.92","47.60M","0.99%"
"06/17/1999","5,660.66","5,628.30","5,717.32","5,588.24","117.75M","0.57%"
"06/16/1999","5,628.53","5,300.18","5,634.82","5,300.18","118.92M","6.20%"
"06/15/1999","5,299.93","5,117.53","5,335.66","5,117.53","59.29M","3.56%"
"06/14/1999","5,117.85","5,236.39","5,249.52","5,106.75","44.42M","-2.23%"
"06/11/1999","5,234.65","5,366.74","5,371.70","5,223.39","52.29M","-2.46%"
"06/10/1999","5,366.59","5,397.90","5,397.90","5,338.53","36.18M","-0.59%"
"06/09/1999","5,398.42","5,429.57","5,443.06","5,397.45","48.47M","-0.56%"
"06/08/1999","5,428.88","5,421.76","5,498.34","5,415.92","96.56M","0.13%"
"06/07/1999","5,421.94","5,367.58","5,430.49","5,367.58","109.01M","0.94%"
"06/04/1999","5,371.26","5,363.94","5,371.96","5,331.19","50.15M","0.14%"
"06/03/1999","5,363.62","5,400.43","5,407.28","5,348.87","91.53M","-0.68%"
"06/02/1999","5,400.20","5,435.74","5,455.75","5,366.46","54.23M","-0.67%"
"06/01/1999","5,436.42","5,479.49","5,484.44","5,342.83","59.68M","-0.75%"
"05/31/1999","5,477.65","5,423.81","5,477.65","5,423.81","103.93M","1.00%"
"05/28/1999","5,423.57","5,498.29","5,549.53","5,423.57","98.38M","-1.37%"
"05/27/1999","5,498.85","5,620.90","5,654.49","5,495.13","79.94M","-2.13%"
"05/26/1999","5,618.35","5,442.07","5,619.70","5,442.07","74.75M","3.26%"
"05/25/1999","5,441.06","5,493.79","5,537.42","5,373.53","71.99M","-1.05%"
"05/24/1999","5,498.79","5,640.18","5,666.12","5,493.51","58.80M","-2.50%"
"05/21/1999","5,639.50","5,799.83","5,809.68","5,615.98","74.50M","-2.76%"
"05/20/1999","5,799.49","5,731.25","5,802.61","5,723.95","76.38M","1.19%"
"05/19/1999","5,731.20","5,856.30","5,877.55","5,711.91","56.70M","-2.13%"
"05/18/1999","5,856.15","5,851.69","5,924.37","5,830.78","58.27M","0.08%"
"05/17/1999","5,851.50","5,912.75","5,912.75","5,784.85","57.10M","-1.04%"
"05/14/1999","5,913.20","6,021.15","6,021.15","5,890.81","61.02M","-1.82%"
"05/13/1999","6,022.86","5,877.37","6,035.37","5,877.12","75.49M","2.48%"
"05/12/1999","5,877.28","5,980.31","5,980.31","5,872.66","75.69M","-1.74%"
"05/11/1999","5,981.09","6,080.52","6,103.51","5,953.26","92.38M","-1.63%"
"05/10/1999","6,080.47","5,964.71","6,192.86","5,964.71","136.47M","1.95%"
"05/07/1999","5,964.37","5,803.15","5,969.94","5,803.10","138.45M","2.79%"
"05/06/1999","5,802.47","5,565.46","5,803.27","5,565.46","180.24M","4.35%"
"05/04/1999","5,560.63","5,579.33","5,608.58","5,513.16","95.39M","-0.33%"
"05/03/1999","5,579.14","5,414.75","5,584.06","5,414.70","104.56M","3.04%"
"04/30/1999","5,414.45","5,518.33","5,651.96","5,413.55","111.52M","-1.86%"
"04/29/1999","5,517.31","5,458.61","5,554.63","5,458.61","89.29M","1.08%"
"04/28/1999","5,458.16","5,382.06","5,502.30","5,378.12","74.30M","1.41%"
"04/27/1999","5,382.39","5,405.41","5,433.35","5,346.68","70.30M","-0.42%"
"04/26/1999","5,405.15","5,483.45","5,497.15","5,404.53","44.73M","-1.40%"
"04/23/1999","5,481.78","5,476.00","5,529.07","5,440.44","72.68M","0.11%"
"04/22/1999","5,475.67","5,290.04","5,475.67","5,290.04","80.96M","3.62%"
"04/21/1999","5,284.47","5,337.41","5,411.12","5,270.40","66.83M","-1.00%"
"04/20/1999","5,337.64","5,462.33","5,479.68","5,336.89","84.06M","-2.32%"
"04/19/1999","5,464.17","5,557.23","5,686.98","5,460.45","113.92M","-1.66%"
"04/16/1999","5,556.44","5,490.06","5,599.76","5,490.06","110.50M","1.20%"
"04/15/1999","5,490.62","5,298.27","5,538.27","5,298.27","137.32M","3.65%"
"04/14/1999","5,297.35","5,296.40","5,333.88","5,266.51","74.39M","0.02%"
"04/13/1999","5,296.31","5,303.37","5,389.24","5,270.24","110.98M","-0.13%"
"04/12/1999","5,303.28","5,204.83","5,310.83","5,153.87","66.83M","1.89%"
"04/09/1999","5,204.88","5,175.24","5,204.88","5,153.69","50.44M","0.57%"
"04/08/1999","5,175.39","5,123.87","5,189.64","5,097.56","55.88M","1.02%"
"04/07/1999","5,123.13","5,147.83","5,182.65","5,061.77","58.84M","-0.46%"
"04/06/1999","5,146.79","5,102.17","5,174.43","5,102.17","79.14M","0.88%"
"04/05/1999","5,101.94","4,931.05","5,108.40","4,931.05","83.34M","3.48%"
"03/31/1999","4,930.37","4,882.56","4,943.91","4,882.56","42.50M","0.99%"
"03/30/1999","4,882.00","4,839.91","4,910.02","4,807.73","59.47M","0.75%"
"03/29/1999","4,845.43","4,736.19","4,846.48","4,736.19","63.30M","2.30%"
"03/26/1999","4,736.58","4,828.97","4,828.97","4,736.09","52.76M","-1.92%"
"03/25/1999","4,829.20","4,821.41","4,923.38","4,819.91","126.16M","0.20%"
"03/24/1999","4,819.49","4,631.80","4,820.01","4,630.84","90.20M","4.05%"
"03/23/1999","4,632.07","4,715.02","4,715.02","4,618.78","66.49M","-1.77%"
"03/22/1999","4,715.30","4,779.07","4,784.24","4,696.86","48.17M","-1.44%"
"03/19/1999","4,784.33","4,865.13","4,933.40","4,783.39","84.45M","-1.65%"
"03/18/1999","4,864.80","4,855.21","4,872.58","4,815.13","66.05M","0.20%"
"03/17/1999","4,855.17","4,891.16","4,905.40","4,823.70","112.42M","-0.72%"
"03/16/1999","4,890.39","4,770.52","4,895.29","4,769.38","107.39M","2.53%"
"03/15/1999","4,769.90","4,698.34","4,793.85","4,698.16","63.85M","1.54%"
"03/12/1999","4,697.73","4,680.29","4,714.43","4,653.64","65.39M","0.38%"
"03/11/1999","4,679.80","4,729.07","4,874.41","4,675.34","131.83M","-1.03%"
"03/10/1999","4,728.27","4,568.33","4,730.90","4,568.33","100.33M","3.51%"
"03/09/1999","4,568.10","4,460.75","4,583.71","4,460.52","131.81M","2.40%"
"03/08/1999","4,460.85","4,328.50","4,461.54","4,326.18","88.99M","3.07%"
"03/05/1999","4,327.80","4,218.96","4,330.58","4,218.96","77.97M","2.60%"
"03/04/1999","4,218.02","4,128.36","4,374.72","4,128.36","37.36M","2.20%"
"03/03/1999","4,127.38","4,186.75","4,190.17","4,115.89","35.00M","-1.42%"
"03/02/1999","4,186.65","4,217.83","4,237.96","4,185.62","50.73M","-0.74%"
"03/01/1999","4,217.74","4,260.33","4,261.34","4,217.74","26.49M","-1.01%"
"02/26/1999","4,260.80","4,292.19","4,310.47","4,245.14","70.05M","-0.75%"
"02/25/1999","4,292.86","4,270.03","4,302.75","4,259.50","88.42M","0.56%"
"02/24/1999","4,269.12","4,231.20","4,322.33","4,231.20","73.99M","0.88%"
"02/23/1999","4,231.67","4,244.81","4,262.54","4,228.69","49.12M","-0.27%"
"02/22/1999","4,243.18","4,202.17","4,277.65","4,190.97","59.34M","1.03%"
"02/19/1999","4,200.12","4,110.68","4,210.35","4,109.48","53.96M","2.13%"
"02/18/1999","4,112.65","4,077.82","4,126.27","4,077.82","53.94M","0.89%"
"02/17/1999","4,076.34","4,158.20","4,189.10","4,073.57","92.12M","-1.99%"
"02/16/1999","4,159.04","4,103.78","4,170.40","4,103.78","79.28M","1.35%"
"02/15/1999","4,103.60","4,102.12","4,109.41","4,088.70","5.80M","0.06%"
"02/12/1999","4,101.18","4,106.80","4,120.13","4,067.34","66.19M","-0.16%"
"02/11/1999","4,107.74","3,941.63","4,110.53","3,941.63","87.77M","4.22%"
"02/10/1999","3,941.49","3,947.17","3,947.17","3,911.27","58.95M","-0.14%"
"02/09/1999","3,946.94","4,016.70","4,016.70","3,941.62","64.32M","-1.74%"
"02/08/1999","4,016.80","4,013.88","4,043.29","4,000.70","48.02M","0.08%"
"02/04/1999","4,013.55","4,060.61","4,085.27","4,013.28","62.26M","-1.16%"
"02/03/1999","4,060.56","4,016.66","4,073.22","4,009.83","73.28M","1.15%"
"02/02/1999","4,014.58","4,030.54","4,083.55","4,004.11","90.82M","-0.39%"
"02/01/1999","4,030.24","3,960.21","4,036.38","3,946.03","61.19M","1.83%"
"01/29/1999","3,957.93","3,993.94","4,040.15","3,957.93","116.67M","-0.88%"
"01/28/1999","3,992.91","3,815.94","3,993.02","3,815.94","101.22M","4.65%"
"01/27/1999","3,815.35","3,766.01","3,848.59","3,766.01","100.25M","1.31%"
"01/26/1999","3,765.97","3,708.54","3,770.61","3,702.65","74.80M","1.57%"
"01/25/1999","3,707.80","3,697.59","3,707.80","3,657.89","35.18M","0.29%"
"01/22/1999","3,697.03","3,733.61","3,733.61","3,673.88","71.19M","-1.00%"
"01/21/1999","3,734.20","3,774.13","3,780.75","3,717.39","69.45M","-1.09%"
"01/20/1999","3,775.41","3,605.01","3,783.70","3,605.01","76.76M","4.77%"
"01/19/1999","3,603.43","3,637.91","3,642.04","3,526.45","56.71M","-0.94%"
"01/18/1999","3,637.77","3,622.59","3,695.11","3,555.87","31.07M","0.55%"
"01/15/1999","3,617.77","3,358.48","3,637.04","3,358.48","103.05M","7.78%"
"01/14/1999","3,356.59","3,300.35","3,359.31","3,267.97","92.11M","1.70%"
"01/13/1999","3,300.42","3,457.01","3,457.01","3,272.43","120.75M","-4.60%"
"01/12/1999","3,459.64","3,591.36","3,591.36","3,453.88","49.10M","-3.69%"
"01/11/1999","3,592.20","3,638.29","3,638.29","3,530.45","46.15M","-1.27%"
"01/08/1999","3,638.55","3,665.07","3,691.66","3,628.12","63.47M","-0.73%"
"01/07/1999","3,665.25","3,742.91","3,742.91","3,664.64","39.13M","-2.13%"
"01/06/1999","3,745.15","3,754.27","3,801.70","3,718.47","64.05M","-0.39%"
"01/05/1999","3,759.87","3,835.47","3,843.98","3,756.35","35.86M","-1.98%"
"01/04/1999","3,835.73","3,959.49","3,960.26","3,832.14","16.59M","-3.13%"
"12/31/1998","3,959.66","3,960.04","3,960.04","3,916.27","12.23M","-0.03%"
"12/30/1998","3,960.78","3,916.43","3,967.33","3,912.85","20.05M","1.12%"
"12/29/1998","3,916.80","3,942.47","3,942.47","3,899.41","20.48M","-0.66%"
"12/28/1998","3,942.67","4,003.52","4,003.52","3,939.99","14.94M","-1.47%"
"12/24/1998","4,001.35","3,932.92","4,001.35","3,932.92","8.89M","1.81%"
"12/23/1998","3,930.29","3,900.26","3,953.26","3,900.26","29.92M","0.80%"
"12/22/1998","3,899.11","3,905.24","3,906.57","3,873.65","22.97M","-0.27%"
"12/21/1998","3,909.57","3,841.28","3,909.57","3,841.28","30.46M","1.78%"
"12/18/1998","3,841.24","3,792.13","3,843.14","3,783.31","41.64M","1.33%"
"12/17/1998","3,790.85","3,741.81","3,797.92","3,736.11","47.70M","1.33%"
"12/16/1998","3,741.25","3,753.62","3,767.82","3,713.12","45.14M","-0.31%"
"12/15/1998","3,753.04","3,813.23","3,822.79","3,735.81","65.80M","-1.97%"
"12/14/1998","3,828.32","3,885.52","3,915.16","3,774.41","135.55M","-1.37%"
"12/11/1998","3,881.44","3,800.12","3,881.44","3,775.83","86.55M","2.17%"
"12/10/1998","3,798.87","3,805.89","3,816.23","3,780.51","47.90M","-0.17%"
"12/09/1998","3,805.52","3,779.32","3,805.52","3,727.45","54.17M","0.69%"
"12/08/1998","3,779.53","3,807.13","3,860.30","3,778.98","82.28M","-0.72%"
"12/07/1998","3,806.96","3,759.46","3,810.99","3,729.63","56.70M","1.25%"
"12/04/1998","3,759.83","3,702.49","3,759.83","3,702.28","72.99M","1.61%"
"12/03/1998","3,700.19","3,813.11","3,813.11","3,686.22","83.23M","-3.02%"
"12/02/1998","3,815.39","3,750.63","3,826.69","3,725.14","108.81M","1.76%"
"12/01/1998","3,749.38","3,769.36","3,805.69","3,685.52","80.76M","-0.54%"
"11/30/1998","3,769.88","3,992.48","3,993.48","3,762.69","66.88M","-5.57%"
"11/27/1998","3,992.30","4,026.13","4,031.48","3,987.03","24.06M","-0.83%"
"11/26/1998","4,025.66","4,007.73","4,025.95","4,001.90","11.47M","0.44%"
"11/25/1998","4,007.92","4,016.51","4,016.51","3,977.84","70.85M","-0.60%"
"11/24/1998","4,032.18","4,131.03","4,131.03","4,023.81","67.33M","-2.40%"
"11/23/1998","4,131.45","3,995.74","4,131.48","3,995.74","93.52M","3.40%"
"11/19/1998","3,995.62","4,059.45","4,105.05","3,993.16","67.35M","-1.57%"
"11/18/1998","4,059.24","3,956.45","4,064.68","3,952.79","40.39M","2.66%"
"11/17/1998","3,954.20","3,971.75","4,015.23","3,938.28","60.60M","-0.44%"
"11/16/1998","3,971.50","4,008.67","4,030.39","3,961.68","29.59M","-0.90%"
"11/13/1998","4,007.62","4,031.21","4,052.72","3,999.55","71.13M","-0.52%"
"11/12/1998","4,028.70","4,117.48","4,129.58","4,017.19","80.93M","-2.16%"
"11/11/1998","4,117.69","4,143.96","4,188.69","4,105.08","65.51M","-0.61%"
"11/10/1998","4,142.77","4,200.20","4,200.20","4,133.90","50.83M","-1.39%"
"11/09/1998","4,201.24","4,285.48","4,285.48","4,176.75","53.93M","-2.00%"
"11/06/1998","4,286.94","4,261.23","4,288.29","4,244.17","113.30M","0.61%"
"11/05/1998","4,260.98","4,266.81","4,299.44","4,216.21","94.85M","-0.16%"
"11/04/1998","4,267.73","4,128.01","4,293.00","4,128.01","126.40M","3.39%"
"11/03/1998","4,127.85","4,076.30","4,161.23","4,076.30","90.21M","1.30%"
"10/30/1998","4,074.86","3,910.06","4,076.64","3,910.06","135.93M","4.28%"
"10/29/1998","3,907.73","3,842.69","3,907.73","3,788.96","61.23M","1.67%"
"10/28/1998","3,843.68","3,917.23","3,951.26","3,843.68","66.08M","-1.88%"
"10/27/1998","3,917.46","3,994.82","4,037.17","3,904.25","79.08M","-1.93%"
"10/26/1998","3,994.51","3,993.75","4,026.31","3,975.87","44.69M","0.03%"
"10/23/1998","3,993.23","4,025.41","4,097.96","3,972.70","107.13M","-0.81%"
"10/22/1998","4,025.99","3,850.56","4,044.40","3,819.50","108.36M","4.56%"
"10/21/1998","3,850.45","3,795.12","3,850.97","3,737.15","63.83M","0.78%"
"10/20/1998","3,820.49","3,815.24","3,886.17","3,812.66","66.02M","0.20%"
"10/19/1998","3,812.96","3,829.17","3,888.68","3,808.96","41.57M","-0.48%"
"10/16/1998","3,831.33","3,831.59","3,902.47","3,791.41","102.86M","0.01%"
"10/15/1998","3,831.02","3,594.96","3,838.16","3,574.19","67.42M","6.55%"
"10/14/1998","3,595.42","3,577.03","3,635.18","3,551.36","57.88M","0.51%"
"10/13/1998","3,577.24","3,560.40","3,582.60","3,536.21","44.71M","0.47%"
"10/12/1998","3,560.61","3,444.52","3,578.74","3,444.52","61.79M","3.38%"
"10/09/1998","3,444.06","3,387.76","3,452.30","3,354.09","56.79M","1.67%"
"10/08/1998","3,387.46","3,375.05","3,388.50","3,270.76","63.69M","0.36%"
"10/07/1998","3,375.44","3,435.86","3,456.06","3,345.79","61.85M","-1.73%"
"10/06/1998","3,434.82","3,428.29","3,533.84","3,415.28","57.86M","0.20%"
"10/05/1998","3,427.98","3,524.32","3,524.32","3,362.96","40.18M","-2.85%"
"10/02/1998","3,528.65","3,390.47","3,536.98","3,361.19","75.81M","4.08%"
"10/01/1998","3,390.23","3,568.72","3,568.72","3,372.61","64.35M","-5.03%"
"09/30/1998","3,569.88","3,678.73","3,678.73","3,487.83","73.09M","-2.99%"
"09/29/1998","3,679.91","3,734.58","3,736.75","3,628.87","65.36M","-1.00%"
"09/28/1998","3,717.18","3,705.77","3,844.07","3,705.77","84.67M","0.36%"
"09/25/1998","3,703.69","3,688.92","3,710.44","3,541.08","70.29M","0.36%"
"09/24/1998","3,690.48","3,901.36","3,989.86","3,666.76","131.51M","-5.43%"
"09/23/1998","3,902.19","3,579.43","3,902.19","3,579.43","157.85M","9.08%"
"09/22/1998","3,577.36","3,494.78","3,643.59","3,494.78","115.35M","2.37%"
"09/21/1998","3,494.40","3,406.37","3,506.02","3,369.46","68.57M","0.53%"
"09/18/1998","3,475.90","3,395.58","3,497.05","3,377.80","79.83M","2.37%"
"09/17/1998","3,395.48","3,413.07","3,417.24","3,219.49","94.67M","-0.56%"
"09/15/1998","3,414.68","3,022.96","3,417.94","3,008.43","137.43M","12.92%"
"09/14/1998","3,023.90","2,919.02","3,037.22","2,919.02","80.23M","3.64%"
"09/11/1998","2,917.78","2,859.29","2,943.50","2,859.29","140.83M","2.16%"
"09/10/1998","2,856.10","3,166.64","3,166.64","2,844.72","130.82M","-9.82%"
"09/09/1998","3,167.26","3,234.35","3,234.35","3,157.71","57.25M","-2.16%"
"09/08/1998","3,237.24","3,194.95","3,263.07","3,140.66","77.14M","1.34%"
"09/07/1998","3,194.54","3,049.75","3,225.05","3,049.75","29.99M","4.91%"
"09/04/1998","3,045.17","3,102.93","3,121.51","2,968.82","64.17M","-1.84%"
"09/03/1998","3,102.39","3,172.18","3,174.01","3,088.53","57.52M","-2.40%"
"09/02/1998","3,178.56","2,993.93","3,266.85","2,993.93","107.86M","6.24%"
"08/31/1998","2,991.93","3,147.17","3,152.60","2,987.73","60.27M","-5.14%"
"08/28/1998","3,154.14","3,054.99","3,155.81","2,964.65","105.24M","3.22%"
"08/27/1998","3,055.71","3,250.47","3,250.47","3,010.63","95.31M","-6.11%"
"08/26/1998","3,254.44","3,368.17","3,368.17","3,213.13","131.89M","-3.39%"
"08/25/1998","3,368.79","3,413.55","3,471.25","3,327.15","75.11M","-1.30%"
"08/24/1998","3,413.01","3,410.54","3,420.36","3,333.06","30.46M","0.00%"
"08/21/1998","3,413.15","3,495.55","3,495.55","3,225.23","90.93M","-2.45%"
"08/20/1998","3,498.81","3,603.95","3,603.95","3,482.50","69.00M","-2.93%"
"08/19/1998","3,604.36","3,650.28","3,716.63","3,596.48","90.72M","-1.22%"
"08/18/1998","3,648.84","3,533.86","3,655.88","3,518.49","55.68M","3.27%"
"08/17/1998","3,533.14","3,575.45","3,575.45","3,523.74","27.38M","-1.41%"
"08/14/1998","3,583.72","3,581.81","3,672.10","3,573.72","46.92M","0.09%"
"08/13/1998","3,580.55","3,560.68","3,631.36","3,548.67","55.37M","0.53%"
"08/12/1998","3,561.50","3,629.17","3,703.83","3,518.49","54.94M","-1.85%"
"08/11/1998","3,628.45","3,729.90","3,729.90","3,508.87","64.65M","-2.76%"
"08/10/1998","3,731.49","3,829.77","3,844.93","3,730.46","29.64M","-2.95%"
"08/07/1998","3,844.93","3,981.63","4,012.95","3,831.88","55.34M","-3.44%"
"08/06/1998","3,981.73","4,047.04","4,047.04","3,977.02","32.15M","-1.81%"
"08/05/1998","4,055.32","4,072.67","4,099.39","4,007.28","36.12M","-0.41%"
"08/04/1998","4,071.95","4,176.14","4,187.35","4,063.84","46.02M","-2.45%"
"08/03/1998","4,174.34","4,244.19","4,244.19","4,165.21","27.40M","-1.66%"
"07/31/1998","4,244.96","4,351.16","4,354.42","4,242.41","66.59M","-2.45%"
"07/30/1998","4,351.37","4,335.99","4,380.05","4,335.99","40.09M","0.25%"
"07/29/1998","4,340.34","4,344.15","4,412.37","4,301.41","62.00M","-0.08%"
"07/28/1998","4,343.98","4,474.71","4,474.71","4,298.70","39.48M","-2.89%"
"07/27/1998","4,473.04","4,484.22","4,486.39","4,415.08","61.71M","-0.49%"
"07/24/1998","4,495.10","4,484.76","4,524.68","4,446.84","58.09M","0.24%"
"07/23/1998","4,484.50","4,565.69","4,573.35","4,478.56","51.29M","-1.76%"
"07/22/1998","4,564.75","4,552.23","4,570.08","4,509.08","45.42M","0.26%"
"07/21/1998","4,552.74","4,602.41","4,606.36","4,551.28","34.68M","-1.09%"
"07/20/1998","4,602.69","4,678.88","4,681.06","4,591.71","41.61M","-1.54%"
"07/17/1998","4,674.53","4,656.42","4,688.40","4,639.79","44.75M","0.41%"
"07/16/1998","4,655.42","4,594.38","4,697.51","4,594.38","72.00M","1.34%"
"07/15/1998","4,593.78","4,670.14","4,679.17","4,588.53","52.60M","-1.54%"
"07/14/1998","4,665.79","4,630.79","4,727.90","4,630.79","61.23M","0.87%"
"07/13/1998","4,625.38","4,567.18","4,665.14","4,567.18","33.98M","1.28%"
"07/10/1998","4,566.88","4,532.44","4,609.57","4,517.56","37.94M","0.76%"
"07/09/1998","4,532.59","4,573.41","4,611.45","4,519.71","42.68M","-0.89%"
"07/08/1998","4,573.28","4,510.97","4,592.59","4,510.97","70.64M","1.39%"
"07/07/1998","4,510.61","4,405.36","4,530.07","4,402.73","54.97M","2.24%"
"07/06/1998","4,411.88","4,481.58","4,485.68","4,407.21","29.75M","-1.60%"
"07/03/1998","4,483.75","4,430.40","4,483.75","4,425.27","17.56M","1.17%"
"07/02/1998","4,431.80","4,421.73","4,442.29","4,394.62","47.23M","0.22%"
"07/01/1998","4,422.09","4,286.99","4,427.56","4,286.47","55.15M","3.26%"
"06/30/1998","4,282.62","4,185.78","4,286.90","4,185.78","58.07M","2.34%"
"06/29/1998","4,184.56","4,159.43","4,194.53","4,159.43","25.36M","0.64%"
"06/26/1998","4,157.81","4,233.37","4,233.37","4,117.56","49.15M","-1.80%"
"06/25/1998","4,233.92","4,380.34","4,387.92","4,215.59","46.07M","-3.30%"
"06/24/1998","4,378.26","4,387.17","4,403.17","4,356.90","38.21M","-0.22%"
"06/23/1998","4,387.86","4,323.14","4,391.48","4,323.14","59.13M","1.56%"
"06/22/1998","4,320.36","4,353.06","4,353.06","4,276.95","31.33M","-0.77%"
"06/19/1998","4,353.74","4,268.46","4,354.20","4,268.46","48.62M","1.99%"
"06/18/1998","4,268.73","4,341.30","4,342.87","4,257.33","39.98M","-1.66%"
"06/17/1998","4,340.98","4,126.07","4,345.48","4,126.07","72.67M","5.21%"
"06/16/1998","4,125.97","4,049.95","4,146.87","4,049.95","58.64M","1.90%"
"06/15/1998","4,048.99","4,186.25","4,186.25","4,046.59","46.91M","-3.95%"
"06/12/1998","4,215.68","4,289.48","4,289.48","4,097.17","73.61M","-1.72%"
"06/11/1998","4,289.31","4,396.59","4,396.59","4,283.94","51.62M","-2.44%"
"06/10/1998","4,396.80","4,559.30","4,559.30","4,384.11","47.26M","-3.57%"
"06/09/1998","4,559.45","4,597.82","4,597.82","4,544.67","32.23M","-0.84%"
"06/08/1998","4,598.09","4,602.08","4,609.98","4,562.36","16.09M","-0.07%"
"06/05/1998","4,601.26","4,591.84","4,669.22","4,590.61","50.04M","0.20%"
"06/04/1998","4,592.01","4,455.85","4,592.01","4,455.79","49.69M","3.07%"
"06/03/1998","4,455.24","4,480.19","4,509.21","4,454.04","33.59M","-0.55%"
"06/02/1998","4,480.01","4,414.29","4,488.34","4,414.29","48.50M","1.51%"
"06/01/1998","4,413.52","4,527.37","4,527.37","4,399.03","20.97M","-2.57%"
"05/29/1998","4,530.01","4,469.40","4,530.01","4,469.40","41.45M","1.38%"
"05/28/1998","4,468.22","4,486.70","4,548.74","4,453.63","62.84M","-0.27%"
"05/27/1998","4,480.36","4,453.58","4,492.14","4,326.56","64.57M","0.60%"
"05/26/1998","4,453.58","4,612.29","4,612.29","4,448.32","52.53M","-3.44%"
"05/25/1998","4,612.29","4,648.43","4,648.43","4,605.05","6.01M","-0.78%"
"05/22/1998","4,648.43","4,660.44","4,681.45","4,616.66","37.14M","-0.26%"
"05/21/1998","4,660.44","4,608.22","4,660.87","4,593.73","56.64M","1.15%"
"05/20/1998","4,607.34","4,626.88","4,650.81","4,542.59","72.60M","-0.37%"
"05/19/1998","4,624.45","4,646.23","4,680.20","4,601.98","52.39M","-0.47%"
"05/18/1998","4,646.51","4,786.18","4,786.59","4,609.56","54.15M","-2.92%"
"05/15/1998","4,786.18","4,739.18","4,802.55","4,731.52","42.40M","0.99%"
"05/14/1998","4,739.18","4,756.29","4,834.73","4,735.87","46.04M","-0.37%"
"05/13/1998","4,756.60","4,812.14","4,812.14","4,746.70","40.79M","-1.15%"
"05/12/1998","4,812.14","4,843.54","4,843.54","4,749.11","58.06M","-0.65%"
"05/11/1998","4,843.54","4,937.65","4,962.80","4,829.23","45.58M","-1.91%"
"05/08/1998","4,937.65","4,927.01","4,961.44","4,904.63","45.46M","0.22%"
"05/07/1998","4,927.01","4,927.93","4,935.73","4,881.03","50.52M","-0.02%"
"05/06/1998","4,927.93","5,041.15","5,041.66","4,906.06","58.62M","-2.25%"
"05/04/1998","5,041.38","5,098.53","5,103.53","5,030.26","38.92M","-1.12%"
"04/30/1998","5,098.53","5,028.65","5,099.63","5,028.65","84.37M","1.39%"
"04/29/1998","5,028.65","5,035.18","5,035.28","4,980.37","42.50M","-0.13%"
"04/28/1998","5,035.18","4,909.77","5,036.40","4,909.77","65.82M","2.55%"
"04/27/1998","4,909.77","5,086.23","5,086.23","4,893.80","47.07M","-3.47%"
"04/24/1998","5,086.23","5,151.55","5,155.93","5,066.57","40.05M","-1.27%"
"04/23/1998","5,151.55","5,164.97","5,204.64","5,144.72","77.30M","-0.25%"
"04/22/1998","5,164.70","5,185.52","5,196.61","5,155.00","53.29M","-0.40%"
"04/21/1998","5,185.52","5,166.37","5,238.80","5,166.10","90.27M","0.37%"
"04/20/1998","5,166.37","5,083.69","5,167.86","5,083.25","65.81M","1.63%"
"04/17/1998","5,083.69","5,001.55","5,083.69","4,995.32","64.47M","1.64%"
"04/16/1998","5,001.55","4,991.04","5,001.87","4,965.84","31.79M","0.21%"
"04/15/1998","4,991.04","4,961.26","4,992.43","4,948.50","40.06M","0.60%"
"04/14/1998","4,961.26","4,919.06","4,961.26","4,919.06","37.82M","0.86%"
"04/13/1998","4,919.06","4,925.21","4,952.25","4,898.90","31.74M","-0.04%"
"04/08/1998","4,921.15","4,866.70","4,921.15","4,861.80","54.08M","1.12%"
"04/07/1998","4,866.70","4,924.45","4,924.76","4,854.78","19.97M","-1.17%"
"04/06/1998","4,924.45","4,927.91","4,953.61","4,915.23","34.18M","-0.07%"
"04/03/1998","4,927.91","4,984.13","4,990.42","4,907.74","37.11M","-1.13%"
"04/02/1998","4,984.13","4,999.11","5,001.26","4,979.69","31.76M","-0.30%"
"04/01/1998","4,999.11","5,016.22","5,016.29","4,978.05","33.08M","-0.34%"
"03/31/1998","5,016.22","5,038.46","5,065.45","4,985.35","56.76M","-0.44%"
"03/30/1998","5,038.46","5,043.09","5,043.09","5,007.06","28.33M","-0.09%"
"03/27/1998","5,043.09","4,986.23","5,051.93","4,986.23","66.10M","1.14%"
"03/26/1998","4,986.23","4,997.14","4,997.14","4,965.02","61.90M","-0.22%"
"03/25/1998","4,997.14","5,004.65","5,058.53","4,962.18","97.52M","-0.15%"
"03/24/1998","5,004.65","5,041.41","5,118.89","5,004.04","112.66M","-0.74%"
"03/23/1998","5,042.08","4,917.48","5,052.15","4,917.48","56.53M","2.54%"
"03/20/1998","4,917.06","4,852.33","4,925.86","4,852.33","52.84M","1.33%"
"03/19/1998","4,852.33","4,844.41","4,883.42","4,844.41","51.95M","0.16%"
"03/18/1998","4,844.41","4,784.29","4,854.77","4,774.90","53.34M","1.26%"
"03/17/1998","4,784.29","4,725.20","4,785.42","4,690.37","56.04M","1.28%"
"03/16/1998","4,723.84","4,785.41","4,794.12","4,721.91","30.55M","-1.29%"
"03/13/1998","4,785.41","4,758.37","4,822.23","4,758.37","78.76M","0.57%"
"03/12/1998","4,758.37","4,742.18","4,763.21","4,711.71","49.50M","0.34%"
"03/11/1998","4,742.34","4,710.34","4,816.83","4,666.53","72.09M","0.68%"
"03/10/1998","4,710.34","4,812.40","4,818.48","4,699.47","39.39M","-2.12%"
"03/09/1998","4,812.24","4,855.75","4,855.75","4,795.63","47.23M","-0.90%"
"03/06/1998","4,855.75","4,756.84","4,855.75","4,756.84","59.50M","2.08%"
"03/05/1998","4,757.00","4,804.01","4,804.01","4,746.12","37.93M","-0.98%"
"03/04/1998","4,804.13","4,841.26","4,843.58","4,775.97","33.38M","-0.77%"
"03/03/1998","4,841.26","4,850.74","4,882.13","4,830.78","47.90M","-0.20%"
"03/02/1998","4,850.74","4,784.45","4,857.53","4,784.45","55.35M","1.39%"
"02/27/1998","4,784.45","4,775.01","4,799.71","4,751.78","48.02M","0.20%"
"02/26/1998","4,775.01","4,740.22","4,805.96","4,740.22","66.01M","0.73%"
"02/25/1998","4,740.22","4,601.61","4,741.90","4,601.61","91.37M","3.07%"
"02/24/1998","4,598.98","4,561.01","4,623.06","4,535.45","41.81M","0.83%"
"02/23/1998","4,561.01","4,597.71","4,609.22","4,558.26","23.45M","-0.80%"
"02/20/1998","4,597.71","4,606.56","4,619.65","4,567.90","35.96M","-0.19%"
"02/19/1998","4,606.56","4,548.93","4,642.58","4,537.03","55.87M","1.24%"
"02/18/1998","4,550.24","4,513.89","4,550.24","4,447.61","50.26M","0.81%"
"02/17/1998","4,513.89","4,594.13","4,617.51","4,489.52","54.39M","-1.74%"
"02/16/1998","4,593.96","4,611.69","4,611.94","4,576.38","11.55M","-0.47%"
"02/13/1998","4,615.80","4,682.60","4,682.60","4,606.38","38.16M","-1.43%"
"02/12/1998","4,682.60","4,728.80","4,728.80","4,650.40","37.12M","-0.99%"
"02/11/1998","4,729.25","4,721.97","4,736.32","4,689.30","53.06M","0.15%"
"02/10/1998","4,721.97","4,697.53","4,727.54","4,687.05","56.95M","0.52%"
"02/09/1998","4,697.53","4,751.53","4,756.03","4,689.41","42.09M","-1.14%"
"02/06/1998","4,751.53","4,787.35","4,830.29","4,750.31","53.78M","-0.75%"
"02/04/1998","4,787.35","4,765.44","4,825.89","4,724.66","77.34M","0.46%"
"02/03/1998","4,765.44","4,673.09","4,765.44","4,658.47","80.98M","1.98%"
"02/02/1998","4,673.09","4,569.36","4,673.09","4,569.36","69.57M","2.27%"
"01/30/1998","4,569.36","4,481.50","4,577.13","4,472.34","58.90M","2.05%"
"01/29/1998","4,477.60","4,545.79","4,546.06","4,466.83","34.90M","-1.51%"
"01/28/1998","4,546.33","4,584.71","4,632.20","4,525.31","41.30M","-0.81%"
"01/27/1998","4,583.49","4,526.56","4,594.20","4,514.84","44.64M","1.26%"
"01/26/1998","4,526.56","4,542.87","4,549.26","4,509.08","25.70M","-0.36%"
"01/23/1998","4,542.87","4,549.92","4,571.51","4,482.29","49.25M","-0.15%"
"01/22/1998","4,549.92","4,608.67","4,608.67","4,516.41","47.42M","-1.47%"
"01/21/1998","4,617.73","4,691.74","4,691.74","4,584.17","53.00M","-1.58%"
"01/20/1998","4,691.74","4,773.44","4,773.44","4,680.22","42.78M","-1.71%"
"01/19/1998","4,773.44","4,676.68","4,776.85","4,676.68","25.54M","2.19%"
"01/16/1998","4,671.24","4,591.34","4,676.49","4,591.34","58.27M","1.79%"
"01/15/1998","4,589.06","4,650.14","4,650.14","4,520.29","46.22M","-1.31%"
"01/14/1998","4,650.14","4,673.55","4,716.48","4,607.14","72.82M","-0.50%"
"01/13/1998","4,673.55","4,687.49","4,753.24","4,658.39","72.50M","-0.28%"
"01/12/1998","4,686.89","4,547.74","4,687.40","4,461.88","71.92M","3.06%"
"01/09/1998","4,547.74","4,837.12","4,837.12","4,530.76","71.44M","-5.98%"
"01/08/1998","4,837.18","4,936.41","4,936.41","4,825.51","45.07M","-2.14%"
"01/07/1998","4,942.91","5,033.40","5,033.40","4,874.70","52.78M","-1.80%"
"01/06/1998","5,033.40","5,199.63","5,199.63","5,024.55","35.40M","-3.20%"
"01/05/1998","5,199.63","5,204.00","5,220.69","5,152.34","37.23M","-0.08%"
"01/02/1998","5,204.00","5,229.35","5,229.35","5,179.71","15.61M","-0.48%"
"12/31/1997","5,229.35","5,206.44","5,229.35","5,193.62","17.98M","0.44%"
"12/30/1997","5,206.44","5,122.24","5,207.49","5,122.24","44.15M","1.68%"
"12/29/1997","5,120.61","5,034.01","5,122.60","5,034.01","39.38M","1.72%"
"12/26/1997","5,034.01","4,952.89","5,035.08","4,945.04","10.76M","1.64%"
"12/24/1997","4,952.89","4,925.89","4,953.15","4,901.41","38.75M","0.55%"
"12/23/1997","4,925.89","4,931.57","4,935.38","4,891.43","42.10M","-0.12%"
"12/22/1997","4,931.57","4,946.53","4,953.19","4,903.90","25.42M","-0.30%"
"12/19/1997","4,946.53","5,040.91","5,040.91","4,862.02","72.60M","-1.87%"
"12/18/1997","5,040.91","5,111.67","5,119.04","5,028.53","47.94M","-1.39%"
"12/17/1997","5,112.04","5,087.31","5,132.98","5,066.46","73.16M","0.49%"
"12/16/1997","5,087.31","5,009.00","5,102.38","5,003.95","83.16M","1.58%"
"12/15/1997","5,008.14","4,952.54","5,009.11","4,915.03","53.05M","1.11%"
"12/11/1997","4,953.04","5,045.43","5,045.43","4,889.81","103.95M","-1.83%"
"12/10/1997","5,045.43","5,111.87","5,111.87","5,015.39","56.67M","-1.30%"
"12/09/1997","5,111.87","5,110.81","5,112.82","5,073.03","46.06M","0.03%"
"12/08/1997","5,110.38","5,110.16","5,122.39","5,105.34","34.52M","0.00%"
"12/05/1997","5,110.16","5,130.59","5,131.40","5,064.09","46.68M","-0.41%"
"12/04/1997","5,131.14","5,128.34","5,185.36","5,105.54","73.03M","0.06%"
"12/03/1997","5,127.91","5,126.67","5,140.33","5,088.27","52.87M","0.02%"
"12/02/1997","5,126.67","5,118.16","5,136.78","5,082.13","62.88M","0.17%"
"12/01/1997","5,118.16","4,974.57","5,120.89","4,972.46","73.62M","2.89%"
"11/28/1997","4,974.57","4,957.08","4,974.57","4,924.90","28.52M","0.35%"
"11/27/1997","4,957.08","4,897.04","4,957.36","4,897.04","24.04M","1.23%"
"11/26/1997","4,897.04","4,787.07","4,897.76","4,786.07","69.64M","2.30%"
"11/25/1997","4,787.07","4,720.92","4,792.39","4,702.00","41.83M","1.40%"
"11/24/1997","4,720.92","4,829.20","4,829.20","4,689.50","37.35M","-2.30%"
"11/21/1997","4,832.22","4,679.15","4,863.61","4,679.15","72.39M","3.27%"
"11/19/1997","4,679.15","4,594.88","4,680.63","4,583.83","35.90M","1.81%"
"11/18/1997","4,595.85","4,588.11","4,609.14","4,524.08","43.28M","0.17%"
"11/17/1997","4,588.11","4,532.67","4,642.82","4,532.67","40.38M","1.22%"
"11/14/1997","4,532.67","4,449.64","4,535.24","4,431.31","53.41M","1.89%"
"11/13/1997","4,448.78","4,334.79","4,448.78","4,234.42","85.58M","2.63%"
"11/12/1997","4,334.79","4,527.13","4,527.13","4,306.23","84.32M","-4.25%"
"11/11/1997","4,527.13","4,544.39","4,564.83","4,501.35","46.72M","-0.40%"
"11/10/1997","4,545.52","4,664.49","4,693.64","4,514.47","54.33M","-2.55%"
"11/07/1997","4,664.49","4,780.21","4,780.21","4,569.39","61.32M","-2.42%"
"11/06/1997","4,780.21","4,823.68","4,823.68","4,756.40","37.16M","-0.90%"
"11/05/1997","4,823.68","4,853.53","4,868.41","4,804.34","61.01M","-0.62%"
"11/04/1997","4,853.53","4,846.78","4,855.39","4,784.11","50.84M","0.08%"
"11/03/1997","4,849.68","4,649.27","4,858.94","4,649.27","60.54M","4.34%"
"10/31/1997","4,647.84","4,631.78","4,708.59","4,523.03","68.65M","0.40%"
"10/30/1997","4,629.50","4,794.95","4,794.95","4,514.04","88.87M","-3.45%"
"10/29/1997","4,794.95","4,762.33","4,907.70","4,691.33","140.89M","0.68%"
"10/28/1997","4,762.33","4,263.89","4,762.70","3,858.13","166.91M","11.69%"
"10/27/1997","4,263.89","4,920.06","4,920.06","4,254.60","176.34M","-13.34%"
"10/24/1997","4,920.06","5,058.73","5,144.11","4,854.16","122.13M","-2.74%"
"10/23/1997","5,058.73","5,299.19","5,299.19","4,984.81","117.62M","-4.54%"
"10/22/1997","5,299.19","5,369.48","5,375.99","5,285.45","47.25M","-1.31%"
"10/21/1997","5,369.48","5,312.57","5,370.31","5,312.57","40.21M","1.07%"
"10/20/1997","5,312.57","5,275.59","5,312.57","5,260.30","33.55M","0.70%"
"10/17/1997","5,275.59","5,341.76","5,341.76","5,220.26","63.63M","-1.24%"
"10/16/1997","5,341.76","5,345.18","5,396.06","5,341.76","74.71M","-0.06%"
"10/15/1997","5,345.18","5,323.98","5,366.62","5,296.39","60.92M","0.40%"
"10/14/1997","5,323.98","5,252.10","5,324.55","5,251.93","50.69M","1.37%"
"10/13/1997","5,252.10","5,267.27","5,269.29","5,240.50","22.59M","-0.29%"
"10/10/1997","5,267.27","5,255.37","5,267.84","5,219.01","41.71M","0.19%"
"10/09/1997","5,257.28","5,300.82","5,300.82","5,220.58","61.53M","-0.82%"
"10/08/1997","5,300.82","5,361.23","5,374.29","5,261.27","58.13M","-1.12%"
"10/07/1997","5,360.67","5,314.83","5,366.99","5,278.58","54.57M","0.84%"
"10/06/1997","5,315.96","5,314.18","5,353.15","5,301.07","34.00M","0.03%"
"10/03/1997","5,314.18","5,325.53","5,394.58","5,285.80","72.96M","-0.21%"
"10/02/1997","5,325.53","5,355.26","5,363.52","5,315.42","43.45M","-0.54%"
"10/01/1997","5,354.40","5,320.59","5,371.20","5,320.48","60.63M","0.62%"
"09/30/1997","5,321.50","5,269.40","5,324.11","5,258.73","53.41M","0.98%"
"09/29/1997","5,269.68","5,249.95","5,273.35","5,238.81","35.98M","0.38%"
"09/26/1997","5,249.95","5,228.73","5,283.97","5,228.73","65.76M","0.41%"
"09/25/1997","5,228.73","5,210.62","5,242.10","5,173.38","58.88M","0.35%"
"09/24/1997","5,210.62","5,258.52","5,295.49","5,210.27","61.37M","-0.91%"
"09/23/1997","5,258.52","5,279.47","5,329.89","5,244.13","93.88M","-0.38%"
"09/22/1997","5,278.73","5,118.13","5,278.73","5,117.00","73.03M","3.14%"
"09/19/1997","5,118.13","5,074.88","5,149.02","5,074.50","59.83M","0.85%"
"09/18/1997","5,074.88","5,014.32","5,104.56","5,014.32","73.12M","1.30%"
"09/17/1997","5,009.61","4,833.30","5,009.84","4,833.30","67.53M","3.65%"
"09/15/1997","4,833.12","4,848.49","4,880.42","4,833.12","25.06M","-0.32%"
"09/12/1997","4,848.49","4,720.55","4,853.24","4,720.55","50.66M","2.71%"
"09/11/1997","4,720.60","4,822.11","4,832.68","4,698.79","76.87M","-2.11%"
"09/10/1997","4,822.11","4,937.67","4,939.15","4,815.92","47.42M","-2.35%"
"09/09/1997","4,937.96","4,933.41","4,940.60","4,917.58","32.22M","0.09%"
"09/08/1997","4,933.41","4,927.52","4,981.74","4,913.39","41.17M","0.12%"
"09/05/1997","4,927.43","4,891.69","4,945.79","4,888.77","51.54M","0.74%"
"09/04/1997","4,891.46","4,888.81","4,903.46","4,854.92","51.85M","0.05%"
"09/03/1997","4,888.81","4,781.34","4,901.25","4,781.34","86.68M","2.27%"
"09/02/1997","4,780.21","4,649.46","4,801.51","4,649.46","74.19M","2.84%"
"08/29/1997","4,648.41","4,789.38","4,789.48","4,617.96","91.78M","-2.94%"
"08/28/1997","4,789.38","4,912.88","4,912.88","4,779.93","64.50M","-2.51%"
"08/27/1997","4,912.88","4,916.94","4,919.79","4,841.72","50.27M","-0.07%"
"08/26/1997","4,916.51","4,996.18","4,996.18","4,897.01","45.31M","-1.59%"
"08/25/1997","4,996.18","5,023.48","5,025.69","4,968.13","35.75M","-0.54%"
"08/22/1997","5,023.48","5,069.38","5,069.38","4,971.31","48.26M","-0.93%"
"08/21/1997","5,070.47","5,124.16","5,126.72","5,060.30","54.84M","-1.05%"
"08/20/1997","5,124.16","5,040.94","5,128.50","5,034.73","74.84M","1.64%"
"08/19/1997","5,041.48","4,952.88","5,041.48","4,952.72","67.79M","1.79%"
"08/18/1997","4,952.88","4,956.61","4,959.71","4,863.40","43.60M","-0.08%"
"08/15/1997","4,956.61","5,014.61","5,017.46","4,952.80","38.70M","-1.16%"
"08/14/1997","5,014.61","5,016.63","5,048.93","4,997.70","53.15M","-0.04%"
"08/13/1997","5,016.63","5,009.42","5,087.31","4,969.11","73.72M","0.27%"
"08/12/1997","5,002.88","5,043.65","5,086.14","4,999.16","50.12M","-0.81%"
"08/11/1997","5,043.65","5,075.05","5,082.07","5,002.86","41.76M","-0.62%"
"08/08/1997","5,075.05","5,194.30","5,194.30","5,073.58","59.11M","-2.31%"
"08/07/1997","5,195.29","5,212.89","5,272.87","5,176.35","73.35M","-0.34%"
"08/06/1997","5,212.89","5,183.33","5,235.45","5,161.69","112.43M","0.58%"
"08/05/1997","5,183.02","5,135.43","5,183.02","5,135.43","98.00M","0.93%"
"08/04/1997","5,135.24","5,067.03","5,135.24","5,023.15","70.98M","1.35%"
"08/01/1997","5,067.03","5,058.40","5,073.23","4,981.85","86.86M","-0.02%"
"07/31/1997","5,067.83","4,979.25","5,127.70","4,979.25","186.56M","1.88%"
"07/30/1997","4,974.23","4,797.49","4,974.64","4,797.49","129.75M","3.68%"
"07/29/1997","4,797.49","4,712.18","4,799.76","4,707.57","71.14M","1.81%"
"07/28/1997","4,712.18","4,722.42","4,755.94","4,702.15","31.90M","-0.22%"
"07/25/1997","4,722.42","4,765.20","4,832.14","4,715.70","65.27M","-0.84%"
"07/24/1997","4,762.65","4,745.32","4,807.58","4,745.32","65.78M","0.43%"
"07/23/1997","4,742.12","4,652.19","4,742.12","4,651.73","67.98M","1.93%"
"07/22/1997","4,652.19","4,589.15","4,670.88","4,587.28","56.63M","1.35%"
"07/21/1997","4,590.22","4,720.56","4,720.56","4,567.60","40.49M","-2.76%"
"07/18/1997","4,720.56","4,814.95","4,814.95","4,712.32","57.54M","-1.99%"
"07/17/1997","4,816.37","4,787.43","4,878.59","4,787.43","109.12M","0.60%"
"07/16/1997","4,787.43","4,694.35","4,791.21","4,694.35","86.94M","1.98%"
"07/15/1997","4,694.35","4,777.07","4,777.07","4,656.41","67.89M","-1.73%"
"07/14/1997","4,777.07","4,821.62","4,823.96","4,773.58","49.74M","-0.92%"
"07/11/1997","4,821.62","4,862.39","4,871.06","4,809.51","64.58M","-0.84%"
"07/10/1997","4,862.39","4,836.49","4,880.82","4,793.99","85.98M","0.54%"
"07/09/1997","4,836.49","4,821.14","4,869.07","4,768.70","98.78M","0.32%"
"07/08/1997","4,821.14","4,741.36","4,859.23","4,735.97","125.37M","1.69%"
"07/07/1997","4,741.24","4,644.60","4,741.42","4,641.47","91.77M","2.08%"
"07/04/1997","4,644.60","4,591.62","4,644.70","4,579.13","25.47M","1.15%"
"07/03/1997","4,591.62","4,559.45","4,622.41","4,559.45","84.27M","0.71%"
"07/02/1997","4,559.23","4,508.79","4,579.03","4,508.57","85.06M","1.12%"
"07/01/1997","4,508.79","4,457.97","4,515.11","4,453.04","80.39M","1.14%"
"06/30/1997","4,457.97","4,481.11","4,482.09","4,416.14","43.46M","-0.52%"
"06/27/1997","4,481.11","4,464.98","4,505.36","4,464.85","81.08M","0.36%"
"06/26/1997","4,464.98","4,397.82","4,465.87","4,396.48","69.18M","1.53%"
"06/25/1997","4,397.82","4,404.85","4,414.96","4,375.11","87.80M","-0.13%"
"06/24/1997","4,403.45","4,436.75","4,454.83","4,397.29","78.50M","-0.75%"
"06/23/1997","4,436.75","4,439.14","4,444.50","4,415.07","75.96M","-0.05%"
"06/20/1997","4,439.14","4,353.67","4,473.95","4,353.67","122.19M","1.96%"
"06/19/1997","4,353.67","4,282.12","4,353.95","4,282.09","98.99M","1.69%"
"06/18/1997","4,281.52","4,276.83","4,282.48","4,257.42","61.94M","0.11%"
"06/17/1997","4,276.83","4,259.84","4,287.44","4,239.39","110.01M","0.40%"
"06/16/1997","4,259.84","4,244.63","4,260.11","4,232.72","57.13M","0.36%"
"06/13/1997","4,244.63","4,238.64","4,291.11","4,238.64","116.96M","0.11%"
"06/12/1997","4,240.02","4,198.11","4,243.06","4,198.11","92.05M","1.09%"
"06/11/1997","4,194.44","4,142.29","4,197.44","4,134.65","89.86M","1.24%"
"06/10/1997","4,142.92","4,126.30","4,143.97","4,118.94","64.14M","0.40%"
"06/09/1997","4,126.30","4,160.85","4,164.16","4,116.43","49.58M","-0.83%"
"06/06/1997","4,160.85","4,119.53","4,160.85","4,117.36","115.97M","1.00%"
"06/05/1997","4,119.53","4,121.56","4,136.84","4,101.02","111.20M","-0.05%"
"06/04/1997","4,121.56","4,060.06","4,122.09","4,059.51","125.61M","1.51%"
"06/03/1997","4,060.06","4,004.41","4,071.86","4,004.41","87.12M","1.43%"
"06/02/1997","4,002.82","3,968.81","4,006.31","3,964.64","41.92M","0.86%"
"05/30/1997","3,968.81","3,936.99","3,970.92","3,927.02","83.21M","0.83%"
"05/29/1997","3,936.11","3,906.25","3,939.96","3,903.87","33.90M","0.76%"
"05/28/1997","3,906.25","3,960.84","3,960.84","3,895.83","42.46M","-1.38%"
"05/27/1997","3,960.86","3,985.02","3,985.14","3,956.64","33.03M","-0.61%"
"05/26/1997","3,985.02","3,988.43","3,995.84","3,977.44","18.32M","-0.08%"
"05/23/1997","3,988.29","3,999.52","4,013.99","3,980.14","39.47M","-0.28%"
"05/22/1997","3,999.52","3,974.42","4,001.84","3,973.03","61.01M","0.63%"
"05/21/1997","3,974.42","3,952.62","3,984.34","3,952.62","62.45M","0.55%"
"05/20/1997","3,952.62","3,921.38","3,957.10","3,915.63","55.85M","0.80%"
"05/19/1997","3,921.38","3,889.44","3,921.79","3,886.25","34.00M","0.80%"
"05/16/1997","3,890.36","3,887.20","3,901.51","3,882.69","53.20M","0.08%"
"05/15/1997","3,887.20","3,894.20","3,902.42","3,870.11","45.26M","-0.18%"
"05/14/1997","3,894.20","3,930.74","3,945.79","3,879.71","65.26M","-0.93%"
"05/13/1997","3,930.74","3,930.09","3,954.03","3,912.33","67.28M","0.02%"
"05/12/1997","3,930.09","3,873.34","3,931.19","3,867.33","54.13M","1.46%"
"05/09/1997","3,873.38","3,823.13","3,873.59","3,823.13","48.44M","1.35%"
"05/08/1997","3,821.92","3,773.96","3,823.10","3,772.41","52.85M","1.27%"
"05/07/1997","3,774.02","3,798.23","3,798.23","3,772.16","42.58M","-0.64%"
"05/06/1997","3,798.23","3,764.88","3,805.02","3,764.88","53.18M","0.89%"
"05/02/1997","3,764.88","3,756.61","3,764.88","3,737.32","27.71M","0.22%"
"04/30/1997","3,756.61","3,757.15","3,758.64","3,740.98","51.90M","-0.02%"
"04/29/1997","3,757.26","3,756.19","3,777.81","3,744.63","48.35M","0.03%"
"04/28/1997","3,756.19","3,782.62","3,782.62","3,741.65","32.20M","-0.70%"
"04/25/1997","3,782.62","3,773.71","3,788.13","3,760.07","55.94M","0.24%"
"04/24/1997","3,773.71","3,827.01","3,827.01","3,770.53","64.10M","-1.39%"
"04/23/1997","3,827.01","3,815.90","3,833.66","3,797.09","73.27M","0.30%"
"04/22/1997","3,815.53","3,758.54","3,815.53","3,753.19","58.76M","1.52%"
"04/21/1997","3,758.54","3,788.43","3,788.43","3,750.99","44.47M","-0.79%"
"04/18/1997","3,788.43","3,798.37","3,807.50","3,783.52","40.50M","-0.26%"
"04/17/1997","3,798.37","3,834.58","3,851.22","3,792.09","42.97M","-0.94%"
"04/16/1997","3,834.58","3,805.10","3,871.72","3,795.45","110.91M","0.77%"
"04/15/1997","3,805.10","3,805.81","3,807.53","3,774.07","57.18M","0.17%"
"04/14/1997","3,798.65","3,764.46","3,798.65","3,707.03","66.63M","0.91%"
"04/11/1997","3,764.46","3,821.75","3,821.75","3,751.62","49.38M","-1.50%"
"04/10/1997","3,821.75","3,797.30","3,821.86","3,764.77","53.55M","0.64%"
"04/09/1997","3,797.30","3,784.68","3,809.95","3,784.68","59.79M","0.34%"
"04/08/1997","3,784.31","3,792.83","3,792.83","3,764.63","33.15M","-0.22%"
"04/07/1997","3,792.83","3,752.47","3,793.42","3,752.20","40.19M","1.08%"
"04/04/1997","3,752.47","3,741.30","3,768.93","3,734.10","47.40M","0.30%"
"04/03/1997","3,741.30","3,717.24","3,752.92","3,717.04","43.95M","0.68%"
"04/02/1997","3,716.18","3,714.26","3,717.78","3,687.98","30.40M","0.05%"
"04/01/1997","3,714.26","3,747.98","3,747.98","3,684.27","52.13M","-0.90%"
"03/31/1997","3,747.98","3,842.94","3,843.85","3,731.03","38.61M","-2.47%"
"03/26/1997","3,842.94","3,837.46","3,842.94","3,819.21","33.08M","0.14%"
"03/25/1997","3,837.46","3,827.99","3,860.89","3,826.54","44.72M","0.25%"
"03/24/1997","3,827.99","3,809.90","3,829.85","3,787.67","45.08M","0.47%"
"03/20/1997","3,809.90","3,867.38","3,869.49","3,807.92","61.36M","-1.48%"
"03/19/1997","3,867.20","3,797.05","3,867.20","3,793.01","83.23M","1.85%"
"03/18/1997","3,797.05","3,760.61","3,797.05","3,756.56","57.03M","0.97%"
"03/17/1997","3,760.55","3,775.71","3,775.71","3,735.98","40.50M","-0.40%"
"03/14/1997","3,775.71","3,745.39","3,776.34","3,745.39","40.38M","0.81%"
"03/13/1997","3,745.39","3,758.09","3,758.09","3,727.35","66.12M","-0.34%"
"03/12/1997","3,758.09","3,804.12","3,804.12","3,747.79","60.25M","-1.21%"
"03/11/1997","3,804.12","3,844.85","3,850.36","3,800.58","73.33M","-1.06%"
"03/10/1997","3,844.80","3,809.75","3,847.44","3,805.15","36.12M","0.92%"
"03/07/1997","3,809.75","3,807.24","3,848.06","3,787.43","61.58M","0.07%"
"03/06/1997","3,806.96","3,763.72","3,808.14","3,763.72","59.03M","1.18%"
"03/05/1997","3,762.49","3,756.76","3,776.31","3,743.75","62.23M","0.18%"
"03/04/1997","3,755.69","3,795.92","3,825.00","3,746.07","92.27M","-1.06%"
"03/03/1997","3,795.92","3,840.87","3,840.87","3,774.00","43.04M","-1.17%"
"02/28/1997","3,840.98","3,851.92","3,865.45","3,814.16","72.54M","-0.28%"
"02/27/1997","3,851.92","3,890.44","3,892.24","3,835.43","74.68M","-0.98%"
"02/26/1997","3,890.15","3,938.99","3,957.86","3,867.35","91.64M","-1.23%"
"02/25/1997","3,938.69","3,890.05","3,960.06","3,890.05","81.57M","1.26%"
"02/24/1997","3,889.77","3,880.04","3,908.48","3,874.00","59.07M","0.25%"
"02/21/1997","3,880.04","3,839.73","3,880.04","3,835.30","57.25M","1.05%"
"02/20/1997","3,839.73","3,875.04","3,876.74","3,839.31","71.27M","-0.91%"
"02/19/1997","3,875.04","3,845.24","3,912.66","3,845.24","88.25M","0.84%"
"02/18/1997","3,842.70","3,850.44","3,866.18","3,835.61","73.04M","-0.20%"
"02/17/1997","3,850.44","3,823.25","3,851.25","3,819.74","36.30M","0.62%"
"02/14/1997","3,826.77","3,778.46","3,829.27","3,772.85","54.15M","1.28%"
"02/13/1997","3,778.46","3,806.51","3,832.18","3,765.30","85.09M","-0.64%"
"02/12/1997","3,802.63","3,750.28","3,818.48","3,750.28","171.47M","1.40%"
"02/11/1997","3,750.03","3,664.74","3,754.38","3,660.08","108.39M","1.93%"
"02/10/1997","3,679.13","3,654.34","3,688.21","3,639.41","53.38M","0.68%"
"02/07/1997","3,654.34","3,655.49","3,669.67","3,646.25","54.71M","-0.01%"
"02/06/1997","3,654.66","3,652.70","3,662.68","3,632.03","79.47M","0.05%"
"02/04/1997","3,652.99","3,636.50","3,652.99","3,610.93","60.41M","0.45%"
"02/03/1997","3,636.50","3,647.24","3,647.24","3,615.46","38.27M","-0.29%"
"01/31/1997","3,647.17","3,672.92","3,691.36","3,634.88","70.71M","-0.70%"
"01/30/1997","3,672.92","3,631.62","3,679.88","3,631.33","59.15M","1.14%"
"01/29/1997","3,631.62","3,672.90","3,673.25","3,627.43","48.91M","-1.23%"
"01/28/1997","3,676.76","3,685.37","3,716.15","3,667.50","79.22M","-0.23%"
"01/27/1997","3,685.17","3,680.56","3,685.23","3,666.07","33.40M","0.13%"
"01/24/1997","3,680.56","3,695.01","3,695.01","3,663.25","54.57M","-0.40%"
"01/23/1997","3,695.18","3,707.98","3,763.84","3,690.19","77.59M","-0.35%"
"01/22/1997","3,707.98","3,717.46","3,718.35","3,689.01","52.73M","-0.25%"
"01/21/1997","3,717.34","3,739.59","3,758.31","3,709.06","80.34M","-0.59%"
"01/20/1997","3,739.59","3,733.16","3,740.26","3,708.76","51.59M","0.17%"
"01/17/1997","3,733.16","3,701.83","3,753.52","3,700.67","93.01M","0.85%"
"01/16/1997","3,701.83","3,728.02","3,753.18","3,691.95","112.25M","-0.70%"
"01/15/1997","3,728.02","3,631.56","3,728.15","3,631.56","166.57M","2.66%"
"01/14/1997","3,631.36","3,561.75","3,634.19","3,561.75","99.85M","1.96%"
"01/13/1997","3,561.55","3,594.12","3,597.35","3,557.51","58.06M","-0.96%"
"01/10/1997","3,596.09","3,577.10","3,598.85","3,545.80","104.58M","0.50%"
"01/09/1997","3,578.34","3,557.97","3,579.07","3,529.24","70.98M","0.57%"
"01/08/1997","3,557.97","3,516.46","3,558.27","3,516.46","85.13M","1.19%"
"01/07/1997","3,516.13","3,492.17","3,524.90","3,490.55","65.41M","0.69%"
"01/06/1997","3,492.17","3,396.95","3,501.87","3,396.95","61.74M","2.80%"
"01/03/1997","3,396.95","3,359.46","3,404.86","3,357.64","188.51M","1.12%"
"01/02/1997","3,359.46","3,361.03","3,361.03","3,335.48","30.33M","-0.05%"
"12/31/1996","3,361.03","3,347.48","3,361.03","3,329.42","21.40M","0.42%"
"12/30/1996","3,346.95","3,326.97","3,346.99","3,326.97","17.78M","0.59%"
"12/27/1996","3,327.20","3,310.89","3,333.84","3,310.79","39.04M","0.49%"
"12/26/1996","3,310.89","3,298.47","3,310.89","3,290.58","14.49M","0.38%"
"12/24/1996","3,298.47","3,299.17","3,299.17","3,286.79","19.66M","-0.02%"
"12/23/1996","3,299.17","3,311.36","3,313.47","3,295.58","25.97M","-0.37%"
"12/20/1996","3,311.36","3,330.14","3,350.32","3,310.74","57.45M","-0.56%"
"12/19/1996","3,330.14","3,273.16","3,330.14","3,273.16","72.73M","1.74%"
"12/18/1996","3,273.16","3,253.97","3,288.97","3,252.31","78.86M","0.59%"
"12/17/1996","3,253.97","3,174.54","3,257.03","3,169.78","80.01M","2.48%"
"12/16/1996","3,175.09","3,205.21","3,206.15","3,166.68","27.40M","-0.94%"
"12/13/1996","3,205.21","3,241.75","3,241.75","3,193.85","58.86M","-1.13%"
"12/11/1996","3,241.75","3,307.06","3,307.06","3,234.98","55.08M","-1.97%"
"12/10/1996","3,307.06","3,335.12","3,338.21","3,300.48","43.93M","-0.84%"
"12/09/1996","3,335.12","3,332.89","3,364.42","3,322.44","38.16M","0.07%"
"12/06/1996","3,332.89","3,374.86","3,374.86","3,325.79","51.08M","-1.29%"
"12/05/1996","3,376.61","3,390.48","3,390.48","3,365.77","41.41M","-0.41%"
"12/04/1996","3,390.48","3,396.44","3,421.22","3,380.40","68.19M","-0.18%"
"12/03/1996","3,396.44","3,311.42","3,403.99","3,311.42","95.69M","2.58%"
"12/02/1996","3,311.07","3,292.29","3,327.37","3,286.20","62.56M","0.59%"
"11/29/1996","3,291.69","3,273.09","3,291.69","3,273.09","26.50M","0.57%"
"11/28/1996","3,273.09","3,269.16","3,273.09","3,262.21","21.04M","0.13%"
"11/27/1996","3,268.84","3,271.45","3,283.78","3,263.38","51.82M","-0.08%"
"11/26/1996","3,271.45","3,246.59","3,292.23","3,246.59","81.97M","0.76%"
"11/25/1996","3,246.65","3,288.29","3,288.29","3,242.93","43.12M","-1.27%"
"11/22/1996","3,288.29","3,318.79","3,318.79","3,280.94","53.93M","-0.96%"
"11/21/1996","3,320.04","3,358.16","3,358.36","3,308.65","53.16M","-1.14%"
"11/19/1996","3,358.16","3,364.22","3,365.90","3,353.24","54.53M","-0.24%"
"11/18/1996","3,366.22","3,392.09","3,392.09","3,351.93","61.73M","-0.56%"
"11/15/1996","3,385.13","3,392.38","3,392.38","3,366.43","60.61M","-0.21%"
"11/14/1996","3,392.22","3,400.96","3,423.75","3,378.64","70.42M","-0.26%"
"11/13/1996","3,400.96","3,375.13","3,412.41","3,362.48","82.21M","0.79%"
"11/12/1996","3,374.42","3,369.55","3,375.43","3,353.78","69.61M","0.14%"
"11/11/1996","3,369.72","3,349.79","3,385.39","3,347.13","67.47M","0.66%"
"11/08/1996","3,347.66","3,293.05","3,347.66","3,285.39","47.12M","1.65%"
"11/07/1996","3,293.23","3,289.19","3,296.98","3,263.96","33.66M","0.09%"
"11/06/1996","3,290.38","3,286.23","3,293.72","3,273.67","66.86M","0.13%"
"11/05/1996","3,285.95","3,247.71","3,287.07","3,247.71","58.75M","1.18%"
"11/04/1996","3,247.71","3,255.82","3,256.81","3,229.48","33.66M","-0.25%"
"11/01/1996","3,255.82","3,213.33","3,271.50","3,212.77","74.76M","1.32%"
"10/31/1996","3,213.33","3,162.25","3,215.56","3,134.70","68.61M","1.61%"
"10/30/1996","3,162.49","3,199.08","3,200.14","3,155.15","50.23M","-1.14%"
"10/29/1996","3,199.08","3,217.25","3,217.90","3,179.81","55.28M","-0.54%"
"10/28/1996","3,216.47","3,233.28","3,243.14","3,208.84","32.76M","-0.52%"
"10/25/1996","3,233.28","3,279.05","3,279.05","3,223.86","33.92M","-1.40%"
"10/24/1996","3,279.21","3,264.36","3,279.56","3,262.00","37.85M","0.45%"
"10/23/1996","3,264.54","3,247.92","3,274.12","3,220.58","74.80M","0.51%"
"10/22/1996","3,247.84","3,286.04","3,289.04","3,232.28","43.85M","-1.16%"
"10/21/1996","3,286.04","3,320.70","3,326.98","3,273.97","46.33M","-1.01%"
"10/18/1996","3,319.64","3,288.47","3,325.51","3,277.61","49.52M","0.95%"
"10/17/1996","3,288.47","3,263.01","3,298.55","3,262.99","49.40M","0.78%"
"10/16/1996","3,263.01","3,240.86","3,274.23","3,212.14","76.67M","0.36%"
"10/15/1996","3,251.17","3,287.38","3,288.08","3,243.30","49.67M","-1.10%"
"10/14/1996","3,287.38","3,335.31","3,335.66","3,279.84","36.61M","-1.43%"
"10/11/1996","3,335.15","3,365.35","3,377.41","3,328.34","52.63M","-0.90%"
"10/10/1996","3,365.35","3,373.01","3,392.59","3,360.18","55.35M","-0.22%"
"10/09/1996","3,372.80","3,340.17","3,373.08","3,333.12","53.19M","0.98%"
"10/08/1996","3,340.11","3,343.45","3,346.63","3,321.24","36.42M","-0.16%"
"10/07/1996","3,345.45","3,375.88","3,380.81","3,339.18","21.49M","-0.91%"
"10/04/1996","3,376.05","3,376.35","3,396.66","3,370.51","48.33M","0.08%"
"10/03/1996","3,373.35","3,358.32","3,391.48","3,346.56","75.49M","0.45%"
"10/02/1996","3,358.32","3,286.63","3,358.32","3,286.63","84.29M","2.19%"
"10/01/1996","3,286.48","3,236.32","3,286.50","3,229.98","61.46M","1.55%"
"09/30/1996","3,236.32","3,236.79","3,241.48","3,229.74","26.52M","-0.01%"
"09/27/1996","3,236.79","3,241.20","3,241.20","3,203.17","32.12M","-0.08%"
"09/26/1996","3,239.53","3,274.50","3,277.95","3,213.63","47.34M","-1.07%"
"09/25/1996","3,274.50","3,293.59","3,302.89","3,269.71","37.87M","-0.58%"
"09/24/1996","3,293.59","3,300.44","3,331.83","3,291.88","62.43M","-0.21%"
"09/23/1996","3,300.44","3,318.23","3,318.23","3,289.92","29.90M","-0.54%"
"09/20/1996","3,318.23","3,350.06","3,351.52","3,316.20","41.24M","-0.90%"
"09/19/1996","3,348.36","3,369.28","3,376.90","3,347.41","36.08M","-0.61%"
"09/18/1996","3,369.00","3,353.79","3,380.61","3,346.89","56.92M","0.45%"
"09/17/1996","3,353.79","3,322.57","3,353.86","3,318.05","56.49M","1.27%"
"09/13/1996","3,311.61","3,319.73","3,348.45","3,305.71","60.97M","-0.22%"
"09/12/1996","3,318.95","3,302.98","3,326.32","3,302.98","52.31M","0.48%"
"09/11/1996","3,302.98","3,309.27","3,324.80","3,298.52","45.50M","-0.19%"
"09/10/1996","3,309.27","3,341.19","3,347.92","3,308.61","59.62M","-0.96%"
"09/09/1996","3,341.19","3,340.93","3,345.32","3,331.28","39.06M","0.01%"
"09/06/1996","3,340.93","3,309.43","3,352.57","3,309.43","43.00M","1.03%"
"09/05/1996","3,306.72","3,329.99","3,364.29","3,303.79","73.50M","-0.70%"
"09/04/1996","3,329.99","3,266.71","3,330.37","3,265.37","51.24M","1.93%"
"09/03/1996","3,266.99","3,306.03","3,306.03","3,259.84","66.90M","-1.29%"
"09/02/1996","3,309.58","3,305.47","3,311.86","3,298.76","13.02M","0.12%"
"08/30/1996","3,305.47","3,335.34","3,335.88","3,268.02","77.27M","-0.88%"
"08/29/1996","3,334.90","3,410.53","3,410.53","3,318.85","88.27M","-2.23%"
"08/28/1996","3,410.84","3,433.75","3,454.31","3,399.11","103.03M","-0.67%"
"08/27/1996","3,433.75","3,357.17","3,434.13","3,357.17","111.71M","2.28%"
"08/26/1996","3,357.17","3,363.23","3,365.49","3,349.86","47.59M","-0.21%"
"08/23/1996","3,364.37","3,389.33","3,389.33","3,332.54","43.54M","-0.74%"
"08/22/1996","3,389.33","3,412.37","3,428.40","3,376.17","119.43M","-0.68%"
"08/21/1996","3,412.37","3,402.02","3,432.13","3,402.02","87.69M","0.31%"
"08/20/1996","3,401.79","3,324.50","3,401.79","3,323.89","116.97M","2.32%"
"08/19/1996","3,324.67","3,361.41","3,379.30","3,322.88","65.36M","-1.09%"
"08/16/1996","3,361.39","3,311.72","3,366.75","3,310.58","105.89M","1.50%"
"08/15/1996","3,311.72","3,265.21","3,311.72","3,252.02","77.03M","1.42%"
"08/14/1996","3,265.21","3,235.68","3,265.46","3,218.18","47.34M","0.91%"
"08/13/1996","3,235.68","3,255.76","3,257.84","3,226.01","60.21M","-0.62%"
"08/12/1996","3,255.99","3,219.02","3,259.26","3,214.10","54.36M","1.15%"
"08/09/1996","3,219.02","3,185.46","3,238.31","3,185.46","64.84M","1.06%"
"08/08/1996","3,185.40","3,186.73","3,186.73","3,170.91","31.41M","-0.11%"
"08/07/1996","3,189.00","3,206.99","3,235.43","3,186.72","75.07M","-0.55%"
"08/06/1996","3,206.78","3,177.88","3,210.55","3,166.99","66.38M","0.91%"
"08/05/1996","3,177.88","3,185.76","3,201.19","3,167.72","54.15M","-0.32%"
"08/02/1996","3,188.23","3,114.82","3,188.23","3,114.82","113.32M","2.24%"
"08/01/1996","3,118.35","3,007.21","3,119.62","3,007.00","117.38M","3.69%"
"07/31/1996","3,007.24","2,987.25","3,018.80","2,985.93","55.92M","0.68%"
"07/30/1996","2,986.89","2,970.27","2,988.18","2,959.50","49.91M","0.57%"
"07/29/1996","2,969.91","2,991.18","2,992.23","2,962.81","33.61M","-0.70%"
"07/26/1996","2,990.93","2,937.98","3,012.43","2,937.98","80.86M","1.80%"
"07/25/1996","2,937.98","2,943.66","2,956.95","2,912.47","52.58M","-0.17%"
"07/24/1996","2,943.03","3,002.02","3,002.02","2,930.41","74.51M","-2.00%"
"07/23/1996","3,003.09","3,015.01","3,031.50","2,983.14","83.29M","-0.39%"
"07/22/1996","3,014.89","3,061.42","3,061.42","3,014.08","53.49M","-1.48%"
"07/19/1996","3,060.08","3,064.28","3,070.92","3,049.38","61.09M","-0.13%"
"07/18/1996","3,064.19","2,990.10","3,064.19","2,983.12","110.61M","2.47%"
"07/17/1996","2,990.27","2,944.45","2,992.79","2,934.18","84.80M","1.56%"
"07/16/1996","2,944.39","2,916.55","2,944.39","2,808.86","143.89M","0.95%"
"07/15/1996","2,916.55","3,009.10","3,009.10","2,913.14","75.54M","-3.10%"
"07/12/1996","3,009.98","3,055.22","3,055.38","2,996.13","65.24M","-1.52%"
"07/11/1996","3,056.29","3,087.71","3,088.55","3,036.54","111.85M","-1.01%"
"07/10/1996","3,087.48","3,085.68","3,113.34","3,076.50","117.15M","0.06%"
"07/09/1996","3,085.68","3,034.85","3,086.18","3,034.18","66.75M","1.67%"
"07/08/1996","3,034.85","3,105.92","3,105.92","3,025.48","50.96M","-2.29%"
"07/05/1996","3,105.92","3,174.62","3,174.62","3,098.93","75.37M","-2.17%"
"07/04/1996","3,174.88","3,181.80","3,181.80","3,166.74","11.79M","-0.22%"
"07/03/1996","3,181.80","3,197.58","3,198.16","3,181.62","52.90M","-0.53%"
"07/02/1996","3,198.91","3,177.65","3,199.47","3,172.99","30.93M","0.67%"
"07/01/1996","3,177.65","3,210.67","3,210.67","3,166.72","47.56M","-1.03%"
"06/28/1996","3,210.83","3,183.78","3,219.18","3,183.78","86.24M","0.86%"
"06/27/1996","3,183.59","3,179.31","3,202.08","3,179.31","87.32M","0.18%"
"06/26/1996","3,177.91","3,161.05","3,195.04","3,159.59","135.98M","0.57%"
"06/25/1996","3,159.98","3,132.85","3,179.85","3,132.85","73.96M","0.89%"
"06/24/1996","3,132.22","3,136.05","3,136.05","3,092.70","30.71M","-0.12%"
"06/21/1996","3,136.05","3,180.99","3,182.07","3,127.91","69.79M","-1.41%"
"06/20/1996","3,180.99","3,210.83","3,216.93","3,173.97","93.08M","-0.93%"
"06/19/1996","3,210.83","3,202.34","3,210.83","3,190.17","75.07M","0.27%"
"06/18/1996","3,202.15","3,191.46","3,235.89","3,189.77","77.65M","0.36%"
"06/17/1996","3,190.66","3,172.74","3,194.46","3,168.59","55.26M","0.50%"
"06/14/1996","3,174.88","3,183.75","3,186.25","3,170.66","49.79M","-0.28%"
"06/13/1996","3,183.75","3,216.04","3,217.50","3,164.35","62.68M","-1.01%"
"06/12/1996","3,216.30","3,227.00","3,233.39","3,211.73","44.91M","-0.34%"
"06/11/1996","3,227.32","3,242.33","3,244.31","3,219.97","40.69M","-0.46%"
"06/10/1996","3,242.33","3,262.20","3,268.56","3,237.61","70.51M","-0.60%"
"06/07/1996","3,262.03","3,271.94","3,271.94","3,232.51","81.83M","-0.30%"
"06/06/1996","3,271.94","3,260.47","3,283.84","3,255.46","90.46M","0.45%"
"06/05/1996","3,257.24","3,228.42","3,257.24","3,226.21","73.78M","0.90%"
"06/04/1996","3,228.34","3,191.90","3,239.43","3,191.90","93.22M","1.15%"
"06/03/1996","3,191.78","3,205.51","3,213.93","3,170.10","82.27M","-0.43%"
"05/31/1996","3,205.51","3,260.95","3,261.16","3,203.13","122.24M","-1.70%"
"05/30/1996","3,260.86","3,279.48","3,279.48","3,235.27","69.32M","-0.57%"
"05/29/1996","3,279.48","3,316.25","3,316.25","3,277.33","79.22M","-1.08%"
"05/28/1996","3,315.35","3,327.48","3,338.29","3,313.14","72.67M","-0.36%"
"05/27/1996","3,327.24","3,313.13","3,327.24","3,310.34","37.98M","0.42%"
"05/24/1996","3,313.19","3,316.04","3,316.04","3,277.28","46.65M","-0.09%"
"05/23/1996","3,316.04","3,352.88","3,372.45","3,308.63","128.67M","-1.10%"
"05/22/1996","3,352.88","3,342.71","3,354.12","3,320.00","140.05M","0.30%"
"05/21/1996","3,342.71","3,316.21","3,371.59","3,316.05","190.79M","0.80%"
"05/20/1996","3,316.21","3,259.37","3,316.69","3,259.37","70.56M","1.74%"
"05/17/1996","3,259.37","3,227.29","3,272.26","3,227.29","94.00M","1.03%"
"05/16/1996","3,226.21","3,232.35","3,232.35","3,208.51","87.06M","-0.18%"
"05/15/1996","3,232.14","3,250.53","3,253.19","3,214.37","89.82M","-0.56%"
"05/14/1996","3,250.33","3,250.78","3,270.00","3,233.52","108.59M","-0.01%"
"05/13/1996","3,250.78","3,217.22","3,251.81","3,217.22","97.37M","1.08%"
"05/10/1996","3,216.14","3,182.14","3,223.77","3,182.14","84.50M","1.07%"
"05/09/1996","3,181.97","3,195.78","3,220.62","3,180.37","96.35M","-0.39%"
"05/08/1996","3,194.42","3,168.16","3,201.50","3,159.20","78.32M","0.83%"
"05/07/1996","3,168.16","3,149.43","3,176.53","3,145.86","65.40M","0.49%"
"05/06/1996","3,152.68","3,145.92","3,152.92","3,118.07","46.02M","0.21%"
"05/03/1996","3,146.00","3,162.51","3,166.94","3,135.47","71.75M","-0.52%"
"05/02/1996","3,162.51","3,187.55","3,217.49","3,153.47","91.67M","-0.77%"
"04/30/1996","3,187.19","3,200.09","3,215.15","3,175.60","101.51M","-0.40%"
"04/29/1996","3,200.09","3,216.96","3,221.68","3,186.99","63.03M","-0.52%"
"04/26/1996","3,216.96","3,244.49","3,264.13","3,211.22","74.68M","-0.68%"
"04/25/1996","3,239.01","3,252.87","3,253.04","3,217.11","78.20M","-0.43%"
"04/24/1996","3,252.87","3,217.72","3,254.91","3,195.04","142.15M","1.09%"
"04/23/1996","3,217.86","3,251.23","3,251.23","3,201.84","85.47M","-1.03%"
"04/22/1996","3,251.23","3,284.48","3,300.05","3,219.76","43.54M","-1.01%"
"04/19/1996","3,284.48","3,274.88","3,330.56","3,254.18","110.25M","0.33%"
"04/18/1996","3,273.52","3,234.62","3,296.81","3,220.03","109.76M","1.20%"
"04/17/1996","3,234.62","3,201.80","3,269.36","3,201.80","174.41M","1.05%"
"04/16/1996","3,200.93","3,204.96","3,208.91","3,174.71","148.97M","-0.12%"
"04/15/1996","3,204.69","3,174.85","3,227.86","3,159.67","81.97M","0.94%"
"04/12/1996","3,174.85","3,044.01","3,176.14","3,044.01","121.49M","4.30%"
"04/11/1996","3,044.01","3,044.61","3,069.48","3,032.73","70.15M","-0.02%"
"04/10/1996","3,044.61","3,009.49","3,068.23","3,008.69","96.40M","1.17%"
"04/09/1996","3,009.49","3,022.04","3,033.49","3,006.35","43.66M","-0.38%"
"04/08/1996","3,020.95","3,090.10","3,090.10","3,019.15","49.20M","-2.12%"
"04/03/1996","3,086.44","3,077.47","3,098.22","3,074.70","64.45M","0.29%"
"04/02/1996","3,077.47","3,113.27","3,117.65","3,074.16","65.21M","-1.15%"
"04/01/1996","3,113.27","3,074.44","3,114.10","3,072.28","60.36M","1.33%"
"03/29/1996","3,072.40","3,080.44","3,086.10","3,065.68","72.66M","-0.26%"
"03/28/1996","3,080.44","3,061.78","3,083.42","3,042.84","99.19M","0.61%"
"03/27/1996","3,061.78","3,094.61","3,096.67","3,033.14","136.03M","-1.06%"
"03/26/1996","3,094.61","3,067.76","3,126.44","3,054.56","143.62M","0.87%"
"03/25/1996","3,068.00","3,046.75","3,068.00","3,010.70","88.18M","0.70%"
"03/22/1996","3,046.75","3,002.19","3,064.31","2,999.27","92.51M","1.41%"
"03/20/1996","3,004.37","3,003.89","3,035.41","2,983.54","136.17M","0.02%"
"03/19/1996","3,003.84","2,878.39","3,003.84","2,878.39","120.05M","4.51%"
"03/18/1996","2,874.32","2,843.92","2,874.48","2,838.61","37.48M","1.06%"
"03/15/1996","2,844.10","2,853.47","2,853.47","2,828.10","45.20M","-0.33%"
"03/14/1996","2,853.52","2,864.93","2,887.46","2,844.88","74.81M","-0.40%"
"03/13/1996","2,864.93","2,819.91","2,876.88","2,819.91","102.31M","1.60%"
"03/12/1996","2,819.91","2,778.39","2,827.86","2,767.10","97.29M","1.51%"
"03/11/1996","2,777.95","2,736.36","2,777.95","2,731.09","64.06M","1.52%"
"03/08/1996","2,736.36","2,825.73","2,825.73","2,733.94","114.32M","-3.19%"
"03/07/1996","2,826.47","2,819.44","2,832.31","2,799.56","75.54M","0.22%"
"03/06/1996","2,820.39","2,856.67","2,856.67","2,812.54","76.80M","-1.27%"
"03/05/1996","2,856.67","2,879.73","2,880.44","2,845.56","65.45M","-0.80%"
"03/04/1996","2,879.73","2,892.40","2,898.96","2,879.73","42.82M","-0.44%"
"03/01/1996","2,892.40","2,833.12","2,893.56","2,833.12","77.92M","2.11%"
"02/29/1996","2,832.54","2,862.18","2,862.18","2,804.81","89.48M","-1.05%"
"02/28/1996","2,862.59","2,939.10","2,953.25","2,861.40","91.69M","-2.60%"
"02/27/1996","2,938.96","2,955.39","2,966.67","2,934.33","86.28M","-0.56%"
"02/26/1996","2,955.39","2,981.38","2,981.38","2,950.40","30.60M","-0.87%"
"02/23/1996","2,981.38","3,003.44","3,013.83","2,970.55","90.98M","0.01%"
"02/22/1996","2,980.97","2,909.31","2,988.61","2,909.31","83.70M","2.52%"
"02/21/1996","2,907.83","2,907.72","2,916.12","2,896.76","65.02M","0.12%"
"02/20/1996","2,904.41","2,975.44","2,975.44","2,892.14","71.36M","-2.39%"
"02/19/1996","2,975.44","2,971.31","2,975.54","2,962.10","9.70M","0.14%"
"02/16/1996","2,971.31","2,944.52","2,971.47","2,944.52","77.28M","0.85%"
"02/15/1996","2,946.37","2,971.25","2,976.07","2,937.64","76.52M","-0.84%"
"02/14/1996","2,971.25","2,920.72","2,984.67","2,914.16","91.75M","1.73%"
"02/13/1996","2,920.72","2,950.53","2,950.53","2,896.97","63.15M","-1.01%"
"02/12/1996","2,950.57","2,985.11","2,985.11","2,910.85","69.44M","-1.16%"
"02/09/1996","2,985.11","3,037.54","3,039.54","2,975.08","116.51M","-1.73%"
"02/08/1996","3,037.54","3,010.83","3,041.43","3,006.61","52.11M","0.89%"
"02/07/1996","3,010.83","3,048.09","3,048.09","3,008.78","61.43M","-1.22%"
"02/06/1996","3,048.09","3,101.92","3,104.91","3,046.56","49.69M","-1.74%"
"02/02/1996","3,101.92","3,078.32","3,113.13","3,072.69","159.19M","0.77%"
"02/01/1996","3,078.21","3,034.33","3,078.21","3,004.69","74.12M","1.44%"
"01/31/1996","3,034.65","3,065.11","3,065.98","3,024.12","75.13M","-0.99%"
"01/30/1996","3,065.11","3,087.99","3,099.12","3,055.07","62.40M","-0.74%"
"01/29/1996","3,087.99","3,079.08","3,110.13","3,078.94","80.33M","0.29%"
"01/26/1996","3,079.08","3,053.18","3,079.08","3,045.06","108.29M","0.85%"
"01/25/1996","3,053.18","3,054.63","3,065.63","3,024.63","71.88M","-0.05%"
"01/24/1996","3,054.63","3,073.97","3,106.51","3,039.17","204.07M","-0.63%"
"01/23/1996","3,073.97","3,094.89","3,106.33","3,064.39","193.31M","-0.44%"
"01/22/1996","3,087.48","3,058.42","3,102.74","3,058.42","124.56M","0.95%"
"01/19/1996","3,058.42","2,989.09","3,069.21","2,985.92","142.58M","2.52%"
"01/18/1996","2,983.31","2,918.96","2,983.31","2,915.74","82.96M","2.20%"
"01/17/1996","2,918.96","2,918.28","2,942.12","2,912.49","85.61M","-0.08%"
"01/16/1996","2,921.25","2,908.24","2,921.95","2,867.80","74.78M","0.45%"
"01/15/1996","2,908.24","2,932.73","2,944.19","2,889.02","52.91M","-0.88%"
"01/12/1996","2,934.13","2,997.61","2,997.61","2,919.83","124.87M","-2.11%"
"01/11/1996","2,997.27","2,979.54","3,010.77","2,979.54","92.29M","0.77%"
"01/10/1996","2,974.25","2,955.24","3,007.37","2,943.24","110.54M","0.57%"
"01/09/1996","2,957.46","3,001.88","3,028.00","2,945.76","86.55M","-1.49%"
"01/08/1996","3,002.10","3,011.05","3,030.54","2,994.92","56.73M","-0.30%"
"01/05/1996","3,011.05","2,993.57","3,011.05","2,962.33","121.14M","0.28%"
"01/04/1996","3,002.63","3,004.12","3,018.18","2,964.96","97.91M","-0.07%"
"01/03/1996","3,004.78","2,929.43","3,040.45","2,929.43","158.35M","2.57%"
"01/02/1996","2,929.43","2,777.47","2,929.43","2,776.64","85.13M","5.43%"
"12/29/1995","2,778.47","2,790.76","2,790.93","2,747.28","47.69M","-0.44%"
"12/28/1995","2,790.76","2,812.56","2,812.62","2,779.46","65.22M","-0.78%"
"12/27/1995","2,812.56","2,825.24","2,837.57","2,806.63","60.83M","-0.45%"
"12/26/1995","2,825.24","2,826.67","2,830.04","2,814.38","74.10M","-0.05%"
"12/22/1995","2,826.67","2,834.43","2,838.24","2,807.52","77.64M","-0.27%"
"12/21/1995","2,834.39","2,747.37","2,834.39","2,736.00","78.80M","3.20%"
"12/20/1995","2,746.49","2,756.35","2,800.19","2,739.72","111.04M","-0.04%"
"12/19/1995","2,747.46","2,655.83","2,747.46","2,652.29","120.60M","3.42%"
"12/18/1995","2,656.60","2,675.91","2,681.59","2,644.67","95.72M","-0.71%"
"12/15/1995","2,675.69","2,575.44","2,675.69","2,569.20","77.53M","3.89%"
"12/14/1995","2,575.44","2,585.76","2,590.36","2,561.43","51.21M","-0.41%"
"12/13/1995","2,586.11","2,607.62","2,608.37","2,583.71","52.59M","-0.83%"
"12/11/1995","2,607.84","2,655.39","2,655.49","2,607.84","28.69M","-1.79%"
"12/08/1995","2,655.39","2,667.26","2,687.89","2,651.77","43.17M","-0.44%"
"12/07/1995","2,667.20","2,680.87","2,680.87","2,651.42","38.39M","-0.51%"
"12/06/1995","2,680.87","2,666.76","2,701.85","2,656.68","59.96M","0.53%"
"12/05/1995","2,666.76","2,687.67","2,693.84","2,659.09","56.89M","-0.85%"
"12/04/1995","2,689.58","2,703.42","2,723.67","2,687.44","40.02M","-0.51%"
"12/01/1995","2,703.42","2,687.56","2,731.22","2,674.72","77.48M","0.54%"
"11/30/1995","2,689.00","2,710.83","2,728.90","2,675.53","98.79M","-1.30%"
"11/29/1995","2,724.50","2,618.29","2,728.63","2,616.59","158.79M","4.17%"
"11/28/1995","2,615.46","2,554.78","2,615.46","2,542.54","79.87M","2.38%"
"11/27/1995","2,554.78","2,575.99","2,587.31","2,550.61","44.15M","-0.82%"
"11/24/1995","2,575.99","2,570.59","2,602.34","2,552.16","86.12M","0.21%"
"11/23/1995","2,570.55","2,534.69","2,576.86","2,516.82","54.28M","1.41%"
"11/22/1995","2,534.69","2,448.47","2,564.43","2,448.47","147.10M","3.52%"
"11/21/1995","2,448.43","2,349.46","2,450.24","2,342.84","94.62M","4.21%"
"11/17/1995","2,349.46","2,259.69","2,351.69","2,255.84","75.88M","3.84%"
"11/16/1995","2,262.48","2,260.18","2,305.24","2,246.37","100.81M","0.10%"
"11/15/1995","2,260.18","2,241.36","2,260.51","2,241.12","39.62M","0.83%"
"11/14/1995","2,241.53","2,254.07","2,267.10","2,241.39","52.56M","-0.56%"
"11/13/1995","2,254.07","2,310.10","2,310.10","2,251.53","34.48M","-2.43%"
"11/10/1995","2,310.10","2,311.27","2,327.53","2,302.29","63.34M","-0.04%"
"11/09/1995","2,311.09","2,232.41","2,324.16","2,232.41","85.35M","3.43%"
"11/08/1995","2,234.47","2,250.11","2,251.13","2,210.03","47.46M","-0.95%"
"11/07/1995","2,256.00","2,275.30","2,275.30","2,252.33","39.97M","-0.85%"
"11/06/1995","2,275.30","2,310.78","2,311.28","2,272.18","27.62M","-1.50%"
"11/03/1995","2,310.04","2,306.04","2,313.36","2,289.73","31.41M","0.18%"
"11/01/1995","2,305.92","2,302.01","2,309.09","2,265.49","59.17M","0.17%"
"10/31/1995","2,302.01","2,348.64","2,358.00","2,295.14","48.71M","-1.99%"
"10/30/1995","2,348.64","2,245.92","2,354.63","2,245.92","73.22M","4.57%"
"10/27/1995","2,245.92","2,186.21","2,248.49","2,165.13","61.52M","2.69%"
"10/26/1995","2,187.18","2,205.92","2,215.79","2,120.42","70.83M","-0.85%"
"10/25/1995","2,206.04","2,293.95","2,305.56","2,192.84","55.83M","-3.81%"
"10/24/1995","2,293.43","2,285.40","2,298.76","2,283.76","35.96M","0.35%"
"10/23/1995","2,285.40","2,327.49","2,327.65","2,281.06","38.09M","-1.89%"
"10/20/1995","2,329.42","2,351.57","2,358.93","2,324.00","26.17M","-0.94%"
"10/19/1995","2,351.57","2,332.44","2,362.30","2,332.44","53.06M","0.82%"
"10/18/1995","2,332.44","2,305.19","2,339.26","2,287.48","52.13M","1.18%"
"10/17/1995","2,305.19","2,325.34","2,330.98","2,285.29","46.27M","-0.86%"
"10/16/1995","2,325.29","2,310.60","2,349.30","2,305.64","27.77M","0.64%"
"10/13/1995","2,310.60","2,335.83","2,338.24","2,280.29","33.34M","-1.07%"
"10/12/1995","2,335.49","2,362.34","2,395.16","2,324.90","67.73M","-0.77%"
"10/11/1995","2,353.68","2,337.78","2,367.84","2,337.78","50.68M","0.68%"
"10/10/1995","2,337.78","2,315.81","2,340.31","2,265.80","77.33M","0.91%"
"10/09/1995","2,316.77","2,409.19","2,409.19","2,316.77","55.89M","-3.84%"
"10/06/1995","2,409.19","2,347.65","2,410.46","2,347.65","91.33M","2.62%"
"10/05/1995","2,347.65","2,267.13","2,355.63","2,261.13","123.18M","3.55%"
"10/04/1995","2,267.13","2,277.08","2,277.08","2,228.62","83.95M","-0.44%"
"10/03/1995","2,277.08","2,291.94","2,292.50","2,213.83","109.02M","-0.65%"
"10/02/1995","2,291.96","2,392.26","2,392.26","2,263.47","51.49M","-4.19%"
"09/29/1995","2,392.20","2,381.49","2,405.88","2,376.84","88.13M","0.45%"
"09/28/1995","2,381.49","2,342.63","2,381.90","2,313.67","115.68M","1.64%"
"09/27/1995","2,343.06","2,412.01","2,412.01","2,300.03","135.19M","-2.86%"
"09/26/1995","2,412.01","2,455.94","2,457.25","2,401.40","96.22M","-1.89%"
"09/25/1995","2,458.59","2,514.90","2,514.90","2,452.15","58.98M","-2.24%"
"09/22/1995","2,514.90","2,556.98","2,556.98","2,502.35","65.79M","-1.65%"
"09/21/1995","2,557.10","2,555.68","2,558.04","2,541.11","49.83M","0.06%"
"09/20/1995","2,555.68","2,561.08","2,569.26","2,545.71","72.29M","-0.21%"
"09/19/1995","2,561.08","2,541.92","2,563.76","2,541.44","64.25M","0.75%"
"09/18/1995","2,541.92","2,566.07","2,566.07","2,535.67","45.26M","-0.94%"
"09/15/1995","2,566.07","2,583.18","2,583.18","2,564.21","38.18M","-0.66%"
"09/14/1995","2,583.18","2,578.76","2,586.92","2,577.56","47.81M","0.17%"
"09/13/1995","2,578.76","2,584.70","2,584.70","2,563.51","59.02M","-0.32%"
"09/12/1995","2,587.07","2,603.80","2,604.80","2,571.28","63.05M","-0.64%"
"09/11/1995","2,603.85","2,622.21","2,629.14","2,602.45","67.72M","-0.70%"
"09/08/1995","2,622.21","2,610.58","2,624.98","2,610.58","66.85M","0.45%"
"09/07/1995","2,610.58","2,601.09","2,631.33","2,601.09","92.19M","0.36%"
"09/06/1995","2,601.09","2,598.25","2,601.09","2,571.58","67.61M","0.11%"
"09/05/1995","2,598.25","2,590.04","2,608.54","2,583.57","119.64M","0.32%"
"09/04/1995","2,590.04","2,516.99","2,590.49","2,516.83","57.96M","2.90%"
"08/31/1995","2,516.99","2,480.09","2,516.99","2,476.42","63.16M","1.49%"
"08/30/1995","2,480.09","2,489.29","2,489.62","2,475.19","55.75M","-0.37%"
"08/29/1995","2,489.29","2,493.46","2,497.07","2,476.96","60.46M","-0.17%"
"08/28/1995","2,493.51","2,462.91","2,493.51","2,462.91","36.90M","1.24%"
"08/25/1995","2,462.91","2,447.04","2,462.98","2,447.04","51.97M","0.65%"
"08/24/1995","2,447.04","2,443.24","2,451.12","2,421.77","106.31M","0.16%"
"08/23/1995","2,443.24","2,489.51","2,511.18","2,438.36","94.81M","-1.86%"
"08/22/1995","2,489.55","2,485.10","2,489.60","2,480.80","59.67M","0.18%"
"08/21/1995","2,485.10","2,486.95","2,497.67","2,482.24","96.43M","-0.07%"
"08/18/1995","2,486.95","2,485.42","2,491.96","2,474.30","129.56M","0.06%"
"08/17/1995","2,485.42","2,502.63","2,502.63","2,474.72","159.22M","-0.69%"
"08/16/1995","2,502.63","2,522.64","2,522.64","2,486.96","128.24M","-0.79%"
"08/15/1995","2,522.64","2,521.82","2,527.99","2,509.69","84.02M","0.03%"
"08/14/1995","2,521.82","2,532.65","2,532.65","2,504.30","57.56M","-0.43%"
"08/11/1995","2,532.65","2,570.45","2,572.10","2,524.06","50.00M","-1.47%"
"08/10/1995","2,570.52","2,550.66","2,583.37","2,550.35","99.76M","0.78%"
"08/09/1995","2,550.66","2,538.31","2,563.32","2,527.02","74.86M","0.49%"
"08/08/1995","2,538.31","2,565.40","2,565.78","2,530.57","67.11M","-1.06%"
"08/07/1995","2,565.40","2,541.46","2,588.11","2,541.46","117.35M","0.94%"
"08/04/1995","2,541.46","2,500.49","2,549.00","2,500.49","105.85M","1.64%"
"08/03/1995","2,500.49","2,440.36","2,500.82","2,428.42","198.66M","2.36%"
"08/02/1995","2,442.77","2,379.49","2,469.24","2,379.49","87.39M","2.66%"
"08/01/1995","2,379.49","2,375.17","2,382.11","2,354.58","55.65M","0.18%"
"07/31/1995","2,375.17","2,404.84","2,412.66","2,367.67","24.99M","-1.23%"
"07/28/1995","2,404.84","2,398.78","2,413.02","2,398.16","47.18M","0.25%"
"07/27/1995","2,398.78","2,379.21","2,412.52","2,360.41","56.07M","0.82%"
"07/26/1995","2,379.21","2,455.31","2,456.68","2,378.62","59.75M","-3.10%"
"07/25/1995","2,455.31","2,485.30","2,487.32","2,451.57","38.03M","-1.21%"
"07/24/1995","2,485.30","2,470.14","2,506.66","2,470.14","35.64M","0.61%"
"07/21/1995","2,470.14","2,461.64","2,511.14","2,461.64","62.32M","0.35%"
"07/20/1995","2,461.64","2,436.49","2,461.64","2,401.33","56.79M","1.03%"
"07/19/1995","2,436.49","2,479.62","2,479.62","2,369.67","89.81M","-1.74%"
"07/18/1995","2,479.62","2,516.69","2,516.69","2,437.20","59.57M","-1.47%"
"07/17/1995","2,516.69","2,531.49","2,558.39","2,515.91","42.31M","-0.58%"
"07/14/1995","2,531.49","2,574.79","2,592.40","2,529.13","72.99M","-1.68%"
"07/13/1995","2,574.79","2,526.04","2,591.55","2,526.04","111.29M","1.93%"
"07/12/1995","2,526.04","2,503.01","2,527.51","2,477.47","101.95M","0.92%"
"07/11/1995","2,503.01","2,554.26","2,554.26","2,472.43","113.17M","-2.01%"
"07/10/1995","2,554.26","2,457.18","2,554.26","2,457.18","97.98M","3.95%"
"07/07/1995","2,457.18","2,402.97","2,467.33","2,389.26","115.92M","2.26%"
"07/06/1995","2,402.97","2,306.30","2,403.81","2,306.30","156.50M","4.19%"
"07/05/1995","2,306.30","2,184.46","2,306.31","2,184.46","96.30M","5.58%"
"07/04/1995","2,184.46","2,194.43","2,194.62","2,176.87","18.21M","-0.45%"
"07/03/1995","2,194.43","2,196.08","2,200.07","2,186.58","29.91M","-0.08%"
"06/30/1995","2,196.08","2,187.22","2,199.33","2,183.61","49.91M","0.57%"
"06/29/1995","2,183.53","2,173.68","2,205.66","2,167.02","77.34M","0.45%"
"06/28/1995","2,173.68","2,113.14","2,173.68","2,113.14","62.65M","2.89%"
"06/27/1995","2,112.70","2,086.34","2,123.46","2,086.19","70.89M","1.26%"
"06/26/1995","2,086.47","2,053.17","2,088.56","2,051.02","33.14M","1.62%"
"06/23/1995","2,053.17","2,047.67","2,074.33","2,046.88","61.01M","0.27%"
"06/22/1995","2,047.67","2,018.60","2,057.39","2,018.60","64.15M","1.44%"
"06/21/1995","2,018.60","2,002.25","2,018.60","1,986.71","33.37M","0.82%"
"06/20/1995","2,002.25","2,022.43","2,029.98","2,001.92","34.73M","-1.00%"
"06/19/1995","2,022.43","2,041.89","2,047.51","2,018.16","33.30M","-0.95%"
"06/16/1995","2,041.89","1,996.16","2,041.89","1,994.82","58.37M","2.29%"
"06/15/1995","1,996.16","1,985.86","2,000.75","1,984.56","40.31M","0.52%"
"06/14/1995","1,985.86","1,983.42","1,985.86","1,967.18","26.62M","0.11%"
"06/13/1995","1,983.77","1,975.71","2,003.79","1,975.71","46.10M","0.41%"
"06/12/1995","1,975.71","1,958.82","1,975.71","1,958.82","38.19M","0.86%"
"06/09/1995","1,958.82","1,980.33","1,980.33","1,954.79","39.28M","-1.06%"
"06/08/1995","1,979.73","1,989.80","1,992.87","1,979.05","37.95M","-0.51%"
"06/07/1995","1,989.80","2,001.01","2,006.60","1,986.41","28.34M","-0.56%"
"06/06/1995","2,001.01","2,023.89","2,023.89","1,995.94","37.06M","-1.13%"
"06/05/1995","2,023.89","2,033.37","2,037.47","2,023.89","15.41M","-0.47%"
"06/02/1995","2,033.37","2,011.80","2,049.11","2,010.53","70.50M","1.07%"
"06/01/1995","2,011.80","1,945.13","2,012.57","1,937.87","37.75M","3.43%"
"05/31/1995","1,945.13","1,938.54","1,953.98","1,922.79","57.85M","0.33%"
"05/30/1995","1,938.72","1,969.69","1,973.45","1,928.98","41.62M","-1.57%"
"05/29/1995","1,969.69","1,959.50","1,972.70","1,959.50","7.98M","0.52%"
"05/26/1995","1,959.50","2,000.11","2,000.11","1,940.62","60.51M","-2.03%"
"05/25/1995","2,000.11","2,044.83","2,044.83","1,990.37","86.94M","-2.19%"
"05/24/1995","2,044.83","2,096.90","2,098.62","2,038.71","63.23M","-2.48%"
"05/23/1995","2,096.90","2,090.88","2,116.35","2,080.19","76.49M","0.29%"
"05/22/1995","2,090.88","2,012.26","2,090.93","2,012.26","55.01M","3.91%"
"05/19/1995","2,012.26","2,014.76","2,014.76","1,974.04","52.75M","-0.12%"
"05/18/1995","2,014.76","2,064.75","2,065.63","2,007.76","78.78M","-2.42%"
"05/17/1995","2,064.75","2,071.22","2,089.26","2,063.80","77.31M","-0.31%"
"05/16/1995","2,071.25","2,048.20","2,083.00","2,048.02","83.95M","1.13%"
"05/15/1995","2,048.20","2,027.64","2,048.20","2,027.64","37.08M","1.05%"
"05/12/1995","2,026.84","2,008.05","2,028.01","2,004.79","43.77M","1.02%"
"05/11/1995","2,006.47","2,024.39","2,024.39","2,000.65","50.86M","-0.89%"
"05/10/1995","2,024.39","2,043.10","2,053.43","2,021.71","65.36M","-0.92%"
"05/09/1995","2,043.10","2,011.43","2,043.24","2,011.43","76.51M","1.57%"
"05/08/1995","2,011.43","2,005.80","2,029.31","1,998.17","61.63M","0.19%"
"05/04/1995","2,007.57","2,019.57","2,024.59","2,004.37","55.55M","-0.59%"
"05/03/1995","2,019.57","1,984.96","2,039.67","1,984.96","76.68M","1.74%"
"05/02/1995","1,984.96","1,960.54","1,985.69","1,947.36","43.63M","1.25%"
"04/28/1995","1,960.54","1,985.63","1,985.63","1,956.30","42.96M","-1.26%"
"04/27/1995","1,985.63","2,006.98","2,024.58","1,971.01","87.58M","-1.06%"
"04/26/1995","2,006.98","2,001.15","2,034.30","2,000.82","100.69M","0.29%"
"04/25/1995","2,001.15","2,017.20","2,055.19","1,992.31","142.31M","-0.80%"
"04/24/1995","2,017.20","1,919.42","2,017.20","1,919.42","110.28M","5.09%"
"04/21/1995","1,919.42","1,830.52","1,921.18","1,830.52","99.45M","4.86%"
"04/20/1995","1,830.52","1,792.75","1,830.52","1,771.95","53.79M","2.11%"
"04/19/1995","1,792.75","1,791.92","1,802.29","1,785.81","43.87M","0.05%"
"04/18/1995","1,791.92","1,827.76","1,829.92","1,785.26","64.74M","-1.82%"
"04/17/1995","1,825.13","1,829.95","1,846.51","1,821.67","27.99M","-0.26%"
"04/12/1995","1,829.95","1,864.96","1,864.96","1,817.94","48.12M","-1.88%"
"04/11/1995","1,864.96","1,895.28","1,895.36","1,858.34","32.51M","-1.63%"
"04/10/1995","1,895.80","1,952.16","1,952.58","1,894.13","57.55M","-2.89%"
"04/07/1995","1,952.16","1,914.78","1,952.51","1,913.48","82.96M","1.95%"
"04/06/1995","1,914.78","1,919.09","1,929.45","1,900.79","43.19M","-0.22%"
"04/05/1995","1,919.09","1,905.95","1,957.42","1,899.54","64.10M","0.69%"
"04/04/1995","1,905.95","1,923.17","1,984.09","1,905.49","113.97M","-0.90%"
"04/03/1995","1,923.17","1,832.83","1,923.17","1,829.29","64.37M","4.93%"
"03/31/1995","1,832.83","1,823.88","1,833.02","1,793.15","73.81M","0.49%"
"03/30/1995","1,823.88","1,810.90","1,832.03","1,810.90","75.28M","0.72%"
"03/29/1995","1,810.90","1,832.66","1,832.92","1,807.90","70.96M","-1.19%"
"03/28/1995","1,832.66","1,822.45","1,851.42","1,812.96","73.90M","0.56%"
"03/27/1995","1,822.45","1,723.03","1,829.03","1,723.03","94.54M","5.77%"
"03/24/1995","1,723.03","1,615.70","1,728.75","1,615.70","103.89M","6.64%"
"03/23/1995","1,615.70","1,591.16","1,618.14","1,591.12","63.94M","1.54%"
"03/22/1995","1,591.16","1,581.24","1,608.52","1,581.24","43.10M","0.63%"
"03/20/1995","1,581.24","1,604.16","1,605.23","1,578.14","32.12M","-1.43%"
"03/17/1995","1,604.16","1,589.58","1,604.16","1,581.99","64.87M","0.92%"
"03/16/1995","1,589.58","1,611.73","1,617.44","1,577.97","55.18M","-1.37%"
"03/15/1995","1,611.73","1,591.07","1,632.01","1,585.46","79.15M","1.30%"
"03/14/1995","1,591.07","1,586.02","1,622.28","1,586.02","47.82M","0.32%"
"03/13/1995","1,586.02","1,601.40","1,601.47","1,561.26","45.67M","-0.25%"
"03/10/1995","1,590.00","1,540.54","1,606.61","1,521.40","115.34M","3.21%"
"03/09/1995","1,540.54","1,498.52","1,544.27","1,496.52","85.85M","2.80%"
"03/08/1995","1,498.52","1,524.20","1,530.85","1,494.41","42.95M","-1.68%"
"03/07/1995","1,524.20","1,522.72","1,537.25","1,515.18","34.20M","0.10%"
"03/06/1995","1,522.72","1,519.52","1,559.67","1,505.99","24.74M","0.21%"
"03/03/1995","1,519.52","1,517.08","1,519.58","1,483.36","33.59M","0.16%"
"03/02/1995","1,517.08","1,517.96","1,520.75","1,478.07","39.24M","-0.06%"
"03/01/1995","1,517.96","1,549.88","1,583.48","1,492.01","59.78M","-2.06%"
"02/28/1995","1,549.84","1,447.52","1,549.84","1,447.52","55.43M","7.07%"
"02/27/1995","1,447.52","1,553.89","1,553.89","1,447.52","44.05M","-6.85%"
"02/24/1995","1,553.89","1,611.73","1,615.71","1,553.89","71.41M","-3.59%"
"02/23/1995","1,611.73","1,708.28","1,717.43","1,606.86","72.54M","-5.65%"
"02/22/1995","1,708.28","1,679.19","1,724.60","1,636.98","77.51M","1.73%"
"02/21/1995","1,679.19","1,766.14","1,771.78","1,655.96","100.57M","-4.92%"
"02/20/1995","1,766.14","1,830.47","1,830.50","1,761.97","26.91M","-3.51%"
"02/17/1995","1,830.47","1,831.50","1,849.08","1,768.34","107.21M","-0.06%"
"02/16/1995","1,831.50","1,798.00","1,834.12","1,732.37","95.20M","1.86%"
"02/15/1995","1,798.00","1,918.63","1,918.63","1,798.00","71.68M","-6.41%"
"02/14/1995","1,921.08","1,930.17","1,947.58","1,915.39","31.57M","-0.47%"
"02/13/1995","1,930.17","1,968.30","1,968.30","1,926.28","15.58M","-1.94%"
"02/10/1995","1,968.30","1,933.48","1,974.02","1,933.45","80.03M","1.70%"
"02/09/1995","1,935.32","1,960.73","1,960.73","1,927.85","46.81M","-1.30%"
"02/08/1995","1,960.81","1,962.26","1,974.73","1,954.13","48.21M","-0.07%"
"02/07/1995","1,962.26","1,963.98","1,993.54","1,959.55","52.99M","-0.09%"
"02/06/1995","1,963.98","1,957.23","1,964.18","1,926.51","47.63M","0.34%"
"02/03/1995","1,957.23","1,943.88","1,964.45","1,907.82","93.67M","0.69%"
"02/02/1995","1,943.88","1,998.66","1,998.66","1,939.40","72.07M","-2.70%"
"02/01/1995","1,997.79","2,093.98","2,111.62","1,989.06","116.45M","-4.59%"
"01/31/1995","2,093.98","1,898.90","2,095.64","1,898.90","122.49M","10.27%"
"01/30/1995","1,898.90","1,957.65","1,957.65","1,885.47","80.56M","-3.00%"
"01/27/1995","1,957.65","2,018.61","2,023.40","1,951.53","58.21M","-3.02%"
"01/26/1995","2,018.61","2,056.59","2,060.12","2,016.38","62.08M","-1.85%"
"01/25/1995","2,056.59","2,096.12","2,108.24","2,056.22","55.91M","-1.86%"
"01/24/1995","2,095.61","2,068.49","2,134.86","2,065.93","76.68M","1.31%"
"01/23/1995","2,068.49","2,065.85","2,068.59","2,005.52","58.02M","0.13%"
"01/20/1995","2,065.85","2,051.89","2,066.84","1,994.12","85.82M","0.68%"
"01/19/1995","2,051.89","2,156.13","2,156.13","2,049.26","96.51M","-4.83%"
"01/18/1995","2,156.13","2,210.83","2,210.83","2,149.34","96.68M","-2.42%"
"01/17/1995","2,209.49","2,243.01","2,266.54","2,203.82","108.11M","-1.49%"
"01/16/1995","2,243.01","2,217.26","2,255.04","2,173.07","109.99M","1.19%"
"01/13/1995","2,216.55","2,118.82","2,223.96","2,118.82","128.05M","4.61%"
"01/12/1995","2,118.82","2,027.87","2,131.74","2,025.65","148.06M","4.49%"
"01/11/1995","2,027.87","1,972.33","2,046.71","1,840.43","131.64M","2.82%"
"01/10/1995","1,972.33","2,104.05","2,104.05","1,866.25","165.41M","-6.26%"
"01/09/1995","2,104.05","2,252.63","2,252.67","2,090.68","66.04M","-6.65%"
"01/06/1995","2,253.93","2,273.10","2,276.70","2,245.48","81.54M","-0.84%"
"01/05/1995","2,273.10","2,269.87","2,296.46","2,255.53","119.35M","0.14%"
"01/04/1995","2,269.87","2,278.47","2,278.47","2,145.06","134.27M","-0.38%"
"01/03/1995","2,278.47","2,354.24","2,378.09","2,278.13","93.59M","-3.22%"
"01/02/1995","2,354.24","2,376.96","2,381.43","2,349.62","32.91M","-0.90%"
"12/30/1994","2,375.66","2,411.06","2,411.06","2,359.86","53.74M","-1.47%"
"12/29/1994","2,411.06","2,337.72","2,421.25","2,337.72","98.83M","3.14%"
"12/28/1994","2,337.72","2,276.90","2,337.72","2,265.42","108.50M","2.67%"
"12/27/1994","2,276.90","2,342.79","2,364.64","2,272.42","117.01M","-2.81%"
"12/26/1994","2,342.79","2,341.85","2,362.93","2,333.58","39.80M","0.04%"
"12/23/1994","2,341.85","2,306.26","2,386.29","2,290.11","108.85M","1.54%"
"12/22/1994","2,306.26","2,203.67","2,332.64","2,151.15","210.33M","4.66%"
"12/21/1994","2,203.67","2,274.17","2,274.17","2,007.57","110.28M","-3.10%"
"12/20/1994","2,274.17","2,231.11","2,398.37","2,224.54","133.19M","1.93%"
"12/19/1994","2,231.11","2,327.59","2,327.59","2,229.17","26.35M","-4.15%"
"12/16/1994","2,327.59","2,377.54","2,377.54","2,319.61","36.98M","-2.15%"
"12/15/1994","2,378.66","2,401.55","2,401.55","2,361.42","29.01M","-0.95%"
"12/14/1994","2,401.55","2,407.99","2,437.26","2,389.04","32.23M","-0.27%"
"12/13/1994","2,407.99","2,467.79","2,468.06","2,399.71","20.81M","-2.42%"
"12/09/1994","2,467.79","2,499.90","2,499.90","2,459.34","28.94M","-1.28%"
"12/08/1994","2,499.90","2,520.89","2,528.00","2,494.97","21.52M","-0.83%"
"12/07/1994","2,520.89","2,514.36","2,532.01","2,514.07","37.41M","0.26%"
"12/06/1994","2,514.36","2,521.42","2,521.66","2,507.36","45.19M","-0.28%"
"12/05/1994","2,521.42","2,537.48","2,547.39","2,510.46","43.08M","-0.63%"
"12/02/1994","2,537.48","2,591.34","2,591.34","2,522.19","52.66M","-2.08%"
"11/30/1994","2,591.34","2,596.16","2,622.65","2,570.28","88.46M","-0.19%"
"11/29/1994","2,596.16","2,562.83","2,608.29","2,562.83","74.94M","1.30%"
"11/28/1994","2,562.83","2,485.17","2,562.83","2,484.58","62.11M","3.12%"
"11/25/1994","2,485.17","2,438.96","2,486.47","2,438.96","39.90M","1.89%"
"11/24/1994","2,438.96","2,416.67","2,438.96","2,414.89","61.31M","0.92%"
"11/23/1994","2,416.67","2,451.17","2,451.17","2,371.00","60.01M","-1.40%"
"11/22/1994","2,451.06","2,428.19","2,474.90","2,413.28","55.85M","0.94%"
"11/21/1994","2,428.19","2,429.11","2,429.11","2,394.80","53.22M","-0.04%"
"11/18/1994","2,429.11","2,465.21","2,465.38","2,422.80","41.86M","-1.46%"
"11/17/1994","2,465.21","2,510.41","2,510.59","2,459.53","63.02M","-1.80%"
"11/16/1994","2,510.41","2,459.15","2,510.41","2,459.15","37.30M","2.08%"
"11/15/1994","2,459.15","2,486.64","2,486.64","2,450.02","39.61M","-1.11%"
"11/14/1994","2,486.64","2,526.99","2,540.38","2,484.90","35.39M","-1.60%"
"11/11/1994","2,526.99","2,492.32","2,531.80","2,492.32","69.52M","1.39%"
"11/10/1994","2,492.32","2,618.94","2,618.94","2,492.32","79.57M","-4.83%"
"11/09/1994","2,618.94","2,611.94","2,632.05","2,611.84","70.36M","0.27%"
"11/08/1994","2,611.94","2,588.35","2,616.01","2,585.76","52.13M","0.91%"
"11/07/1994","2,588.35","2,581.64","2,589.68","2,579.11","29.21M","0.26%"
"11/04/1994","2,581.64","2,543.07","2,581.64","2,543.07","38.56M","1.52%"
"11/03/1994","2,543.07","2,537.80","2,562.55","2,537.54","31.45M","-0.35%"
"10/31/1994","2,552.08","2,571.52","2,575.40","2,543.37","23.09M","-0.76%"
"10/28/1994","2,571.52","2,592.29","2,596.62","2,560.30","49.26M","-0.80%"
"10/27/1994","2,592.29","2,580.00","2,621.07","2,580.00","62.83M","0.48%"
"10/26/1994","2,580.00","2,578.38","2,580.00","2,543.66","84.68M","0.06%"
"10/25/1994","2,578.38","2,633.62","2,633.62","2,507.68","103.35M","-2.10%"
"10/24/1994","2,633.62","2,686.86","2,686.86","2,619.73","26.54M","-1.98%"
"10/21/1994","2,686.86","2,743.17","2,743.17","2,685.12","38.06M","-2.06%"
"10/20/1994","2,743.36","2,750.13","2,750.13","2,729.21","46.22M","-0.25%"
"10/19/1994","2,750.13","2,725.05","2,753.48","2,724.31","58.88M","0.92%"
"10/18/1994","2,725.05","2,755.97","2,755.97","2,719.09","46.52M","-1.12%"
"10/17/1994","2,755.97","2,777.69","2,785.03","2,754.69","30.37M","-0.78%"
"10/14/1994","2,777.69","2,759.61","2,778.38","2,742.95","61.48M","0.66%"
"10/13/1994","2,759.61","2,740.82","2,772.39","2,740.82","70.91M","0.69%"
"10/12/1994","2,740.82","2,665.59","2,743.61","2,665.59","92.74M","2.82%"
"10/11/1994","2,665.59","2,621.63","2,665.65","2,618.87","69.80M","1.68%"
"10/10/1994","2,621.63","2,649.71","2,649.71","2,618.14","30.00M","-1.06%"
"10/07/1994","2,649.79","2,636.91","2,677.24","2,636.91","63.08M","0.49%"
"10/06/1994","2,636.91","2,641.39","2,657.88","2,631.90","52.90M","-0.17%"
"10/05/1994","2,641.39","2,670.02","2,670.02","2,591.00","86.36M","-1.07%"
"10/04/1994","2,670.02","2,686.01","2,696.66","2,667.23","81.96M","-0.60%"
"10/03/1994","2,686.01","2,746.11","2,746.11","2,668.76","47.78M","-2.19%"
"09/30/1994","2,746.11","2,717.51","2,746.62","2,717.51","73.56M","1.05%"
"09/29/1994","2,717.51","2,764.82","2,764.82","2,711.79","80.60M","-1.71%"
"09/28/1994","2,764.82","2,818.43","2,822.22","2,730.05","149.57M","-1.90%"
"09/27/1994","2,818.43","2,840.08","2,840.08","2,814.89","56.16M","-0.76%"
"09/26/1994","2,840.08","2,857.52","2,864.78","2,833.06","46.92M","-0.61%"
"09/23/1994","2,857.52","2,828.51","2,863.39","2,828.51","88.22M","1.03%"
"09/22/1994","2,828.51","2,794.83","2,828.70","2,792.19","55.36M","1.21%"
"09/21/1994","2,794.83","2,810.07","2,811.75","2,787.33","55.29M","-0.54%"
"09/20/1994","2,810.07","2,803.62","2,827.67","2,797.64","79.66M","0.23%"
"09/19/1994","2,803.62","2,804.64","2,805.00","2,784.33","39.49M","-0.04%"
"09/15/1994","2,804.64","2,743.15","2,804.64","2,743.15","69.56M","2.24%"
"09/14/1994","2,743.15","2,713.34","2,747.89","2,709.67","39.93M","1.10%"
"09/13/1994","2,713.34","2,708.79","2,725.25","2,704.68","47.52M","0.17%"
"09/12/1994","2,708.79","2,755.35","2,755.35","2,708.30","29.61M","-1.69%"
"09/09/1994","2,755.35","2,762.16","2,762.16","2,747.86","48.16M","-0.25%"
"09/08/1994","2,762.16","2,738.92","2,762.30","2,738.92","56.28M","0.85%"
"09/07/1994","2,738.92","2,704.07","2,751.63","2,704.07","69.81M","1.29%"
"09/06/1994","2,704.07","2,666.03","2,704.07","2,642.72","36.30M","1.43%"
"09/05/1994","2,666.03","2,670.95","2,671.19","2,662.57","11.92M","-0.33%"
"09/02/1994","2,674.83","2,692.32","2,694.90","2,668.39","29.61M","-0.70%"
"09/01/1994","2,693.61","2,702.73","2,735.54","2,690.15","44.07M","-0.34%"
"08/31/1994","2,702.73","2,731.60","2,732.84","2,701.85","80.53M","-1.10%"
"08/30/1994","2,732.84","2,745.95","2,745.95","2,715.52","110.62M","-0.48%"
"08/29/1994","2,745.95","2,772.17","2,773.34","2,743.17","26.07M","-0.95%"
"08/26/1994","2,772.17","2,776.21","2,779.06","2,747.17","53.20M","-0.15%"
"08/25/1994","2,776.21","2,798.22","2,821.44","2,773.37","78.08M","-0.79%"
"08/24/1994","2,798.22","2,755.53","2,798.85","2,725.84","93.17M","1.55%"
"08/23/1994","2,755.53","2,758.97","2,800.86","2,755.06","137.77M","-0.12%"
"08/22/1994","2,758.97","2,708.18","2,779.39","2,708.18","119.64M","1.88%"
"08/19/1994","2,708.18","2,698.16","2,712.05","2,693.29","82.28M","0.37%"
"08/18/1994","2,698.24","2,699.65","2,708.64","2,681.60","88.12M","-0.05%"
"08/17/1994","2,699.65","2,694.60","2,733.47","2,694.60","131.46M","0.19%"
"08/16/1994","2,694.60","2,651.50","2,697.58","2,650.47","77.85M","1.63%"
"08/15/1994","2,651.50","2,637.76","2,664.89","2,637.68","57.29M","0.52%"
"08/12/1994","2,637.76","2,596.89","2,646.62","2,596.89","98.86M","1.57%"
"08/11/1994","2,596.89","2,574.67","2,596.89","2,554.26","62.97M","0.86%"
"08/10/1994","2,574.67","2,594.96","2,603.07","2,570.04","62.43M","-0.78%"
"08/09/1994","2,594.96","2,603.90","2,629.59","2,583.00","83.16M","-0.34%"
"08/08/1994","2,603.90","2,642.97","2,715.46","2,588.10","117.93M","-1.48%"
"08/05/1994","2,642.97","2,573.81","2,643.87","2,556.54","87.30M","2.69%"
"08/04/1994","2,573.81","2,567.31","2,583.72","2,537.38","89.20M","0.25%"
"08/03/1994","2,567.31","2,538.52","2,567.31","2,534.16","99.59M","1.13%"
"08/02/1994","2,538.52","2,473.54","2,538.52","2,473.54","111.47M","2.63%"
"08/01/1994","2,473.54","2,462.27","2,474.66","2,451.82","58.15M","0.46%"
"07/29/1994","2,462.27","2,429.15","2,487.51","2,429.15","118.00M","1.36%"
"07/28/1994","2,429.15","2,433.22","2,441.02","2,412.56","121.79M","-0.17%"
"07/27/1994","2,433.22","2,393.40","2,433.22","2,393.40","113.49M","1.66%"
"07/26/1994","2,393.40","2,313.94","2,393.40","2,313.94","82.25M","3.43%"
"07/25/1994","2,313.94","2,300.66","2,316.63","2,298.13","41.71M","0.58%"
"07/22/1994","2,300.66","2,232.81","2,300.66","2,232.62","53.32M","3.04%"
"07/21/1994","2,232.81","2,210.95","2,232.81","2,193.93","36.40M","0.99%"
"07/20/1994","2,210.95","2,254.06","2,254.06","2,210.15","22.99M","-1.97%"
"07/19/1994","2,255.30","2,274.26","2,274.91","2,254.08","14.50M","-0.83%"
"07/18/1994","2,274.26","2,281.23","2,281.51","2,272.34","17.74M","-0.31%"
"07/15/1994","2,281.23","2,282.61","2,285.57","2,279.23","18.99M","-0.07%"
"07/14/1994","2,282.78","2,264.97","2,287.16","2,264.97","35.68M","0.79%"
"07/13/1994","2,264.97","2,288.28","2,288.28","2,263.82","23.29M","-1.02%"
"07/12/1994","2,288.28","2,292.00","2,292.00","2,282.00","26.58M","-0.16%"
"07/11/1994","2,292.00","2,314.77","2,314.77","2,284.12","26.30M","-0.98%"
"07/08/1994","2,314.77","2,334.39","2,334.63","2,311.54","30.47M","-0.84%"
"07/07/1994","2,334.39","2,309.99","2,357.31","2,309.99","63.00M","1.06%"
"07/06/1994","2,309.99","2,276.06","2,310.15","2,268.10","47.47M","1.49%"
"07/05/1994","2,276.06","2,267.54","2,276.06","2,265.79","16.74M","0.38%"
"07/04/1994","2,267.54","2,262.65","2,267.54","2,261.40","5.92M","0.22%"
"07/01/1994","2,262.65","2,262.58","2,263.62","2,244.43","26.55M","0.00%"
"06/30/1994","2,262.58","2,263.37","2,275.99","2,256.06","47.98M","-0.37%"
"06/29/1994","2,270.93","2,232.73","2,273.52","2,232.73","56.80M","1.71%"
"06/28/1994","2,232.73","2,239.19","2,239.19","2,218.40","47.61M","-0.29%"
"06/27/1994","2,239.19","2,187.27","2,239.19","2,187.27","47.08M","2.37%"
"06/24/1994","2,187.27","2,242.93","2,242.93","2,186.27","40.97M","-2.48%"
"06/23/1994","2,242.93","2,257.63","2,258.19","2,237.24","46.13M","-0.65%"
"06/22/1994","2,257.63","2,257.69","2,276.84","2,253.18","54.06M","0.00%"
"06/21/1994","2,257.69","2,283.61","2,283.72","2,248.64","34.81M","-1.14%"
"06/20/1994","2,283.61","2,310.50","2,310.50","2,279.41","37.55M","-1.16%"
"06/17/1994","2,310.50","2,326.80","2,326.80","2,303.23","76.76M","-0.70%"
"06/16/1994","2,326.80","2,295.61","2,326.80","2,293.57","78.04M","1.30%"
"06/15/1994","2,296.87","2,304.72","2,311.69","2,294.69","86.71M","-0.18%"
"06/14/1994","2,300.94","2,291.12","2,302.74","2,281.15","102.50M","0.43%"
"06/13/1994","2,291.12","2,385.33","2,385.33","2,289.90","58.30M","-3.96%"
"06/10/1994","2,385.55","2,413.36","2,418.93","2,383.92","74.44M","-1.15%"
"06/09/1994","2,413.36","2,409.98","2,413.36","2,373.34","96.13M","0.14%"
"06/08/1994","2,409.98","2,456.85","2,456.85","2,394.95","54.54M","-1.88%"
"06/07/1994","2,456.25","2,494.84","2,498.62","2,454.09","96.29M","-1.55%"
"06/06/1994","2,494.84","2,473.80","2,494.84","2,473.80","75.90M","1.21%"
"06/03/1994","2,464.98","2,446.06","2,471.25","2,445.80","92.74M","0.77%"
"06/02/1994","2,446.06","2,438.98","2,466.69","2,405.93","79.48M","0.29%"
"06/01/1994","2,438.98","2,483.73","2,483.73","2,436.89","69.99M","-1.80%"
"05/31/1994","2,483.73","2,485.41","2,498.74","2,473.56","82.02M","-0.07%"
"05/30/1994","2,485.41","2,485.05","2,486.31","2,477.49","15.77M","0.01%"
"05/27/1994","2,485.05","2,455.45","2,485.05","2,445.71","50.16M","1.21%"
"05/26/1994","2,455.45","2,472.16","2,472.50","2,442.13","100.23M","-0.68%"
"05/25/1994","2,472.16","2,468.52","2,479.13","2,451.35","118.00M","0.15%"
"05/24/1994","2,468.52","2,431.43","2,468.52","2,431.43","155.55M","1.53%"
"05/23/1994","2,431.43","2,417.30","2,444.39","2,417.30","124.50M","0.58%"
"05/20/1994","2,417.30","2,404.91","2,428.89","2,397.81","90.20M","0.52%"
"05/19/1994","2,404.91","2,375.18","2,416.00","2,375.18","111.86M","1.25%"
"05/18/1994","2,375.18","2,288.59","2,375.18","2,288.11","140.41M","3.78%"
"05/17/1994","2,288.59","2,239.84","2,288.59","2,239.84","90.55M","2.18%"
"05/16/1994","2,239.84","2,240.17","2,257.27","2,238.21","47.23M","-0.01%"
"05/13/1994","2,240.17","2,235.70","2,240.40","2,232.16","66.32M","0.20%"
"05/12/1994","2,235.70","2,179.57","2,235.70","2,179.57","78.14M","2.58%"
"05/11/1994","2,179.57","2,215.61","2,230.51","2,179.57","90.76M","-1.51%"
"05/10/1994","2,213.09","2,147.58","2,216.13","2,147.58","74.84M","3.05%"
"05/09/1994","2,147.58","2,176.70","2,176.70","2,142.37","21.55M","-1.34%"
"05/06/1994","2,176.70","2,235.80","2,235.80","2,171.05","48.95M","-2.61%"
"05/04/1994","2,235.12","2,239.23","2,239.50","2,225.55","60.74M","-0.18%"
"05/03/1994","2,239.23","2,230.73","2,239.23","2,193.92","81.93M","0.38%"
"05/02/1994","2,230.73","2,294.10","2,294.10","2,223.45","35.36M","-2.76%"
"04/29/1994","2,294.10","2,321.23","2,324.88","2,289.86","46.65M","-1.17%"
"04/28/1994","2,321.23","2,332.78","2,332.84","2,296.92","72.14M","-0.50%"
"04/27/1994","2,332.78","2,284.13","2,363.87","2,284.13","79.85M","2.13%"
"04/26/1994","2,284.13","2,191.08","2,284.22","2,191.08","88.61M","4.25%"
"04/25/1994","2,191.08","2,209.31","2,289.69","2,166.31","86.18M","-0.83%"
"04/22/1994","2,209.31","2,075.32","2,209.55","2,062.83","116.59M","6.46%"
"04/21/1994","2,075.32","1,957.33","2,075.32","1,934.77","82.30M","6.03%"
"04/20/1994","1,957.33","2,064.77","2,064.94","1,955.72","80.92M","-5.20%"
"04/19/1994","2,064.77","2,137.62","2,137.62","2,064.71","54.51M","-3.41%"
"04/18/1994","2,137.62","2,198.64","2,198.64","2,135.28","31.78M","-2.78%"
"04/15/1994","2,198.64","2,206.51","2,216.94","2,191.17","57.24M","-0.36%"
"04/14/1994","2,206.51","2,196.14","2,207.14","2,187.72","53.60M","0.30%"
"04/13/1994","2,199.90","2,243.16","2,243.16","2,195.92","41.21M","-1.93%"
"04/12/1994","2,243.16","2,208.48","2,243.16","2,175.78","58.39M","1.57%"
"04/11/1994","2,208.48","2,229.25","2,229.40","2,199.60","24.29M","-0.93%"
"04/08/1994","2,229.25","2,273.33","2,273.33","2,218.39","28.24M","-1.94%"
"04/07/1994","2,273.33","2,260.19","2,279.55","2,257.69","67.71M","0.57%"
"04/06/1994","2,260.52","2,234.15","2,261.66","2,201.02","61.28M","1.18%"
"04/05/1994","2,234.15","2,265.49","2,294.97","2,229.42","69.56M","-1.38%"
"04/04/1994","2,265.49","2,400.38","2,400.38","2,262.58","36.26M","-6.01%"
"03/30/1994","2,410.38","2,457.59","2,457.59","2,392.15","42.28M","-1.92%"
"03/29/1994","2,457.59","2,446.15","2,486.37","2,417.38","80.62M","0.47%"
"03/28/1994","2,446.15","2,509.60","2,510.85","2,440.50","39.97M","-2.96%"
"03/25/1994","2,520.78","2,542.88","2,543.38","2,436.36","81.21M","-0.90%"
"03/23/1994","2,543.57","2,511.92","2,560.44","2,511.92","102.38M","1.26%"
"03/22/1994","2,511.92","2,383.01","2,511.93","2,368.06","74.29M","5.41%"
"03/18/1994","2,383.01","2,396.67","2,396.67","2,376.08","29.82M","-0.57%"
"03/17/1994","2,396.67","2,382.23","2,402.57","2,381.88","44.54M","0.61%"
"03/16/1994","2,382.23","2,362.03","2,426.45","2,358.37","97.01M","0.86%"
"03/15/1994","2,362.03","2,429.88","2,429.88","2,362.03","79.10M","-2.79%"
"03/14/1994","2,429.88","2,510.93","2,512.19","2,429.88","49.77M","-3.23%"
"03/11/1994","2,510.93","2,506.14","2,514.67","2,482.50","84.32M","0.19%"
"03/10/1994","2,506.14","2,533.08","2,536.68","2,497.80","65.81M","-1.06%"
"03/09/1994","2,533.08","2,571.41","2,571.41","2,513.51","88.73M","-1.49%"
"03/08/1994","2,571.41","2,617.91","2,618.74","2,571.27","77.13M","-1.17%"
"03/07/1994","2,601.89","2,569.52","2,602.41","2,569.49","71.24M","1.26%"
"03/04/1994","2,569.52","2,561.93","2,570.76","2,549.97","63.61M","0.30%"
"03/03/1994","2,561.93","2,561.44","2,592.13","2,555.04","93.60M","-0.03%"
"03/02/1994","2,562.68","2,514.15","2,562.85","2,470.56","100.97M","1.93%"
"03/01/1994","2,514.15","2,585.44","2,585.76","2,498.31","74.43M","-2.76%"
"02/28/1994","2,585.44","2,596.39","2,612.12","2,581.61","44.65M","-0.42%"
"02/25/1994","2,596.39","2,592.33","2,611.66","2,566.43","83.04M","0.16%"
"02/24/1994","2,592.33","2,572.35","2,617.28","2,495.64","113.70M","0.78%"
"02/23/1994","2,572.35","2,635.05","2,643.17","2,550.17","84.50M","-2.38%"
"02/22/1994","2,635.05","2,684.14","2,684.88","2,633.76","50.70M","-1.83%"
"02/21/1994","2,684.14","2,709.22","2,709.22","2,676.00","21.94M","-0.93%"
"02/18/1994","2,709.22","2,775.52","2,776.00","2,690.99","157.36M","-2.39%"
"02/17/1994","2,775.52","2,780.23","2,787.98","2,771.07","69.98M","-0.17%"
"02/16/1994","2,780.23","2,760.59","2,786.93","2,760.59","68.64M","0.71%"
"02/15/1994","2,760.59","2,778.83","2,778.89","2,758.36","58.22M","-0.66%"
"02/14/1994","2,778.83","2,802.06","2,805.64","2,772.50","52.00M","-0.83%"
"02/11/1994","2,802.06","2,818.44","2,826.32","2,795.08","84.88M","-0.58%"
"02/10/1994","2,818.44","2,859.63","2,859.96","2,814.03","69.13M","-1.44%"
"02/09/1994","2,859.63","2,881.17","2,895.89","2,837.67","82.33M","-0.75%"
"02/08/1994","2,881.17","2,824.40","2,881.89","2,824.40","103.02M","2.01%"
"02/07/1994","2,824.40","2,822.64","2,824.81","2,776.32","87.70M","0.05%"
"02/04/1994","2,822.98","2,822.51","2,848.15","2,804.03","94.97M","0.02%"
"02/03/1994","2,822.51","2,784.90","2,823.38","2,782.42","113.40M","1.35%"
"02/02/1994","2,784.90","2,787.32","2,787.97","2,770.07","72.56M","-0.09%"
"02/01/1994","2,787.32","2,781.37","2,810.50","2,767.66","114.20M","0.21%"
"01/31/1994","2,781.37","2,743.20","2,790.88","2,743.20","83.92M","1.39%"
"01/28/1994","2,743.20","2,712.91","2,752.46","2,712.91","107.49M","1.12%"
"01/27/1994","2,712.91","2,659.29","2,712.91","2,659.29","102.79M","2.02%"
"01/26/1994","2,659.29","2,659.90","2,659.90","2,637.97","127.16M","-0.02%"
"01/25/1994","2,659.90","2,693.71","2,693.71","2,646.95","61.54M","-1.26%"
"01/24/1994","2,693.71","2,683.18","2,693.92","2,665.54","54.52M","0.39%"
"01/21/1994","2,683.18","2,656.07","2,696.72","2,656.07","86.04M","1.02%"
"01/20/1994","2,656.07","2,601.50","2,659.20","2,601.01","71.59M","2.10%"
"01/19/1994","2,601.50","2,556.62","2,628.23","2,556.62","102.63M","1.76%"
"01/18/1994","2,556.62","2,506.33","2,557.92","2,506.23","94.54M","2.01%"
"01/17/1994","2,506.33","2,486.68","2,506.38","2,486.68","36.16M","0.79%"
"01/14/1994","2,486.68","2,535.58","2,536.50","2,480.50","56.89M","-1.93%"
"01/13/1994","2,535.58","2,565.33","2,565.91","2,529.10","52.67M","-1.16%"
"01/12/1994","2,565.33","2,554.56","2,582.77","2,538.64","88.53M","0.42%"
"01/11/1994","2,554.56","2,459.11","2,582.91","2,459.11","123.82M","3.88%"
"01/10/1994","2,459.11","2,625.03","2,625.03","2,453.02","122.93M","-6.32%"
"01/07/1994","2,625.03","2,684.17","2,684.17","2,621.14","109.14M","-2.20%"
"01/06/1994","2,684.17","2,657.31","2,692.95","2,654.36","111.58M","1.01%"
"01/05/1994","2,657.31","2,558.89","2,670.35","2,558.89","128.71M","3.85%"
"01/04/1994","2,558.89","2,502.23","2,558.89","2,444.62","158.25M","2.26%"
"01/03/1994","2,502.23","2,602.63","2,602.63","2,499.34","61.01M","-3.86%"
"12/30/1993","2,602.63","2,599.91","2,610.37","2,599.42","44.75M","0.10%"
"12/29/1993","2,599.91","2,574.66","2,599.91","2,571.45","39.93M","0.98%"
"12/28/1993","2,574.66","2,593.57","2,597.70","2,568.92","52.24M","-0.73%"
"12/27/1993","2,593.57","2,567.07","2,593.62","2,567.07","51.99M","1.03%"
"12/24/1993","2,567.07","2,561.84","2,567.07","2,552.20","54.22M","0.20%"
"12/23/1993","2,561.84","2,505.61","2,565.10","2,505.61","102.16M","2.24%"
"12/22/1993","2,505.61","2,479.73","2,506.03","2,479.73","74.47M","1.04%"
"12/21/1993","2,479.73","2,491.02","2,511.26","2,478.17","113.62M","-0.45%"
"12/20/1993","2,491.02","2,454.57","2,491.02","2,454.20","92.09M","1.48%"
"12/17/1993","2,454.57","2,422.85","2,454.57","2,422.68","121.86M","1.31%"
"12/16/1993","2,422.85","2,389.86","2,426.22","2,389.49","118.34M","1.38%"
"12/15/1993","2,389.86","2,366.59","2,390.85","2,354.60","102.76M","0.98%"
"12/14/1993","2,366.59","2,411.61","2,411.61","2,352.21","52.85M","-1.87%"
"12/13/1993","2,411.61","2,409.35","2,419.53","2,408.99","64.96M","0.09%"
"12/10/1993","2,409.35","2,398.14","2,411.63","2,391.51","85.09M","0.47%"
"12/09/1993","2,398.14","2,433.27","2,445.01","2,394.09","145.68M","-1.44%"
"12/08/1993","2,433.27","2,384.08","2,434.53","2,384.03","153.12M","2.06%"
"12/07/1993","2,384.08","2,386.14","2,386.26","2,361.67","98.93M","-0.09%"
"12/06/1993","2,386.14","2,324.09","2,390.83","2,324.09","141.92M","2.67%"
"12/03/1993","2,324.09","2,270.78","2,324.92","2,270.67","142.60M","2.35%"
"12/02/1993","2,270.78","2,231.53","2,272.57","2,230.59","86.71M","1.76%"
"12/01/1993","2,231.53","2,215.69","2,231.54","2,215.69","54.05M","0.71%"
"11/30/1993","2,215.69","2,243.13","2,243.13","2,206.40","66.94M","-1.22%"
"11/29/1993","2,243.13","2,261.20","2,272.44","2,223.19","81.57M","-0.80%"
"11/26/1993","2,261.20","2,231.14","2,261.29","2,231.14","113.69M","1.35%"
"11/25/1993","2,231.14","2,164.07","2,231.95","2,163.90","88.24M","3.10%"
"11/24/1993","2,164.07","2,156.08","2,164.07","2,148.39","59.54M","0.37%"
"11/23/1993","2,156.08","2,182.94","2,184.79","2,150.46","51.75M","-1.23%"
"11/22/1993","2,182.94","2,185.66","2,188.86","2,181.28","66.68M","-0.12%"
"11/19/1993","2,185.66","2,166.04","2,185.66","2,143.94","78.98M","0.91%"
"11/18/1993","2,166.04","2,148.50","2,174.51","2,145.52","113.39M","0.82%"
"11/17/1993","2,148.50","2,159.35","2,177.30","2,129.29","126.85M","-0.50%"
"11/16/1993","2,159.35","2,123.33","2,170.84","2,123.33","209.55M","1.70%"
"11/15/1993","2,123.33","2,108.44","2,132.20","2,107.73","133.88M","0.71%"
"11/12/1993","2,108.44","2,056.35","2,109.82","2,056.35","157.57M","2.53%"
"11/11/1993","2,056.35","2,035.33","2,100.33","2,035.33","163.85M","1.03%"
"11/10/1993","2,035.33","1,953.84","2,041.10","1,953.61","144.50M","4.17%"
"11/09/1993","1,953.84","1,927.92","1,953.84","1,927.87","110.05M","1.34%"
"11/08/1993","1,927.92","1,968.07","1,968.46","1,926.61","50.34M","-2.04%"
"11/05/1993","1,968.07","2,011.98","2,011.98","1,950.41","112.06M","-2.18%"
"11/04/1993","2,011.98","2,000.05","2,012.06","1,987.45","95.17M","0.60%"
"11/03/1993","2,000.05","2,018.64","2,033.58","1,998.75","88.35M","-1.00%"
"10/29/1993","2,020.26","1,977.98","2,020.26","1,977.98","91.71M","2.14%"
"10/28/1993","1,977.98","2,010.42","2,010.42","1,977.64","54.85M","-1.61%"
"10/27/1993","2,010.42","2,029.06","2,039.29","1,999.47","137.34M","-0.92%"
"10/26/1993","2,029.06","2,004.64","2,035.19","1,999.58","123.33M","1.22%"
"10/25/1993","2,004.64","2,027.24","2,027.24","2,002.56","86.42M","-1.11%"
"10/22/1993","2,027.12","2,011.41","2,031.40","2,011.41","163.73M","0.78%"
"10/21/1993","2,011.41","1,982.95","2,011.41","1,982.95","122.32M","1.44%"
"10/20/1993","1,982.95","1,960.63","1,983.18","1,959.23","118.47M","1.14%"
"10/19/1993","1,960.63","1,991.61","1,991.61","1,955.15","83.60M","-1.56%"
"10/18/1993","1,991.61","1,972.28","1,991.80","1,971.13","153.23M","1.46%"
"10/15/1993","1,962.87","1,950.81","1,970.02","1,950.81","88.57M","0.62%"
"10/14/1993","1,950.81","1,944.04","1,954.56","1,934.90","113.88M","0.35%"
"10/13/1993","1,944.04","1,905.62","1,947.75","1,905.62","124.03M","2.02%"
"10/11/1993","1,905.62","1,865.48","1,907.75","1,865.23","90.36M","2.15%"
"10/08/1993","1,865.48","1,850.06","1,865.48","1,850.06","67.53M","0.83%"
"10/07/1993","1,850.06","1,852.18","1,853.02","1,845.06","62.83M","-0.11%"
"10/06/1993","1,852.18","1,848.90","1,852.57","1,844.68","78.86M","0.18%"
"10/05/1993","1,848.90","1,848.22","1,848.90","1,843.31","48.66M","0.04%"
"10/04/1993","1,848.22","1,834.02","1,848.34","1,834.02","122.39M","0.77%"
"10/01/1993","1,834.02","1,839.18","1,839.18","1,825.76","37.25M","-0.36%"
"09/30/1993","1,840.72","1,860.13","1,860.37","1,834.13","36.59M","-1.04%"
"09/29/1993","1,860.13","1,846.62","1,860.13","1,843.93","45.11M","0.73%"
"09/28/1993","1,846.62","1,836.71","1,846.62","1,831.45","46.05M","0.54%"
"09/27/1993","1,836.71","1,841.25","1,841.43","1,835.24","33.89M","-0.25%"
"09/24/1993","1,841.25","1,837.36","1,860.90","1,837.36","65.77M","0.22%"
"09/23/1993","1,837.24","1,802.41","1,837.24","1,802.41","55.41M","1.93%"
"09/22/1993","1,802.41","1,775.22","1,802.66","1,775.22","44.69M","1.53%"
"09/21/1993","1,775.22","1,800.98","1,818.46","1,770.86","88.09M","-1.44%"
"09/20/1993","1,801.13","1,829.14","1,830.15","1,801.05","30.63M","-1.46%"
"09/17/1993","1,827.80","1,848.34","1,848.34","1,824.47","63.92M","-1.11%"
"09/15/1993","1,848.34","1,864.88","1,864.88","1,841.46","68.00M","-0.89%"
"09/14/1993","1,864.88","1,892.65","1,903.26","1,856.28","71.20M","-1.47%"
"09/13/1993","1,892.65","1,922.93","1,922.93","1,887.14","47.84M","-1.57%"
"09/10/1993","1,922.93","1,936.37","1,936.37","1,922.01","40.40M","-0.69%"
"09/09/1993","1,936.37","1,943.46","1,943.46","1,919.17","74.20M","-0.36%"
"09/08/1993","1,943.46","1,949.51","1,949.51","1,933.68","65.85M","-0.31%"
"09/07/1993","1,949.51","1,929.98","1,953.14","1,929.98","63.91M","1.01%"
"09/06/1993","1,929.98","1,933.28","1,933.29","1,927.14","22.98M","-0.17%"
"09/03/1993","1,933.28","1,930.77","1,936.66","1,930.48","62.62M","-0.09%"
"09/02/1993","1,935.01","1,916.65","1,937.72","1,916.65","60.59M","0.96%"
"09/01/1993","1,916.65","1,905.59","1,918.59","1,905.59","55.07M","0.58%"
"08/31/1993","1,905.59","1,908.92","1,920.45","1,901.48","62.56M","-0.17%"
"08/30/1993","1,908.92","1,930.13","1,931.47","1,908.92","34.37M","-1.58%"
"08/27/1993","1,939.56","1,941.36","1,962.14","1,935.38","83.45M","-0.09%"
"08/26/1993","1,941.36","1,916.79","1,941.36","1,912.25","86.74M","1.21%"
"08/25/1993","1,918.14","1,930.97","1,931.20","1,912.48","86.46M","-0.66%"
"08/24/1993","1,930.97","1,932.57","1,938.40","1,917.19","134.67M","-0.08%"
"08/23/1993","1,932.57","1,909.38","1,934.73","1,904.65","102.59M","1.21%"
"08/20/1993","1,909.38","1,877.96","1,909.38","1,874.30","100.20M","1.67%"
"08/19/1993","1,877.96","1,868.81","1,878.12","1,868.81","88.74M","0.49%"
"08/18/1993","1,868.81","1,873.09","1,881.61","1,866.17","79.35M","-0.23%"
"08/17/1993","1,873.09","1,842.58","1,873.88","1,842.58","94.89M","1.66%"
"08/16/1993","1,842.58","1,841.82","1,845.15","1,836.23","58.14M","-0.11%"
"08/13/1993","1,844.52","1,778.89","1,844.52","1,778.89","137.75M","3.69%"
"08/12/1993","1,778.89","1,810.10","1,810.10","1,774.21","90.33M","-1.72%"
"08/11/1993","1,810.10","1,782.11","1,810.10","1,778.23","73.39M","1.29%"
"08/10/1993","1,787.10","1,807.02","1,807.02","1,787.10","48.31M","-1.10%"
"08/09/1993","1,807.02","1,805.85","1,809.28","1,798.16","48.97M","0.06%"
"08/06/1993","1,805.85","1,807.22","1,807.64","1,797.05","59.61M","-0.08%"
"08/05/1993","1,807.22","1,804.72","1,816.13","1,799.21","74.43M","0.14%"
"08/04/1993","1,804.72","1,777.05","1,805.22","1,765.77","73.80M","1.56%"
"08/03/1993","1,777.05","1,790.84","1,790.84","1,771.72","46.14M","-0.77%"
"08/02/1993","1,790.84","1,779.83","1,793.44","1,779.83","42.48M","1.19%"
"07/30/1993","1,769.71","1,765.21","1,784.72","1,765.21","118.22M","0.25%"
"07/29/1993","1,765.21","1,739.97","1,766.95","1,724.73","78.11M","1.41%"
"07/28/1993","1,740.60","1,771.08","1,771.08","1,736.62","47.28M","-1.72%"
"07/27/1993","1,771.08","1,776.23","1,776.43","1,761.80","104.93M","-0.29%"
"07/26/1993","1,776.23","1,755.78","1,777.48","1,754.10","90.91M","1.75%"
"07/23/1993","1,745.66","1,680.69","1,745.66","1,680.69","97.84M","3.87%"
"07/22/1993","1,680.69","1,694.53","1,694.53","1,679.84","36.77M","-0.82%"
"07/21/1993","1,694.53","1,702.90","1,703.03","1,690.58","52.21M","-0.49%"
"07/20/1993","1,702.90","1,720.11","1,722.46","1,701.34","56.64M","-1.00%"
"07/19/1993","1,720.11","1,720.11","1,720.11","1,720.11","41.87M","0.05%"
"07/16/1993","1,719.20","1,719.20","1,719.20","1,719.20","41.80M","-0.03%"
"07/15/1993","1,719.76","1,719.76","1,719.76","1,719.76","36.13M","-0.40%"
"07/14/1993","1,726.60","1,726.60","1,726.60","1,726.60","84.41M","-0.25%"
"07/13/1993","1,730.89","1,730.89","1,730.89","1,730.89","68.05M","1.06%"
"07/12/1993","1,712.81","1,712.81","1,712.81","1,712.81","68.38M","0.13%"
"07/09/1993","1,710.65","1,710.65","1,710.65","1,710.65","73.01M","0.94%"
"07/08/1993","1,694.67","1,694.67","1,694.67","1,694.67","89.00M","2.24%"
"07/07/1993","1,657.56","1,657.56","1,657.56","1,657.56","45.24M","0.81%"
"07/06/1993","1,644.17","1,644.17","1,644.17","1,644.17","46.86M","-0.98%"
"07/05/1993","1,660.42","1,660.42","1,660.42","1,660.42","5.93M","-0.08%"
"07/02/1993","1,661.82","1,661.82","1,661.82","1,661.82","21.70M","-0.59%"
"07/01/1993","1,671.75","1,671.75","1,671.75","1,671.75","80.13M","0.09%"
"06/30/1993","1,670.29","1,670.29","1,670.29","1,670.29","108.70M","-1.81%"
"06/29/1993","1,701.13","1,701.13","1,701.13","1,701.13","97.44M","1.74%"
"06/28/1993","1,672.07","1,672.07","1,672.07","1,672.07","58.31M","1.27%"
"06/25/1993","1,651.05","1,651.05","1,651.05","1,651.05","53.15M","0.96%"
"06/24/1993","1,635.43","1,635.43","1,635.43","1,635.43","70.71M","-1.10%"
"06/23/1993","1,653.54","1,653.54","1,653.54","1,653.54","49.28M","0.45%"
"06/22/1993","1,646.14","1,646.14","1,646.14","1,646.14","50.08M","-0.55%"
"06/21/1993","1,655.17","1,655.17","1,655.17","1,655.17","62.31M","0.48%"
"06/18/1993","1,647.29","1,647.29","1,647.29","1,647.29","86.47M","0.93%"
"06/17/1993","1,632.14","1,632.14","1,632.14","1,632.14","75.85M","2.30%"
"06/16/1993","1,595.45","1,595.45","1,595.45","1,595.45","53.50M","0.10%"
"06/15/1993","1,593.88","1,593.88","1,593.88","1,593.88","35.65M","1.68%"
"06/14/1993","1,567.48","1,567.48","1,567.48","1,567.48","24.33M","0.24%"
"06/11/1993","1,563.79","1,563.79","1,563.79","1,563.79","38.56M","-0.41%"
"06/10/1993","1,570.16","1,570.16","1,570.16","1,570.16","44.04M","-1.30%"
"06/09/1993","1,590.83","1,590.83","1,590.83","1,590.83","53.14M","0.63%"
"06/08/1993","1,580.84","1,580.84","1,580.84","1,580.84","44.03M","1.69%"
"06/07/1993","1,554.64","1,554.64","1,554.64","1,554.64","24.39M","-1.30%"
"06/04/1993","1,575.14","1,575.14","1,575.14","1,575.14","32.39M","-0.17%"
"06/03/1993","1,577.77","1,577.77","1,577.77","1,577.77","55.73M","-1.12%"
"06/02/1993","1,595.64","1,595.64","1,595.64","1,595.64","41.11M","-0.47%"
"06/01/1993","1,603.16","1,603.16","1,603.16","1,603.16","17.95M","-0.61%"
"05/31/1993","1,612.99","1,612.99","1,612.99","1,612.99","11.63M","-0.06%"
"05/28/1993","1,613.98","1,613.98","1,613.98","1,613.98","25.67M","0.29%"
"05/27/1993","1,609.27","1,609.27","1,609.27","1,609.27","39.79M","-0.60%"
"05/26/1993","1,619.01","1,619.01","1,619.01","1,619.01","41.13M","-0.72%"
"05/25/1993","1,630.83","1,630.83","1,630.83","1,630.83","37.14M","0.10%"
"05/24/1993","1,629.22","1,629.22","1,629.22","1,629.22","38.77M","0.08%"
"05/21/1993","1,627.84","1,627.84","1,627.84","1,627.84","44.85M","-0.71%"
"05/20/1993","1,639.45","1,639.45","1,639.45","1,639.45","31.19M","0.13%"
"05/19/1993","1,637.35","1,637.35","1,637.35","1,637.35","34.30M","0.34%"
"05/18/1993","1,631.75","1,631.75","1,631.75","1,631.75","43.62M","-0.05%"
"05/17/1993","1,632.63","1,632.63","1,632.63","1,632.63","28.75M","1.44%"
"05/14/1993","1,609.42","1,609.42","1,609.42","1,609.42","24.05M","0.10%"
"05/13/1993","1,607.87","1,607.87","1,607.87","1,607.87","32.17M","0.39%"
"05/12/1993","1,601.63","1,601.63","1,601.63","1,601.63","32.64M","-2.13%"
"05/11/1993","1,636.43","1,636.43","1,636.43","1,636.43","24.99M","-0.96%"
"05/10/1993","1,652.25","1,652.25","1,652.25","1,652.25","28.88M","-0.76%"
"05/07/1993","1,664.91","1,664.91","1,664.91","1,664.91","32.96M","-0.10%"
"05/06/1993","1,666.59","1,666.59","1,666.59","1,666.59","41.10M","1.47%"
"05/04/1993","1,642.47","1,642.47","1,642.47","1,642.47","46.69M","0.50%"
"05/03/1993","1,634.33","1,634.33","1,634.33","1,634.33","25.44M","-1.87%"
"04/30/1993","1,665.41","1,665.41","1,665.41","1,665.41","36.31M","0.65%"
"04/29/1993","1,654.58","1,654.58","1,654.58","1,654.58","95.83M","0.96%"
"04/28/1993","1,638.88","1,638.88","1,638.88","1,638.88","101.45M","-3.28%"
"04/27/1993","1,694.49","1,694.49","1,694.49","1,694.49","77.97M","0.80%"
"04/26/1993","1,681.04","1,681.04","1,681.04","1,681.04","45.95M","-1.53%"
"04/23/1993","1,707.18","1,707.18","1,707.18","1,707.18","36.89M","-2.15%"
"04/22/1993","1,744.65","1,744.65","1,744.65","1,744.65","60.89M","0.72%"
"04/21/1993","1,732.15","1,732.15","1,739.47","1,731.57","37.31M","-0.42%"
"04/20/1993","1,739.47","1,739.47","1,739.47","1,739.47","60.19M","-0.18%"
"04/19/1993","1,742.66","1,742.66","1,742.66","1,742.66","23.16M","-2.72%"
"04/16/1993","1,791.40","1,791.40","1,791.40","1,791.40","29.21M","1.81%"
"04/15/1993","1,759.61","1,759.61","1,759.61","1,759.61","44.32M","-1.09%"
"04/14/1993","1,778.93","1,778.93","1,778.93","1,778.93","35.63M","0.09%"
"04/13/1993","1,777.40","1,777.40","1,777.40","1,777.40","59.82M","-0.78%"
"04/12/1993","1,791.29","1,791.29","1,791.29","1,791.29","38.44M","0.31%"
"04/07/1993","1,785.74","1,785.74","1,785.74","1,785.74","56.82M","1.14%"
"04/06/1993","1,765.61","1,765.61","1,765.61","1,765.61","62.64M","1.22%"
"04/05/1993","1,744.37","1,744.37","1,744.37","1,744.37","16.59M","0.14%"
"04/02/1993","1,741.97","1,741.97","1,741.97","1,741.97","36.38M","-0.83%"
"04/01/1993","1,756.56","1,756.56","1,756.56","1,756.56","41.38M","-0.86%"
"03/31/1993","1,771.71","1,771.71","1,771.71","1,771.71","59.03M","-0.12%"
"03/30/1993","1,773.86","1,773.86","1,773.86","1,773.86","58.63M","0.31%"
"03/29/1993","1,768.33","1,768.33","1,768.33","1,768.33","68.76M","2.07%"
"03/26/1993","1,732.46","1,732.46","1,732.46","1,732.46","65.86M","-0.29%"
"03/25/1993","1,737.54","1,737.54","1,737.54","1,737.54","101.17M","2.08%"
"03/24/1993","1,702.10","1,702.10","1,702.10","1,702.10","77.63M","1.98%"
"03/23/1993","1,669.11","1,669.11","1,669.11","1,669.11","40.19M","0.46%"
"03/22/1993","1,661.51","1,661.51","1,661.51","1,661.51","34.68M","-0.54%"
"03/19/1993","1,670.45","1,670.45","1,670.45","1,670.45","42.41M","0.22%"
"03/18/1993","1,666.78","1,666.78","1,666.78","1,666.78","41.30M","0.53%"
"03/17/1993","1,658.00","1,658.00","1,658.00","1,658.00","42.15M","-0.34%"
"03/16/1993","1,663.58","1,663.58","1,663.58","1,663.58","46.14M","1.28%"
"03/15/1993","1,642.61","1,642.61","1,642.61","1,642.61","25.81M","0.29%"
"03/12/1993","1,637.80","1,637.80","1,637.80","1,637.80","90.69M","-1.07%"
"03/11/1993","1,655.52","1,655.52","1,655.52","1,655.52","46.13M","0.31%"
"03/10/1993","1,650.47","1,650.47","1,650.47","1,650.47","54.57M","0.37%"
"03/09/1993","1,644.43","1,644.43","1,644.43","1,644.43","57.96M","-0.34%"
"03/08/1993","1,650.00","1,650.00","1,650.00","1,650.00","45.63M","0.74%"
"03/05/1993","1,637.86","1,637.86","1,637.86","1,637.86","77.14M","2.06%"
"03/04/1993","1,604.87","1,604.87","1,604.87","1,604.87","38.90M","-0.50%"
"03/03/1993","1,612.99","1,612.99","1,612.99","1,612.99","57.34M","1.42%"
"03/02/1993","1,590.43","1,590.43","1,590.43","1,590.43","36.21M","1.71%"
"03/01/1993","1,563.63","1,563.63","1,563.63","1,563.63","33.78M","1.10%"
"02/26/1993","1,546.68","1,546.68","1,546.68","1,546.68","46.23M","2.83%"
"02/25/1993","1,504.15","1,504.15","1,504.15","1,504.15","33.91M","-0.76%"
"02/24/1993","1,515.68","1,515.68","1,515.68","1,515.68","39.14M","-1.75%"
"02/23/1993","1,542.66","1,542.66","1,542.66","1,542.66","35.91M","-1.93%"
"02/22/1993","1,573.04","1,573.04","1,573.04","1,573.04","19.38M","-0.07%"
"02/19/1993","1,574.11","1,574.11","1,574.11","1,574.11","21.30M","1.12%"
"02/18/1993","1,556.71","1,556.71","1,556.71","1,556.71","46.28M","-1.03%"
"02/17/1993","1,572.86","1,572.86","1,572.86","1,572.86","36.51M","-1.39%"
"02/16/1993","1,595.02","1,595.02","1,595.02","1,595.02","44.98M","-2.05%"
"02/15/1993","1,628.32","1,628.32","1,628.32","1,628.32","14.11M","-0.64%"
"02/12/1993","1,638.77","1,638.77","1,638.77","1,638.77","25.75M","-1.36%"
"02/11/1993","1,661.32","1,661.32","1,661.32","1,661.32","62.39M","1.43%"
"02/10/1993","1,637.85","1,637.85","1,637.85","1,637.85","35.18M","0.75%"
"02/09/1993","1,625.70","1,625.70","1,625.70","1,625.70","21.83M","-0.90%"
"02/08/1993","1,640.42","1,640.42","1,640.42","1,640.42","18.72M","-1.16%"
"02/04/1993","1,659.69","1,659.69","1,659.69","1,659.69","45.04M","3.24%"
"02/03/1993","1,607.56","1,607.56","1,607.56","1,607.56","75.13M","-1.02%"
"02/02/1993","1,624.15","1,624.15","1,624.15","1,624.15","69.75M","-2.41%"
"02/01/1993","1,664.32","1,664.32","1,664.32","1,664.32","41.05M","0.67%"
"01/29/1993","1,653.22","1,653.22","1,653.22","1,653.22","76.54M","-1.64%"
"01/28/1993","1,680.83","1,680.83","1,680.83","1,680.83","69.30M","-3.44%"
"01/27/1993","1,740.69","1,740.69","1,740.69","1,740.69","49.02M","-2.17%"
"01/26/1993","1,779.30","1,779.30","1,779.30","1,779.30","45.06M","-1.41%"
"01/25/1993","1,804.66","1,804.66","1,804.66","1,804.66","42.59M","0.38%"
"01/22/1993","1,797.90","1,797.90","1,797.90","1,797.90","61.58M","1.16%"
"01/21/1993","1,777.35","1,777.35","1,777.35","1,777.35","28.55M","0.36%"
"01/20/1993","1,771.00","1,771.00","1,771.00","1,771.00","34.64M","0.36%"
"01/19/1993","1,764.59","1,764.59","1,764.59","1,764.59","67.45M","0.89%"
"01/18/1993","1,748.96","1,748.96","1,748.96","1,748.96","19.75M","-0.64%"
"01/15/1993","1,760.23","1,760.23","1,760.23","1,760.23","41.03M","-0.19%"
"01/14/1993","1,763.66","1,763.66","1,763.66","1,763.66","38.25M","-0.01%"
"01/13/1993","1,763.80","1,763.80","1,763.80","1,763.80","62.33M","-1.03%"
"01/12/1993","1,782.13","1,782.13","1,782.13","1,782.13","70.01M","-0.73%"
"01/11/1993","1,795.16","1,795.16","1,795.16","1,795.16","23.51M","-0.63%"
"01/08/1993","1,806.62","1,806.62","1,806.62","1,806.62","87.52M","-0.89%"
"01/07/1993","1,822.91","1,822.91","1,822.91","1,822.91","56.56M","-0.72%"
"01/06/1993","1,836.12","1,836.12","1,836.12","1,836.12","82.25M","1.04%"
"01/05/1993","1,817.16","1,817.16","1,817.16","1,817.16","52.83M","2.28%"
"01/04/1993","1,776.68","1,776.68","1,776.68","1,776.68","13.97M","0.98%"
"12/30/1992","1,759.44","1,759.44","1,759.44","1,759.44","14.50M","0.08%"
"12/29/1992","1,758.10","1,758.10","1,758.10","1,758.10","59.40M","0.18%"
"12/28/1992","1,754.93","1,754.93","1,754.93","1,754.93","22.36M","-0.35%"
"12/24/1992","1,761.09","1,761.09","1,761.09","1,761.09","17.83M","0.39%"
"12/23/1992","1,754.24","1,754.24","1,754.24","1,754.24","36.37M","0.10%"
"12/22/1992","1,752.52","1,752.52","1,752.52","1,752.52","47.65M","1.20%"
"12/21/1992","1,731.69","1,731.69","1,731.69","1,731.69","35.30M","0.09%"
"12/18/1992","1,730.21","1,730.21","1,730.21","1,730.21","54.06M","0.62%"
"12/17/1992","1,719.59","1,719.59","1,719.59","1,719.59","44.44M","0.34%"
"12/16/1992","1,713.77","1,713.77","1,713.77","1,713.77","52.09M","0.13%"
"12/15/1992","1,711.62","1,711.62","1,711.62","1,711.62","24.35M","-0.72%"
"12/14/1992","1,724.03","1,724.03","1,724.03","1,724.03","27.67M","-0.20%"
"12/11/1992","1,727.41","1,727.41","1,727.41","1,727.41","20.99M","-0.21%"
"12/10/1992","1,731.00","1,731.00","1,731.00","1,731.00","27.67M","-0.66%"
"12/09/1992","1,742.55","1,742.55","1,742.55","1,742.55","43.33M","-0.33%"
"12/08/1992","1,748.25","1,748.25","1,748.25","1,748.25","54.15M","1.42%"
"12/07/1992","1,723.78","1,723.78","1,723.78","1,723.78","34.87M","0.57%"
"12/04/1992","1,713.95","1,713.95","1,713.95","1,713.95","40.38M","0.88%"
"12/03/1992","1,698.99","1,698.99","1,698.99","1,698.99","32.05M","0.65%"
"12/02/1992","1,687.97","1,687.97","1,687.97","1,687.97","46.57M","-0.07%"
"12/01/1992","1,689.13","1,689.13","1,689.13","1,689.13","49.58M","-1.55%"
"11/30/1992","1,715.69","1,715.69","1,715.69","1,715.69","34.90M","-0.67%"
"11/27/1992","1,727.23","1,727.23","1,727.23","1,727.23","62.02M","1.39%"
"11/26/1992","1,703.49","1,703.49","1,703.49","1,703.49","30.57M","0.70%"
"11/25/1992","1,691.60","1,691.60","1,691.60","1,691.60","78.62M","0.00%"
"11/24/1992","1,691.54","1,691.54","1,691.54","1,691.54","90.84M","0.73%"
"11/23/1992","1,679.33","1,679.33","1,679.33","1,679.33","51.83M","2.76%"
"11/19/1992","1,634.15","1,634.15","1,634.15","1,634.15","34.87M","0.43%"
"11/18/1992","1,627.23","1,627.23","1,627.23","1,627.23","46.12M","1.19%"
"11/17/1992","1,608.16","1,608.16","1,608.16","1,608.16","47.95M","1.42%"
"11/16/1992","1,585.71","1,585.71","1,585.71","1,585.71","22.73M","-1.39%"
"11/13/1992","1,608.08","1,608.08","1,608.08","1,608.08","31.19M","-1.44%"
"11/12/1992","1,631.60","1,631.60","1,631.60","1,631.60","32.63M","-1.23%"
"11/11/1992","1,651.92","1,651.92","1,651.92","1,651.92","60.05M","-0.24%"
"11/10/1992","1,655.84","1,655.84","1,655.84","1,655.84","89.84M","0.79%"
"11/09/1992","1,642.78","1,642.78","1,642.78","1,642.78","47.09M","2.06%"
"11/06/1992","1,609.60","1,609.60","1,609.60","1,609.60","98.10M","2.61%"
"11/05/1992","1,568.59","1,568.59","1,568.59","1,568.59","40.29M","1.35%"
"11/04/1992","1,547.75","1,547.75","1,547.75","1,547.75","47.75M","-0.68%"
"11/03/1992","1,558.40","1,558.40","1,558.40","1,558.40","39.87M","-2.44%"
"10/30/1992","1,597.33","1,597.33","1,597.33","1,597.33","75.96M","2.05%"
"10/29/1992","1,565.30","1,565.30","1,565.30","1,565.30","65.01M","1.04%"
"10/28/1992","1,549.19","1,549.19","1,549.19","1,549.19","43.75M","0.80%"
"10/27/1992","1,536.96","1,536.96","1,536.96","1,536.96","41.66M","-1.32%"
"10/26/1992","1,557.47","1,557.47","1,557.47","1,557.47","24.87M","-0.51%"
"10/23/1992","1,565.40","1,565.40","1,565.40","1,565.40","36.91M","-0.28%"
"10/22/1992","1,569.83","1,569.83","1,569.83","1,569.83","42.97M","0.61%"
"10/21/1992","1,560.36","1,560.36","1,560.36","1,560.36","86.41M","0.33%"
"10/20/1992","1,555.22","1,555.22","1,555.22","1,555.22","76.87M","3.02%"
"10/19/1992","1,509.69","1,509.69","1,509.69","1,509.69","32.67M","1.21%"
"10/16/1992","1,491.66","1,491.66","1,491.66","1,491.66","53.48M","2.53%"
"10/15/1992","1,454.79","1,454.79","1,454.79","1,454.79","39.94M","1.55%"
"10/14/1992","1,432.61","1,432.61","1,432.61","1,432.61","33.20M","0.32%"
"10/13/1992","1,427.99","1,427.99","1,427.99","1,427.99","27.84M","0.21%"
"10/09/1992","1,425.02","1,425.02","1,425.02","1,425.02","24.62M","-0.90%"
"10/08/1992","1,437.94","1,437.94","1,437.94","1,437.94","37.86M","-1.07%"
"10/07/1992","1,453.42","1,453.42","1,453.42","1,453.42","47.01M","0.47%"
"10/06/1992","1,446.67","1,446.67","1,446.67","1,446.67","63.72M","-0.53%"
"10/05/1992","1,454.35","1,454.35","1,454.35","1,454.35","49.85M","4.65%"
"10/02/1992","1,389.72","1,389.72","1,389.72","1,389.72","60.38M","2.25%"
"10/01/1992","1,359.12","1,359.12","1,359.12","1,359.12","42.17M","2.42%"
"09/30/1992","1,327.07","1,327.07","1,327.07","1,327.07","65.60M","2.95%"
"09/29/1992","1,289.09","1,289.09","1,289.09","1,289.09","66.89M","2.48%"
"09/28/1992","1,257.90","1,257.90","1,257.90","1,257.90","28.80M","0.46%"
"09/25/1992","1,252.10","1,252.10","1,252.10","1,252.10","32.38M","-0.42%"
"09/24/1992","1,257.35","1,257.35","1,257.35","1,257.35","35.33M","-0.56%"
"09/23/1992","1,264.42","1,264.42","1,264.42","1,264.42","37.93M","-0.60%"
"09/22/1992","1,272.06","1,272.06","1,272.06","1,272.06","48.53M","-1.83%"
"09/21/1992","1,295.75","1,295.75","1,295.75","1,295.75","22.35M","-0.92%"
"09/18/1992","1,307.74","1,307.74","1,307.74","1,307.74","36.71M","-0.79%"
"09/17/1992","1,318.20","1,318.20","1,318.20","1,318.20","22.36M","-0.75%"
"09/15/1992","1,328.17","1,328.17","1,328.17","1,328.17","90.27M","-1.09%"
"09/14/1992","1,342.81","1,342.81","1,342.81","1,342.81","44.63M","3.76%"
"09/11/1992","1,294.09","1,294.09","1,294.09","1,294.09","43.53M","0.65%"
"09/10/1992","1,285.77","1,285.77","1,285.77","1,285.77","56.49M","-3.03%"
"09/09/1992","1,325.96","1,325.96","1,325.96","1,325.96","80.53M","-3.20%"
"09/08/1992","1,369.85","1,369.85","1,369.85","1,369.85","29.46M","-1.11%"
"09/07/1992","1,385.28","1,385.28","1,385.28","1,385.28","8.95M","-0.53%"
"09/04/1992","1,392.64","1,392.64","1,392.64","1,392.64","26.64M","-0.19%"
"09/03/1992","1,395.27","1,395.27","1,395.27","1,395.27","35.60M","0.86%"
"09/02/1992","1,383.36","1,383.36","1,383.36","1,383.36","41.53M","-0.06%"
"09/01/1992","1,384.14","1,384.14","1,384.14","1,384.14","31.08M","-1.16%"
"08/31/1992","1,400.37","1,400.37","1,400.37","1,400.37","11.65M","-0.61%"
"08/28/1992","1,408.96","1,408.96","1,408.96","1,408.96","19.98M","-1.00%"
"08/27/1992","1,423.19","1,423.19","1,423.19","1,423.19","50.55M","1.89%"
"08/26/1992","1,396.76","1,396.76","1,396.76","1,396.76","43.50M","3.23%"
"08/25/1992","1,353.09","1,353.09","1,353.09","1,353.09","60.84M","-1.00%"
"08/24/1992","1,366.76","1,366.76","1,366.76","1,366.76","44.08M","-4.06%"
"08/21/1992","1,424.64","1,424.64","1,424.64","1,424.64","55.21M","-1.00%"
"08/20/1992","1,439.03","1,439.03","1,439.03","1,439.03","50.21M","-2.38%"
"08/19/1992","1,474.13","1,474.13","1,474.13","1,474.13","172.96M","-1.64%"
"08/18/1992","1,498.67","1,498.67","1,498.67","1,498.67","34.02M","-0.77%"
"08/17/1992","1,510.32","1,510.32","1,510.32","1,510.32","16.17M","-0.42%"
"08/14/1992","1,516.62","1,516.62","1,516.62","1,516.62","18.73M","-0.11%"
"08/13/1992","1,518.35","1,518.35","1,518.35","1,518.35","23.74M","-0.47%"
"08/12/1992","1,525.45","1,525.45","1,525.45","1,525.45","41.65M","0.66%"
"08/11/1992","1,515.51","1,515.51","1,515.51","1,515.51","57.22M","-1.48%"
"08/10/1992","1,538.34","1,538.34","1,538.34","1,538.34","16.06M","-1.41%"
"08/07/1992","1,560.40","1,560.40","1,560.40","1,560.40","82.85M","0.49%"
"08/06/1992","1,552.79","1,552.79","1,552.79","1,552.79","28.79M","0.96%"
"08/05/1992","1,537.96","1,537.96","1,537.96","1,537.96","572.60M","0.08%"
"08/04/1992","1,536.68","1,536.68","1,536.68","1,536.68","124.63M","-1.31%"
"08/03/1992","1,557.06","1,557.06","1,557.06","1,557.06","68.20M","-0.81%"
"07/31/1992","1,569.73","1,569.73","1,569.73","1,569.73","47.01M","1.19%"
"07/30/1992","1,551.23","1,551.23","1,551.23","1,551.23","47.12M","0.22%"
"07/29/1992","1,547.78","1,547.78","1,547.78","1,547.78","143.77M","0.66%"
"07/28/1992","1,537.68","1,537.68","1,537.68","1,537.68","98.67M","4.85%"
"07/27/1992","1,466.62","1,466.62","1,466.62","1,466.62","38.84M","-3.70%"
"07/24/1992","1,522.96","1,522.96","1,522.96","1,522.96","96.38M","-3.86%"
"07/23/1992","1,584.12","1,584.12","1,584.12","1,584.12","66.18M","-2.53%"
"07/22/1992","1,625.21","1,625.21","1,625.21","1,625.21","51.84M","-1.93%"
"07/21/1992","1,657.24","1,657.24","1,657.24","1,657.24","65.30M","0.57%"
"07/20/1992","1,647.89","1,647.89","1,647.89","1,647.89","26.62M","-1.57%"
"07/17/1992","1,674.16","1,674.16","1,674.16","1,674.16","57.52M","-0.89%"
"07/16/1992","1,689.18","1,689.18","1,689.18","1,689.18","134.71M","3.01%"
"07/15/1992","1,639.76","1,639.76","1,639.76","1,639.76","41.32M","0.23%"
"07/14/1992","1,636.00","1,636.00","1,636.00","1,636.00","50.09M","-0.27%"
"07/13/1992","1,640.45","1,640.45","1,640.45","1,640.45","45.97M","1.43%"
"07/10/1992","1,617.35","1,617.35","1,617.35","1,617.35","57.83M","1.70%"
"07/09/1992","1,590.25","1,590.25","1,590.25","1,590.25","30.32M","0.50%"
"07/08/1992","1,582.33","1,582.33","1,582.33","1,582.33","43.08M","-1.97%"
"07/07/1992","1,614.19","1,614.19","1,614.19","1,614.19","61.14M","-3.51%"
"07/06/1992","1,672.91","1,672.91","1,672.91","1,672.91","37.19M","-0.60%"
"07/03/1992","1,683.04","1,683.04","1,683.04","1,683.04","56.71M","0.38%"
"07/02/1992","1,676.69","1,676.69","1,676.69","1,676.69","69.76M","1.07%"
"07/01/1992","1,658.91","1,658.91","1,658.91","1,658.91","79.20M","3.73%"
"06/30/1992","1,599.26","1,599.26","1,599.26","1,599.26","49.19M","-0.26%"
"06/29/1992","1,603.38","1,603.38","1,603.38","1,603.38","52.67M","0.15%"
"06/26/1992","1,600.97","1,600.97","1,600.97","1,600.97","105.16M","0.07%"
"06/25/1992","1,599.92","1,599.92","1,599.92","1,599.92","126.80M","2.38%"
"06/24/1992","1,562.71","1,562.71","1,562.71","1,562.71","46.51M","-4.04%"
"06/23/1992","1,628.49","1,628.49","1,628.49","1,628.49","79.46M","0.26%"
"06/22/1992","1,624.34","1,624.34","1,624.34","1,624.34","53.81M","-3.67%"
"06/19/1992","1,686.25","1,686.25","1,686.25","1,686.25","76.27M","3.19%"
"06/18/1992","1,634.19","1,634.19","1,634.19","1,634.19","88.52M","2.57%"
"06/17/1992","1,593.29","1,593.29","1,593.29","1,593.29","328.80M","-5.89%"
"06/16/1992","1,692.94","1,692.94","1,692.94","1,692.94","168.65M","-2.85%"
"06/15/1992","1,742.54","1,742.54","1,742.54","1,742.54","76.46M","-3.72%"
"06/12/1992","1,809.88","1,809.88","1,809.88","1,809.88","63.26M","0.41%"
"06/11/1992","1,802.57","1,802.57","1,802.57","1,802.57","109.85M","0.35%"
"06/10/1992","1,796.34","1,796.34","1,796.34","1,796.34","104.38M","-2.57%"
"06/09/1992","1,843.70","1,843.70","1,843.70","1,843.70","111.17M","-1.57%"
"06/08/1992","1,873.09","1,873.09","1,873.09","1,873.09","45.76M","-0.75%"
"06/05/1992","1,887.25","1,887.25","1,887.25","1,887.25","50.50M","-0.46%"
"06/04/1992","1,895.90","1,895.90","1,895.90","1,895.90","61.66M","0.48%"
"06/03/1992","1,886.89","1,886.89","1,886.89","1,886.89","306.15M","-0.39%"
"06/02/1992","1,894.21","1,894.21","1,894.21","1,894.21","99.83M","-0.69%"
"06/01/1992","1,907.36","1,907.36","1,907.36","1,907.36","54.55M","0.79%"
"05/29/1992","1,892.33","1,892.33","1,892.33","1,892.33","114.64M","1.95%"
"05/28/1992","1,856.21","1,856.21","1,856.21","1,856.21","75.78M","1.22%"
"05/27/1992","1,833.75","1,833.75","1,833.75","1,833.75","58.07M","0.19%"
"05/26/1992","1,830.32","1,830.32","1,830.32","1,830.32","70.68M","0.04%"
"05/25/1992","1,829.61","1,829.61","1,829.61","1,829.61","31.87M","0.40%"
"05/22/1992","1,822.38","1,822.38","1,822.38","1,822.38","50.73M","0.08%"
"05/21/1992","1,820.90","1,820.90","1,820.90","1,820.90","116.12M","0.29%"
"05/20/1992","1,815.59","1,815.59","1,815.59","1,815.59","69.39M","0.25%"
"05/19/1992","1,811.10","1,811.10","1,811.10","1,811.10","62.86M","1.42%"
"05/18/1992","1,785.74","1,785.74","1,785.74","1,785.74","60.45M","-1.35%"
"05/15/1992","1,810.16","1,810.16","1,810.16","1,810.16","56.27M","-0.92%"
"05/14/1992","1,826.94","1,826.94","1,826.94","1,826.94","80.17M","-0.76%"
"05/13/1992","1,840.90","1,840.90","1,840.90","1,840.90","226.65M","-0.18%"
"05/12/1992","1,844.17","1,844.17","1,844.17","1,844.17","77.63M","-0.06%"
"05/11/1992","1,845.30","1,845.30","1,845.30","1,845.30","55.93M","-0.13%"
"05/08/1992","1,847.64","1,847.64","1,847.64","1,847.64","83.58M","-0.26%"
"05/07/1992","1,852.48","1,852.48","1,852.48","1,852.48","89.85M","-1.05%"
"05/06/1992","1,872.12","1,872.12","1,872.12","1,872.12","93.22M","2.43%"
"05/04/1992","1,827.62","1,827.62","1,827.62","1,827.62","20.39M","-0.58%"
"04/30/1992","1,838.30","1,838.30","1,838.30","1,838.30","45.06M","-0.79%"
"04/29/1992","1,852.87","1,852.87","1,852.87","1,852.87","48.51M","1.16%"
"04/28/1992","1,831.59","1,831.59","1,831.59","1,831.59","47.23M","-1.68%"
"04/27/1992","1,862.97","1,862.97","1,862.97","1,862.97","37.00M","-1.06%"
"04/24/1992","1,882.86","1,882.86","1,882.86","1,882.86","71.86M","-0.46%"
"04/23/1992","1,891.65","1,891.65","1,891.65","1,891.65","94.75M","-0.29%"
"04/22/1992","1,897.08","1,897.08","1,897.08","1,897.08","85.32M","1.46%"
"04/21/1992","1,869.72","1,869.72","1,869.72","1,869.72","66.75M","1.06%"
"04/20/1992","1,850.13","1,850.13","1,850.13","1,850.13","51.58M","-1.15%"
"04/15/1992","1,871.64","1,871.64","1,871.64","1,871.64","30.54M","1.82%"
"04/14/1992","1,838.27","1,838.27","1,838.27","1,838.27","44.02M","1.55%"
"04/13/1992","1,810.17","1,810.17","1,810.17","1,810.17","20.82M","-0.02%"
"04/10/1992","1,810.54","1,810.54","1,810.54","1,810.54","114.48M","2.96%"
"04/09/1992","1,758.56","1,758.56","1,758.56","1,758.56","114.30M","0.85%"
"04/08/1992","1,743.69","1,743.69","1,743.69","1,743.69","134.30M","0.15%"
"04/07/1992","1,741.00","1,741.00","1,741.00","1,741.00","92.10M","-2.43%"
"04/06/1992","1,784.32","1,784.32","1,784.32","1,784.32","44.64M","-2.08%"
"04/03/1992","1,822.27","1,822.27","1,822.27","1,822.27","58.31M","-1.10%"
"04/02/1992","1,842.48","1,842.48","1,842.48","1,842.48","112.81M","-0.54%"
"04/01/1992","1,852.57","1,852.57","1,852.57","1,852.57","122.26M","-1.23%"
"03/31/1992","1,875.73","1,875.73","1,875.73","1,875.73","171.51M","0.37%"
"03/30/1992","1,868.78","1,868.78","1,868.78","1,868.78","69.39M","-0.68%"
"03/27/1992","1,881.58","1,881.58","1,881.58","1,881.58","93.64M","-1.35%"
"03/26/1992","1,907.29","1,907.29","1,907.29","1,907.29","64.65M","0.35%"
"03/25/1992","1,900.62","1,900.62","1,900.62","1,900.62","72.31M","1.09%"
"03/24/1992","1,880.13","1,880.13","1,880.13","1,880.13","98.70M","-0.44%"
"03/23/1992","1,888.37","1,888.37","1,888.37","1,888.37","86.26M","2.69%"
"03/20/1992","1,838.94","1,838.94","1,838.94","1,838.94","109.71M","2.42%"
"03/19/1992","1,795.56","1,795.56","1,795.56","1,795.56","88.33M","1.44%"
"03/18/1992","1,770.09","1,770.09","1,770.09","1,770.09","60.04M","0.12%"
"03/17/1992","1,767.93","1,767.93","1,767.93","1,767.93","301.65M","1.91%"
"03/16/1992","1,734.81","1,734.81","1,734.81","1,734.81","63.52M","-1.32%"
"03/13/1992","1,757.98","1,757.98","1,757.98","1,757.98","108.60M","-0.26%"
"03/12/1992","1,762.59","1,762.59","1,762.59","1,762.59","1.07B","-1.89%"
"03/11/1992","1,796.61","1,796.61","1,796.61","1,796.61","82.64M","-0.69%"
"03/10/1992","1,809.17","1,809.17","1,809.17","1,809.17","53.16M","1.37%"
"03/09/1992","1,784.76","1,784.76","1,784.76","1,784.76","48.37M","-0.45%"
"03/06/1992","1,792.85","1,792.85","1,792.85","1,792.85","71.71M","-3.67%"
"03/05/1992","1,861.10","1,861.10","1,861.10","1,861.10","120.99M","1.33%"
"03/04/1992","1,836.63","1,836.63","1,836.63","1,836.63","146.43M","-3.59%"
"03/03/1992","1,905.03","1,905.03","1,905.03","1,905.03","122.77M","1.66%"
"03/02/1992","1,873.87","1,873.87","1,873.87","1,873.87","73.25M","0.71%"
"02/28/1992","1,860.63","1,860.63","1,860.63","1,860.63","107.47M","1.22%"
"02/27/1992","1,838.19","1,838.19","1,838.19","1,838.19","70.48M","0.69%"
"02/26/1992","1,825.53","1,825.53","1,825.53","1,825.53","107.84M","2.72%"
"02/25/1992","1,777.11","1,777.11","1,777.11","1,777.11","81.00M","-0.20%"
"02/24/1992","1,780.69","1,780.69","1,780.69","1,780.69","67.87M","-0.27%"
"02/21/1992","1,785.56","1,785.56","1,785.56","1,785.56","122.75M","-0.30%"
"02/20/1992","1,791.00","1,791.00","1,791.00","1,791.00","115.11M","1.62%"
"02/19/1992","1,762.48","1,762.48","1,762.48","1,762.48","66.37M","0.25%"
"02/18/1992","1,758.00","1,758.00","1,758.00","1,758.00","101.97M","-0.18%"
"02/17/1992","1,761.19","1,761.19","1,761.19","1,761.19","118.28M","1.34%"
"02/14/1992","1,737.87","1,737.87","1,737.87","1,737.87","116.89M","0.73%"
"02/13/1992","1,725.19","1,725.19","1,725.19","1,725.19","128.32M","-0.82%"
"02/12/1992","1,739.41","1,739.41","1,739.41","1,739.41","95.84M","1.75%"
"02/11/1992","1,709.48","1,709.48","1,709.48","1,709.48","121.67M","1.91%"
"02/10/1992","1,677.38","1,677.38","1,677.38","1,677.38","64.16M","1.84%"
"02/07/1992","1,647.07","1,647.07","1,647.07","1,647.07","102.10M","-0.13%"
"02/06/1992","1,649.22","1,649.22","1,649.22","1,649.22","84.91M","2.05%"
"02/04/1992","1,616.11","1,616.11","1,616.11","1,616.11","94.73M","-0.52%"
"02/03/1992","1,624.51","1,624.51","1,624.51","1,624.51","91.22M","0.06%"
"01/31/1992","1,623.47","1,623.47","1,623.47","1,623.47","123.27M","0.69%"
"01/30/1992","1,612.27","1,612.27","1,612.27","1,612.27","103.31M","0.02%"
"01/29/1992","1,611.88","1,611.88","1,611.88","1,611.88","127.91M","0.55%"
"01/28/1992","1,603.07","1,603.07","1,603.07","1,603.07","135.95M","0.75%"
"01/27/1992","1,591.10","1,591.10","1,591.10","1,591.10","108.34M","-0.79%"
"01/24/1992","1,603.75","1,603.75","1,603.75","1,603.75","145.70M","0.61%"
"01/23/1992","1,594.00","1,594.00","1,594.00","1,594.00","244.52M","1.89%"
"01/22/1992","1,564.44","1,564.44","1,564.44","1,564.44","61.24M","0.47%"
"01/21/1992","1,557.13","1,557.13","1,557.13","1,557.13","109.90M","-1.12%"
"01/20/1992","1,574.77","1,574.77","1,574.77","1,574.77","66.76M","-0.09%"
"01/17/1992","1,576.12","1,576.12","1,576.12","1,576.12","61.92M","-0.45%"
"01/16/1992","1,583.25","1,583.25","1,583.25","1,583.25","107.52M","1.14%"
"01/15/1992","1,565.40","1,565.40","1,565.40","1,565.40","93.50M","0.07%"
"01/14/1992","1,564.31","1,564.31","1,564.31","1,564.31","122.93M","1.91%"
"01/13/1992","1,535.03","1,535.03","1,535.03","1,535.03","56.25M","0.67%"
"01/10/1992","1,524.84","1,524.84","1,524.84","1,524.84","81.18M","-0.31%"
"01/09/1992","1,529.63","1,529.63","1,529.63","1,529.63","110.24M","0.92%"
"01/08/1992","1,515.74","1,515.74","1,515.74","1,515.74","150.69M","1.97%"
"01/07/1992","1,486.42","1,486.42","1,486.88","1,486.00","71.91M","0.94%"
"01/06/1992","1,472.51","1,472.51","1,472.51","1,472.51","50.66M","-0.18%"
"01/03/1992","1,475.16","1,475.16","1,475.16","1,475.16","56.39M","2.10%"
"01/02/1992","1,444.86","1,444.86","1,444.86","1,444.86","54.12M","1.51%"
"12/30/1991","1,423.37","1,423.37","1,423.37","1,423.37","33.50M","0.75%"
"12/27/1991","1,412.72","1,412.72","1,412.72","1,412.72","35.80M","0.97%"
"12/26/1991","1,399.15","1,399.15","1,399.15","1,399.15","37.80M","1.13%"
"12/24/1991","1,383.51","1,383.51","1,383.51","1,383.51","49.09M","1.40%"
"12/23/1991","1,364.44","1,364.44","1,364.44","1,364.44","24.10M","2.03%"
"12/20/1991","1,337.27","1,337.27","1,337.27","1,337.27","81.14M","0.33%"
"12/19/1991","1,332.91","1,332.91","1,332.91","1,332.91","28.46M","-0.41%"
"12/18/1991","1,338.41","1,338.41","1,338.41","1,338.41","115.89M","-0.67%"
"12/17/1991","1,347.44","1,347.44","1,347.44","1,347.44","110.51M","0.05%"
"12/16/1991","1,346.80","1,346.80","1,346.80","1,346.80","33.92M","1.59%"
"12/13/1991","1,325.68","1,325.68","1,325.68","1,325.68","37.00M","4.12%"
"12/11/1991","1,273.24","1,273.24","1,273.24","1,273.24","63.10M","-2.39%"
"12/10/1991","1,304.46","1,304.46","1,304.46","1,304.46","35.43M","-3.16%"
"12/09/1991","1,347.06","1,347.06","1,347.06","1,347.06","24.63M","-0.99%"
"12/06/1991","1,360.56","1,360.56","1,360.56","1,360.56","20.26M","-0.05%"
"12/05/1991","1,361.20","1,361.20","1,361.20","1,361.20","28.26M","-0.74%"
"12/04/1991","1,371.29","1,371.29","1,371.29","1,371.29","32.45M","0.01%"
"12/03/1991","1,371.21","1,371.21","1,371.21","1,371.21","68.12M","-0.31%"
"12/02/1991","1,375.41","1,375.41","1,375.41","1,375.41","34.11M","-0.63%"
"11/29/1991","1,384.18","1,384.18","1,384.18","1,384.18","41.98M","0.50%"
"11/28/1991","1,377.26","1,377.26","1,377.26","1,377.26","24.82M","0.44%"
"11/27/1991","1,371.19","1,371.19","1,371.19","1,371.19","42.96M","0.44%"
"11/26/1991","1,365.16","1,365.16","1,365.16","1,365.16","50.96M","0.07%"
"11/25/1991","1,364.26","1,364.26","1,364.26","1,364.26","35.85M","-2.28%"
"11/22/1991","1,396.02","1,396.02","1,396.02","1,396.02","59.05M","0.58%"
"11/21/1991","1,387.91","1,387.91","1,387.91","1,387.91","72.29M","1.68%"
"11/19/1991","1,365.00","1,365.00","1,365.00","1,365.00","88.76M","-3.59%"
"11/18/1991","1,415.90","1,415.90","1,415.90","1,415.90","101.20M","-2.04%"
"11/15/1991","1,445.42","1,445.42","1,445.42","1,445.42","72.31M","-0.95%"
"11/14/1991","1,459.28","1,459.28","1,459.28","1,459.28","110.62M","0.40%"
"11/13/1991","1,453.44","1,453.44","1,453.44","1,453.44","73.66M","0.55%"
"11/12/1991","1,445.42","1,445.42","1,445.42","1,445.42","85.11M","2.01%"
"11/11/1991","1,416.94","1,416.94","1,416.94","1,416.94","283.00M","-0.07%"
"11/08/1991","1,418.00","1,418.00","1,418.00","1,418.00","129.08M","1.58%"
"11/07/1991","1,395.99","1,395.99","1,395.99","1,395.99","130.65M","2.56%"
"11/06/1991","1,361.10","1,361.10","1,361.10","1,361.10","131.41M","-1.75%"
"11/05/1991","1,385.30","1,385.30","1,385.30","1,385.30","181.14M","0.21%"
"11/04/1991","1,382.37","1,382.37","1,382.37","1,382.37","102.75M","0.83%"
"10/31/1991","1,371.01","1,371.01","1,371.01","1,371.01","135.84M","0.69%"
"10/30/1991","1,361.61","1,361.61","1,361.61","1,361.61","74.92M","0.51%"
"10/29/1991","1,354.76","1,354.76","1,354.76","1,354.76","87.23M","-0.18%"
"10/28/1991","1,357.14","1,357.14","1,357.14","1,357.14","139.48M","-0.59%"
"10/25/1991","1,365.23","1,365.23","1,365.23","1,365.23","49.61M","0.28%"
"10/24/1991","1,361.41","1,361.41","1,361.41","1,361.41","39.26M","-0.14%"
"10/23/1991","1,363.28","1,363.28","1,363.28","1,363.28","39.92M","-0.32%"
"10/22/1991","1,367.66","1,367.66","1,367.66","1,367.66","66.47M","-0.15%"
"10/21/1991","1,369.72","1,369.72","1,369.72","1,369.72","27.58M","-0.85%"
"10/18/1991","1,381.43","1,381.43","1,381.43","1,381.43","62.69M","1.50%"
"10/17/1991","1,361.08","1,361.08","1,361.08","1,361.08","67.76M","0.15%"
"10/16/1991","1,359.00","1,359.00","1,359.00","1,359.00","40.05M","-0.06%"
"10/15/1991","1,359.80","1,359.80","1,359.80","1,359.80","63.13M","0.27%"
"10/14/1991","1,356.14","1,356.14","1,356.14","1,356.14","65.46M","1.14%"
"10/11/1991","1,340.90","1,340.90","1,340.90","1,340.90","66.45M","1.88%"
"10/10/1991","1,316.15","1,316.15","1,316.15","1,316.15","49.99M","-0.16%"
"10/09/1991","1,318.22","1,318.22","1,318.22","1,318.22","66.30M","0.80%"
"10/08/1991","1,307.76","1,307.76","1,307.76","1,307.76","51.84M","2.91%"
"10/07/1991","1,270.72","1,270.72","1,270.72","1,270.72","23.07M","0.65%"
"10/04/1991","1,262.56","1,262.56","1,262.56","1,262.56","31.05M","0.10%"
"10/03/1991","1,261.31","1,261.31","1,261.31","1,261.31","35.73M","0.56%"
"10/02/1991","1,254.25","1,254.25","1,254.25","1,254.25","27.50M","0.05%"
"10/01/1991","1,253.60","1,253.60","1,253.60","1,253.60","30.68M","-0.29%"
"09/30/1991","1,257.27","1,257.27","1,257.27","1,257.27","18.27M","-0.91%"
"09/27/1991","1,268.81","1,268.81","1,268.81","1,268.81","28.55M","0.15%"
"09/26/1991","1,266.94","1,266.94","1,266.94","1,266.94","40.85M","0.30%"
"09/25/1991","1,263.11","1,263.11","1,263.11","1,263.11","61.05M","-0.19%"
"09/24/1991","1,265.48","1,265.48","1,265.48","1,265.48","51.39M","-0.12%"
"09/23/1991","1,266.94","1,266.94","1,266.94","1,266.94","479.48M","-1.10%"
"09/20/1991","1,281.00","1,281.00","1,281.00","1,281.00","44.77M","0.45%"
"09/19/1991","1,275.28","1,275.28","1,275.28","1,275.28","45.96M","1.16%"
"09/18/1991","1,260.71","1,260.71","1,260.71","1,260.71","25.19M","-0.51%"
"09/17/1991","1,267.15","1,267.15","1,267.15","1,267.15","29.56M","-1.02%"
"09/13/1991","1,280.19","1,280.19","1,280.19","1,280.19","30.21M","-0.33%"
"09/12/1991","1,284.40","1,284.40","1,284.40","1,284.40","53.40M","0.84%"
"09/11/1991","1,273.69","1,273.69","1,273.69","1,273.69","30.44M","0.60%"
"09/10/1991","1,266.08","1,266.08","1,266.08","1,266.08","34.95M","-0.86%"
"09/09/1991","1,277.02","1,277.02","1,277.02","1,277.02","20.95M","0.59%"
"09/06/1991","1,269.49","1,269.49","1,269.49","1,269.49","50.05M","-0.19%"
"09/05/1991","1,271.90","1,271.90","1,271.97","1,271.90","64.85M","-0.42%"
"09/04/1991","1,277.29","1,277.29","1,277.29","1,277.29","53.10M","-0.23%"
"09/03/1991","1,280.19","1,280.19","1,280.19","1,280.19","90.85M","1.02%"
"09/02/1991","1,267.27","1,267.27","1,267.27","1,267.27","42.67M","1.01%"
"08/30/1991","1,254.60","1,254.60","1,254.60","1,254.60","47.01M","0.00%"
"08/29/1991","1,254.66","1,254.66","1,254.66","1,254.66","54.84M","-0.61%"
"08/28/1991","1,262.34","1,262.34","1,262.34","1,262.34","87.17M","1.01%"
"08/27/1991","1,249.67","1,249.67","1,249.67","1,249.67","89.36M","1.34%"
"08/26/1991","1,233.20","1,233.20","1,233.20","1,233.20","71.66M","2.21%"
"08/23/1991","1,206.59","1,206.59","1,206.59","1,206.59","76.09M","1.08%"
"08/22/1991","1,193.69","1,193.69","1,193.69","1,193.69","66.83M","1.43%"
"08/21/1991","1,176.82","1,176.82","1,176.82","1,176.82","100.16M","4.26%"
"08/20/1991","1,128.70","1,128.70","1,128.70","1,128.70","76.07M","1.51%"
"08/19/1991","1,111.90","1,111.90","1,111.90","1,111.90","49.33M","-5.11%"
"08/16/1991","1,171.83","1,171.83","1,171.83","1,171.83","24.48M","-0.52%"
"08/15/1991","1,177.98","1,177.98","1,177.98","1,177.98","46.70M","0.14%"
"08/14/1991","1,176.35","1,176.35","1,176.35","1,176.35","70.10M","2.38%"
"08/13/1991","1,149.05","1,149.05","1,149.05","1,149.05","65.21M","0.79%"
"08/12/1991","1,140.06","1,140.06","1,140.06","1,140.06","16.70M","-0.70%"
"08/09/1991","1,148.13","1,148.13","1,148.13","1,148.13","60.11M","0.08%"
"08/08/1991","1,147.26","1,147.26","1,147.26","1,147.26","42.17M","-0.11%"
"08/07/1991","1,148.57","1,148.57","1,148.57","1,148.57","83.50M","-1.77%"
"08/06/1991","1,169.25","1,169.25","1,169.25","1,169.25","46.53M","-1.40%"
"08/05/1991","1,185.80","1,185.80","1,185.80","1,185.80","25.57M","-1.19%"
"08/02/1991","1,200.09","1,200.09","1,200.09","1,200.09","63.34M","0.69%"
"08/01/1991","1,191.89","1,191.89","1,191.89","1,191.89","47.09M","-0.15%"
"07/31/1991","1,193.65","1,193.65","1,193.65","1,193.65","74.42M","0.80%"
"07/30/1991","1,184.19","1,184.19","1,184.19","1,184.19","73.13M","0.44%"
"07/29/1991","1,179.02","1,179.02","1,179.02","1,179.02","82.63M","-1.04%"
"07/26/1991","1,191.44","1,191.44","1,191.44","1,191.44","55.07M","-1.36%"
"07/25/1991","1,207.81","1,207.81","1,207.81","1,207.81","36.38M","0.39%"
"07/24/1991","1,203.11","1,203.11","1,203.11","1,203.11","34.72M","0.43%"
"07/23/1991","1,197.92","1,197.92","1,197.92","1,197.92","69.04M","-0.63%"
"07/22/1991","1,205.48","1,205.48","1,205.48","1,205.48","44.03M","-0.36%"
"07/19/1991","1,209.85","1,209.85","1,209.85","1,209.85","47.89M","0.77%"
"07/18/1991","1,200.60","1,200.60","1,200.60","1,200.60","71.35M","1.42%"
"07/17/1991","1,183.78","1,183.78","1,183.78","1,183.78","24.33M","0.39%"
"07/16/1991","1,179.20","1,179.20","1,179.20","1,179.20","29.59M","-1.13%"
"07/15/1991","1,192.69","1,192.69","1,192.69","1,192.69","40.79M","1.51%"
"07/12/1991","1,174.90","1,174.90","1,174.90","1,174.90","54.28M","1.75%"
"07/11/1991","1,154.71","1,154.71","1,154.71","1,154.71","39.75M","0.20%"
"07/10/1991","1,152.36","1,152.36","1,152.36","1,152.36","53.80M","1.45%"
"07/09/1991","1,135.84","1,135.84","1,135.84","1,135.84","62.57M","2.21%"
"07/08/1991","1,111.24","1,111.24","1,111.24","1,111.24","28.00M","-0.28%"
"07/05/1991","1,114.33","1,114.33","1,114.33","1,114.33","44.40M","-0.65%"
"07/04/1991","1,121.59","1,121.59","1,121.59","1,121.59","49.49M","2.13%"
"07/03/1991","1,098.21","1,098.21","1,098.21","1,098.21","43.45M","0.18%"
"07/02/1991","1,096.20","1,096.20","1,096.20","1,096.20","34.40M","1.76%"
"07/01/1991","1,077.28","1,077.28","1,077.28","1,077.28","29.10M","1.82%"
"06/28/1991","1,058.02","1,058.02","1,058.02","1,058.02","31.93M","-0.66%"
"06/27/1991","1,065.07","1,065.07","1,065.07","1,065.07","40.54M","1.63%"
"06/26/1991","1,047.98","1,047.98","1,047.98","1,047.98","84.41M","-0.64%"
"06/25/1991","1,054.69","1,054.69","1,054.69","1,054.69","71.10M","0.25%"
"06/24/1991","1,052.01","1,052.01","1,052.01","1,052.01","45.45M","-2.64%"
"06/21/1991","1,080.49","1,080.49","1,080.49","1,080.49","65.89M","0.66%"
"06/20/1991","1,073.42","1,073.42","1,073.42","1,073.42","67.31M","0.28%"
"06/19/1991","1,070.47","1,070.47","1,070.47","1,070.47","71.91M","-1.85%"
"06/18/1991","1,090.61","1,090.61","1,090.61","1,090.61","249.97M","-0.43%"
"06/17/1991","1,095.37","1,095.37","1,095.37","1,095.37","105.82M","-0.30%"
"06/14/1991","1,098.66","1,098.66","1,098.66","1,098.66","110.41M","1.81%"
"06/13/1991","1,079.14","1,079.14","1,079.14","1,079.14","94.35M","0.66%"
"06/12/1991","1,072.07","1,072.07","1,072.07","1,072.07","90.17M","-2.40%"
"06/11/1991","1,098.43","1,098.43","1,098.43","1,098.43","85.80M","-1.80%"
"06/10/1991","1,118.61","1,118.61","1,118.61","1,118.61","80.10M","-0.02%"
"06/07/1991","1,118.80","1,118.80","1,118.80","1,118.80","145.00M","-1.14%"
"06/06/1991","1,131.70","1,131.70","1,131.70","1,131.70","128.15M","0.29%"
"06/05/1991","1,128.43","1,128.43","1,128.43","1,128.43","109.00M","0.77%"
"06/04/1991","1,119.81","1,119.81","1,119.81","1,119.81","74.29M","-0.25%"
"06/03/1991","1,122.57","1,122.57","1,122.57","1,122.57","62.34M","2.41%"
"05/31/1991","1,096.17","1,096.17","1,096.17","1,096.17","69.74M","0.60%"
"05/30/1991","1,089.64","1,089.64","1,089.64","1,089.64","63.13M","0.42%"
"05/29/1991","1,085.11","1,085.11","1,085.11","1,085.11","75.92M","2.97%"
"05/28/1991","1,053.79","1,053.79","1,053.79","1,053.79","70.02M","1.18%"
"05/27/1991","1,041.51","1,041.51","1,041.51","1,041.51","38.82M","-0.36%"
"05/24/1991","1,045.29","1,045.29","1,045.29","1,045.29","72.27M","0.02%"
"05/23/1991","1,045.06","1,045.06","1,045.06","1,045.06","68.71M","1.07%"
"05/22/1991","1,034.03","1,034.03","1,034.03","1,034.03","50.64M","0.10%"
"05/21/1991","1,033.00","1,033.00","1,033.00","1,033.00","53.19M","-0.43%"
"05/20/1991","1,037.43","1,037.43","1,037.43","1,037.43","31.25M","1.91%"
"05/17/1991","1,017.94","1,017.94","1,017.94","1,017.94","60.01M","1.79%"
"05/16/1991","1,000.07","1,000.07","1,000.07","1,000.07","63.26M","-1.31%"
"05/15/1991","1,013.35","1,013.35","1,013.35","1,013.35","71.16M","-0.60%"
"05/14/1991","1,019.51","1,019.51","1,019.51","1,019.51","77.85M","1.09%"
"05/13/1991","1,008.47","1,008.47","1,008.47","1,008.47","55.33M","1.88%"
"05/10/1991","989.84","989.84","989.84","989.84","70.41M","-0.34%"
"05/09/1991","993.23","993.23","993.23","993.23","83.29M","3.26%"
"05/08/1991","961.87","961.87","961.87","961.87","53.55M","3.33%"
"05/07/1991","930.91","930.91","930.91","930.91","31.70M","1.33%"
"05/06/1991","918.72","918.72","918.72","918.72","29.13M","-0.85%"
"05/03/1991","926.57","926.57","926.57","926.57","41.31M","0.20%"
"05/02/1991","924.74","924.74","924.74","924.74","44.12M","2.62%"
"04/30/1991","901.14","901.14","901.14","901.14","26.64M","-1.69%"
"04/29/1991","916.66","916.66","916.66","916.66","23.85M","-0.02%"
"04/26/1991","916.86","916.86","916.86","916.86","39.27M","-0.14%"
"04/25/1991","918.15","918.15","918.15","918.15","52.13M","-0.92%"
"04/24/1991","926.67","926.67","926.67","926.67","58.86M","2.19%"
"04/23/1991","906.78","906.78","906.78","906.78","45.24M","2.66%"
"04/22/1991","883.25","883.25","883.25","883.25","78.39M","-3.53%"
"04/19/1991","915.56","915.56","915.56","915.56","47.50M","-3.32%"
"04/18/1991","946.97","946.97","946.97","946.97","54.80M","1.44%"
"04/17/1991","933.57","933.57","933.57","933.57","75.43M","2.58%"
"04/16/1991","910.05","910.05","910.05","910.05","49.55M","2.10%"
"04/15/1991","891.31","891.31","891.31","891.31","32.13M","0.50%"
"04/12/1991","886.87","886.87","886.87","886.87","52.49M","1.08%"
"04/11/1991","877.41","877.41","877.41","877.41","79.26M","0.31%"
"04/10/1991","874.74","874.74","874.74","874.74","102.06M","0.72%"
"04/09/1991","868.51","868.51","868.51","868.51","64.58M","1.41%"
"04/08/1991","856.44","856.44","856.44","856.44","37.15M","-0.24%"
"04/05/1991","858.48","858.48","858.48","858.48","61.20M","1.68%"
"04/04/1991","844.31","844.31","844.31","844.31","86.68M","0.57%"
"04/03/1991","839.50","839.50","839.50","839.50","113.71M","1.71%"
"04/02/1991","825.42","825.42","825.42","825.42","233.32M","2.34%"
"04/01/1991","806.54","806.54","806.54","806.54","58.22M","0.40%"
"03/27/1991","803.35","803.35","803.35","803.35","53.96M","0.09%"
"03/26/1991","802.66","802.66","802.66","802.66","50.01M","0.55%"
"03/25/1991","798.28","798.28","798.28","798.28","65.12M","1.21%"
"03/22/1991","788.73","788.73","788.73","788.73","90.95M","3.36%"
"03/20/1991","763.11","763.11","763.11","763.11","28.35M","2.35%"
"03/19/1991","745.61","745.61","745.61","745.61","170.51M","-0.46%"
"03/18/1991","749.09","749.09","749.09","749.09","38.24M","0.65%"
"03/15/1991","744.28","744.28","744.28","744.28","179.55M","-0.46%"
"03/14/1991","747.75","747.75","747.75","747.75","83.55M","1.92%"
"03/13/1991","733.69","733.69","733.69","733.69","74.18M","1.98%"
"03/12/1991","719.46","719.46","719.46","719.46","35.45M","-0.37%"
"03/11/1991","722.14","722.14","722.14","722.14","46.57M","0.78%"
"03/08/1991","716.56","716.56","716.56","716.56","101.06M","2.31%"
"03/07/1991","700.39","700.39","700.39","700.39","49.87M","-0.20%"
"03/06/1991","701.81","701.81","701.81","701.81","99.56M","1.97%"
"03/05/1991","688.23","688.23","688.23","688.23","72.62M","1.99%"
"03/04/1991","674.82","674.82","674.82","674.82","21.04M","1.52%"
"03/01/1991","664.69","664.69","664.69","664.69","27.62M","0.84%"
"02/28/1991","659.16","659.16","659.16","659.16","38.72M","0.72%"
"02/27/1991","654.47","654.47","654.47","654.47","28.46M","0.65%"
"02/26/1991","650.27","650.27","650.27","650.27","32.38M","-0.32%"
"02/25/1991","652.34","652.34","652.34","652.34","31.49M","-0.35%"
"02/22/1991","654.61","654.61","654.61","654.61","116.68M","0.90%"
"02/21/1991","648.75","648.75","648.75","648.75","41.73M","-0.31%"
"02/20/1991","650.78","650.78","650.78","650.78","28.55M","-1.16%"
"02/19/1991","658.41","658.41","658.41","658.41","94.68M","-0.31%"
"02/18/1991","660.46","660.46","660.46","660.46","39.39M","0.76%"
"02/15/1991","655.48","655.48","655.48","655.48","40.72M","0.26%"
"02/14/1991","653.80","653.80","653.80","653.80","60.21M","0.80%"
"02/13/1991","648.63","648.63","648.63","648.63","26.10M","-0.28%"
"02/12/1991","650.48","650.48","650.48","650.48","34.02M","-0.27%"
"02/11/1991","652.23","652.23","652.23","652.23","43.52M","0.71%"
"02/08/1991","647.66","647.66","647.66","647.66","33.69M","0.24%"
"02/07/1991","646.14","646.14","646.14","646.14","73.02M","1.64%"
"02/06/1991","635.71","635.71","635.71","635.71","33.43M","1.90%"
"02/04/1991","623.86","623.86","623.86","623.86","21.72M","0.53%"
"02/01/1991","620.55","620.55","620.55","620.55","28.98M","-0.39%"
"01/31/1991","622.99","622.99","622.99","622.99","40.93M","0.59%"
"01/30/1991","619.34","619.34","619.34","619.34","35.34M","1.09%"
"01/29/1991","612.68","612.68","612.68","612.68","53.05M","-0.06%"
"01/28/1991","613.05","613.05","613.05","613.05","32.22M","1.84%"
"01/25/1991","601.99","601.99","601.99","601.99","41.00M","1.30%"
"01/24/1991","594.25","594.25","594.25","594.25","29.32M","1.54%"
"01/23/1991","585.21","585.21","585.21","585.21","16.41M","-0.72%"
"01/22/1991","589.48","589.48","589.48","589.48","28.99M","-1.11%"
"01/21/1991","596.07","596.07","596.07","596.07","13.59M","-1.61%"
"01/18/1991","605.81","605.81","605.81","605.81","24.04M","-0.53%"
"01/17/1991","609.02","609.02","609.02","609.02","61.59M","6.93%"
"01/16/1991","569.55","569.55","569.55","569.55","15.34M","-0.64%"
"01/15/1991","573.23","573.23","573.23","573.23","36.73M","1.08%"
"01/14/1991","567.09","567.09","567.09","567.09","33.95M","-2.81%"
"01/11/1991","583.50","583.50","583.50","583.50","14.92M","-0.61%"
"01/10/1991","587.11","587.11","587.11","587.11","36.94M","-0.69%"
"01/09/1991","591.21","591.21","591.21","591.21","39.40M","-1.36%"
"01/08/1991","599.38","599.38","599.38","599.38","20.56M","0.03%"
"01/07/1991","599.21","599.21","599.21","599.21","18.48M","-3.69%"
"01/04/1991","622.20","622.20","622.20","622.20","14.71M","0.98%"
"01/03/1991","616.19","616.19","616.19","616.19","12.13M","-1.48%"
"01/02/1991","625.47","625.47","625.47","625.47","23.71M","-0.53%"