"Date","Price","Open","High","Low","Vol.","Change %"
"01/02/1991","0","0","0","0","211.33M","0.00%"
"01/03/1991","0","0","0","0","555.38M","0.00%"
"01/04/1991","0","0","0","0","853.62M","0.00%"
"01/07/1991","0","0","0","0","880.84M","0.00%"
"01/08/1991","0","0","0","0","685.82M","0.00%"
"01/09/1991","0","0","0","0","1.08B","0.00%"
"01/10/1991","0","0","0","0","1.08B","0.00%"
"01/11/1991","0","0","0","0","831.20M","0.00%"
"01/14/1991","0","0","0","0","840.54M","0.00%"
"01/15/1991","0","0","0","0","994.50M","0.00%"
"01/16/1991","0","0","0","0","1.41B","0.00%"
"01/17/1991","0","0","0","0","1.70B","0.00%"
"01/18/1991","0","0","0","0","1.89B","0.00%"
"01/21/1991","0","0","0","0","2.10B","0.00%"
"01/22/1991","0","0","0","0","1.94B","0.00%"
"01/23/1991","0","0","0","0","1.10B","0.00%"
"01/24/1991","0","0","0","0","2.19B","0.00%"
"01/28/1991","0","0","0","0","1.81B","0.00%"
"01/29/1991","0","0","0","0","4.51B","0.00%"
"01/30/1991","0","0","0","0","3.39B","0.00%"
"01/31/1991","0","0","0","0","3.14B","0.00%"
"02/04/1991","0","0","0","0","6.56B","0.00%"
"02/05/1991","0","0","0","0","3.89B","0.00%"
"02/06/1991","0","0","0","0","2.79B","0.00%"
"02/07/1991","0","0","0","0","2.32B","0.00%"
"02/08/1991","0","0","0","0","1.90B","0.00%"
"02/14/1991","0","0","0","0","1.62B","0.00%"
"02/15/1991","0","0","0","0","2.87B","0.00%"
"02/18/1991","0","0","0","0","2.27B","0.00%"
"02/19/1991","0","0","0","0","2.02B","0.00%"
"02/20/1991","0","0","0","0","1.86B","0.00%"
"02/21/1991","0","0","0","0","2.67B","0.00%"
"02/22/1991","0","0","0","0","2.35B","0.00%"
"02/25/1991","0","0","0","0","3.19B","0.00%"
"02/26/1991","0","0","0","0","3.11B","0.00%"
"02/27/1991","0","0","0","0","3.45B","0.00%"
"02/28/1991","0","0","0","0","5.30B","0.00%"
"03/01/1991","0","0","0","0","3.23B","0.00%"
"03/04/1991","0","0","0","0","1.39B","0.00%"
"03/05/1991","0","0","0","0","3.30B","0.00%"
"03/06/1991","0","0","0","0","2.32B","0.00%"
"03/07/1991","0","0","0","0","2.15B","0.00%"
"03/08/1991","0","0","0","0","1.31B","0.00%"
"03/11/1991","0","0","0","0","1.15B","0.00%"
"03/12/1991","0","0","0","0","1.89B","0.00%"
"03/13/1991","0","0","0","0","2.28B","0.00%"
"03/14/1991","0","0","0","0","1.56B","0.00%"
"03/15/1991","0","0","0","0","1.02B","0.00%"
"03/18/1991","0","0","0","0","1.17B","0.00%"
"03/19/1991","0","0","0","0","1.47B","0.00%"
"03/20/1991","0","0","0","0","1.19B","0.00%"
"03/21/1991","0","0","0","0","1.24B","0.00%"
"03/22/1991","0","0","0","0","654.04M","0.00%"
"03/25/1991","0","0","0","0","1.23B","0.00%"
"03/26/1991","0","0","0","0","1.32B","0.00%"
"03/27/1991","0","0","0","0","1.33B","0.00%"
"04/01/1991","0","0","0","0","1.69B","0.00%"
"04/02/1991","0","0","0","0","1.46B","0.00%"
"04/03/1991","0","0","0","0","1.62B","0.00%"
"04/04/1991","0","0","0","0","1.53B","0.00%"
"04/05/1991","0","0","0","0","1.46B","0.00%"
"04/08/1991","0","0","0","0","580.63M","0.00%"
"04/09/1991","0","0","0","0","1.16B","0.00%"
"04/10/1991","0","0","0","0","1.49B","0.00%"
"04/11/1991","0","0","0","0","968.52M","0.00%"
"04/12/1991","0","0","0","0","862.19M","0.00%"
"04/15/1991","0","0","0","0","634.04M","0.00%"
"04/16/1991","0","0","0","0","516.61M","0.00%"
"04/17/1991","0","0","0","0","716.75M","0.00%"
"04/18/1991","0","0","0","0","674.28M","0.00%"
"04/19/1991","0","0","0","0","447.98M","0.00%"
"04/22/1991","0","0","0","0","469.21M","0.00%"
"04/23/1991","0","0","0","0","1.17B","0.00%"
"04/24/1991","0","0","0","0","1.19B","0.00%"
"04/25/1991","0","0","0","0","761.01M","0.00%"
"04/26/1991","0","0","0","0","662.99M","0.00%"
"04/29/1991","0","0","0","0","382.74M","0.00%"
"04/30/1991","0","0","0","0","933.30M","0.00%"
"05/02/1991","0","0","0","0","1.18B","0.00%"
"05/03/1991","0","0","0","0","3.46B","0.00%"
"05/06/1991","0","0","0","0","594.94M","0.00%"
"05/07/1991","0","0","0","0","1.12B","0.00%"
"05/08/1991","0","0","0","0","1.25B","0.00%"
"05/09/1991","0","0","0","0","2.44B","0.00%"
"05/10/1991","0","0","0","0","1.11B","0.00%"
"05/13/1991","0","0","0","0","1.01B","0.00%"
"05/14/1991","0","0","0","0","1.32B","0.00%"
"05/15/1991","0","0","0","0","1.29B","0.00%"
"05/16/1991","0","0","0","0","1.41B","0.00%"
"05/17/1991","0","0","0","0","2.15B","0.00%"
"05/20/1991","0","0","0","0","1.58B","0.00%"
"05/21/1991","0","0","0","0","1.55B","0.00%"
"05/22/1991","0","0","0","0","2.88B","0.00%"
"05/23/1991","0","0","0","0","2.87B","0.00%"
"05/24/1991","0","0","0","0","3.02B","0.00%"
"05/27/1991","0","0","0","0","3.44B","0.00%"
"05/28/1991","0","0","0","0","3.45B","0.00%"
"05/29/1991","0","0","0","0","3.00B","0.00%"
"05/31/1991","0","0","0","0","2.89B","0.00%"
"06/03/1991","0","0","0","0","4.02B","0.00%"
"06/04/1991","0","0","0","0","3.85B","0.00%"
"06/05/1991","0","0","0","0","3.22B","0.00%"
"06/06/1991","0","0","0","0","2.58B","0.00%"
"06/07/1991","0","0","0","0","3.78B","0.00%"
"06/10/1991","0","0","0","0","3.02B","0.00%"
"06/11/1991","0","0","0","0","3.63B","0.00%"
"06/12/1991","0","0","0","0","4.77B","0.00%"
"06/13/1991","0","0","0","0","2.61B","0.00%"
"06/14/1991","0","0","0","0","3.37B","0.00%"
"06/17/1991","0","0","0","0","2.21B","0.00%"
"06/18/1991","0","0","0","0","2.77B","0.00%"
"06/19/1991","0","0","0","0","3.41B","0.00%"
"06/20/1991","0","0","0","0","3.24B","0.00%"
"06/21/1991","0","0","0","0","3.13B","0.00%"
"06/24/1991","0","0","0","0","2.79B","0.00%"
"06/25/1991","0","0","0","0","3.99B","0.00%"
"06/26/1991","0","0","0","0","2.49B","0.00%"
"06/27/1991","0","0","0","0","2.10B","0.00%"
"06/28/1991","0","0","0","0","2.33B","0.00%"
"07/01/1991","0","0","0","0","1.76B","0.00%"
"07/02/1991","0","0","0","0","1.49B","0.00%"
"07/03/1991","0","0","0","0","1.66B","0.00%"
"07/04/1991","0","0","0","0","3.47B","0.00%"
"07/05/1991","0","0","0","0","1.60B","0.00%"
"07/08/1991","0","0","0","0","1.04B","0.00%"
"07/09/1991","0","0","0","0","2.00B","0.00%"
"07/10/1991","0","0","0","0","1.63B","0.00%"
"07/11/1991","0","0","0","0","1.97B","0.00%"
"07/12/1991","0","0","0","0","1.62B","0.00%"
"07/15/1991","0","0","0","0","1.48B","0.00%"
"07/16/1991","0","0","0","0","1.66B","0.00%"
"07/17/1991","0","0","0","0","2.31B","0.00%"
"07/18/1991","0","0","0","0","1.24B","0.00%"
"07/19/1991","0","0","0","0","2.22B","0.00%"
"07/22/1991","0","0","0","0","1.97B","0.00%"
"07/23/1991","0","0","0","0","2.48B","0.00%"
"07/24/1991","0","0","0","0","2.03B","0.00%"
"07/25/1991","0","0","0","0","2.39B","0.00%"
"07/26/1991","0","0","0","0","2.14B","0.00%"
"07/29/1991","0","0","0","0","1.69B","0.00%"
"07/30/1991","0","0","0","0","2.82B","0.00%"
"07/31/1991","0","0","0","0","4.07B","0.00%"
"08/01/1991","0","0","0","0","3.01B","0.00%"
"08/02/1991","0","0","0","0","4.73B","0.00%"
"08/05/1991","0","0","0","0","3.35B","0.00%"
"08/06/1991","0","0","0","0","4.51B","0.00%"
"08/07/1991","0","0","0","0","3.39B","0.00%"
"08/08/1991","0","0","0","0","3.23B","0.00%"
"08/09/1991","0","0","0","0","2.22B","0.00%"
"08/12/1991","0","0","0","0","2.58B","0.00%"
"08/13/1991","0","0","0","0","1.86B","0.00%"
"08/14/1991","0","0","0","0","3.06B","0.00%"
"08/15/1991","0","0","0","0","2.89B","0.00%"
"08/16/1991","0","0","0","0","4.45B","0.00%"
"08/19/1991","0","0","0","0","3.37B","0.00%"
"08/20/1991","0","0","0","0","3.73B","0.00%"
"08/21/1991","0","0","0","0","4.01B","0.00%"
"08/22/1991","0","0","0","0","2.03B","0.00%"
"08/23/1991","0","0","0","0","2.42B","0.00%"
"08/26/1991","0","0","0","0","2.07B","0.00%"
"08/27/1991","0","0","0","0","3.38B","0.00%"
"08/28/1991","0","0","0","0","3.21B","0.00%"
"08/29/1991","0","0","0","0","3.68B","0.00%"
"08/30/1991","0","0","0","0","2.49B","0.00%"
"09/02/1991","0","0","0","0","4.43B","0.00%"
"09/03/1991","0","0","0","0","2.10B","0.00%"
"09/04/1991","0","0","0","0","2.04B","0.00%"
"09/05/1991","0","0","0","0","1.56B","0.00%"
"09/06/1991","0","0","0","0","2.28B","0.00%"
"09/09/1991","0","0","0","0","2.66B","0.00%"
"09/10/1991","0","0","0","0","1.92B","0.00%"
"09/11/1991","0","0","0","0","1.19B","0.00%"
"09/12/1991","0","0","0","0","3.16B","0.00%"
"09/13/1991","0","0","0","0","2.03B","0.00%"
"09/16/1991","0","0","0","0","1.92B","0.00%"
"09/17/1991","0","0","0","0","1.74B","0.00%"
"09/18/1991","0","0","0","0","1.70B","0.00%"
"09/19/1991","0","0","0","0","1.47B","0.00%"
"09/20/1991","0","0","0","0","2.38B","0.00%"
"09/23/1991","0","0","0","0","1.16B","0.00%"
"09/24/1991","0","0","0","0","1.07B","0.00%"
"09/25/1991","0","0","0","0","1.60B","0.00%"
"09/26/1991","0","0","0","0","1.75B","0.00%"
"09/27/1991","0","0","0","0","1.21B","0.00%"
"09/30/1991","0","0","0","0","1.01B","0.00%"
"10/01/1991","0","0","0","0","1.93B","0.00%"
"10/02/1991","0","0","0","0","1.75B","0.00%"
"10/03/1991","0","0","0","0","1.68B","0.00%"
"10/04/1991","0","0","0","0","1.42B","0.00%"
"10/07/1991","0","0","0","0","1.59B","0.00%"
"10/08/1991","0","0","0","0","1.59B","0.00%"
"10/09/1991","0","0","0","0","1.19B","0.00%"
"10/10/1991","0","0","0","0","1.41B","0.00%"
"10/11/1991","0","0","0","0","1.51B","0.00%"
"10/14/1991","0","0","0","0","972.21M","0.00%"
"10/15/1991","0","0","0","0","1.96B","0.00%"
"10/16/1991","0","0","0","0","2.55B","0.00%"
"10/17/1991","0","0","0","0","2.11B","0.00%"
"10/18/1991","0","0","0","0","2.13B","0.00%"
"10/21/1991","0","0","0","0","3.81B","0.00%"
"10/22/1991","0","0","0","0","1.98B","0.00%"
"10/23/1991","0","0","0","0","2.29B","0.00%"
"10/24/1991","0","0","0","0","3.20B","0.00%"
"10/25/1991","0","0","0","0","2.03B","0.00%"
"10/28/1991","0","0","0","0","2.44B","0.00%"
"10/29/1991","0","0","0","0","1.74B","0.00%"
"10/30/1991","0","0","0","0","1.68B","0.00%"
"10/31/1991","0","0","0","0","1.25B","0.00%"
"11/01/1991","0","0","0","0","1.45B","0.00%"
"11/04/1991","0","0","0","0","1.18B","0.00%"
"11/05/1991","0","0","0","0","1.78B","0.00%"
"11/06/1991","0","0","0","0","1.40B","0.00%"
"11/07/1991","0","0","0","0","1.68B","0.00%"
"11/08/1991","0","0","0","0","1.49B","0.00%"
"11/11/1991","0","0","0","0","1.26B","0.00%"
"11/12/1991","0","0","0","0","2.12B","0.00%"
"11/13/1991","0","0","0","0","2.30B","0.00%"
"11/14/1991","0","0","0","0","1.17B","0.00%"
"11/18/1991","0","0","0","0","1.21B","0.00%"
"11/19/1991","0","0","0","0","1.61B","0.00%"
"11/20/1991","0","0","0","0","1.78B","0.00%"
"11/21/1991","0","0","0","0","1.58B","0.00%"
"11/22/1991","0","0","0","0","1.57B","0.00%"
"11/25/1991","0","0","0","0","781.64M","0.00%"
"11/26/1991","0","0","0","0","1.64B","0.00%"
"11/27/1991","0","0","0","0","1.86B","0.00%"
"11/28/1991","0","0","0","0","1.88B","0.00%"
"11/29/1991","0","0","0","0","1.83B","0.00%"
"12/02/1991","0","0","0","0","1.68B","0.00%"
"12/03/1991","0","0","0","0","1.84B","0.00%"
"12/04/1991","0","0","0","0","2.80B","0.00%"
"12/05/1991","0","0","0","0","4.98B","0.00%"
"12/06/1991","0","0","0","0","5.47B","0.00%"
"12/09/1991","0","0","0","0","4.76B","0.00%"
"12/10/1991","0","0","0","0","4.92B","0.00%"
"12/11/1991","0","0","0","0","3.02B","0.00%"
"12/12/1991","0","0","0","0","5.90B","0.00%"
"12/13/1991","0","0","0","0","5.13B","0.00%"
"12/16/1991","0","0","0","0","4.63B","0.00%"
"12/17/1991","0","0","0","0","7.56B","0.00%"
"12/18/1991","0","0","0","0","9.00B","0.00%"
"12/19/1991","0","0","0","0","15.59B","0.00%"
"12/20/1991","1","0","1","0","6.18B","0.00%"
"12/23/1991","1","1","1","1","7.40B","0.00%"
"12/26/1991","1","1","1","1","7.39B","0.00%"
"12/27/1991","1","1","1","1","4.08B","0.00%"
"12/30/1991","1","1","1","1","5.90B","0.00%"
"01/02/1992","1","1","1","1","11.81B","0.00%"
"01/03/1992","1","1","1","1","14.53B","0.00%"
"01/06/1992","1","1","1","1","67.39B","0.00%"
"01/07/1992","1","1","1","1","15.81B","0.00%"
"01/08/1992","1","1","1","1","52.31B","0.00%"
"01/09/1992","1","1","1","1","29.10B","0.00%"
"01/10/1992","1","1","1","1","33.44B","0.00%"
"01/13/1992","1","1","1","1","45.44B","0.00%"
"01/14/1992","1","1","1","1","52.38B","0.00%"
"01/15/1992","1","1","1","1","40.22B","0.00%"
"01/16/1992","1","1","1","1","64.84B","0.00%"
"01/17/1992","1","1","1","1","32.97B","0.00%"
"01/20/1992","1","1","1","1","44.37B","0.00%"
"01/21/1992","1","1","1","1","54.62B","0.00%"
"01/22/1992","1","1","1","1","38.26B","0.00%"
"01/23/1992","1","1","1","1","95.52B","0.00%"
"01/24/1992","1","1","1","1","84.10B","0.00%"
"01/27/1992","1","1","1","1","71.59B","0.00%"
"01/28/1992","1","1","1","1","57.53B","0.00%"
"01/29/1992","1","1","1","1","47.00B","0.00%"
"01/30/1992","1","1","1","1","29.84B","0.00%"
"01/31/1992","1","1","1","1","73.15B","0.00%"
"02/03/1992","1","1","1","1","27.95B","0.00%"
"02/04/1992","1","1","1","1","22.18B","0.00%"
"02/05/1992","1","1","1","1","31.20B","0.00%"
"02/06/1992","1","1","1","1","32.87B","0.00%"
"02/07/1992","1","1","1","1","47.59B","0.00%"
"02/10/1992","1","1","1","1","11.78B","0.00%"
"02/11/1992","1","1","1","1","11.18B","0.00%"
"02/12/1992","1","1","1","1","25.95B","0.00%"
"02/13/1992","1","1","1","1","36.40B","0.00%"
"02/14/1992","1","1","1","1","22.70B","0.00%"
"02/17/1992","1","1","1","1","7.77B","0.00%"
"02/18/1992","1","1","1","1","31.83B","0.00%"
"02/19/1992","1","1","1","1","36.90B","0.00%"
"02/20/1992","1","1","1","1","32.97B","0.00%"
"02/21/1992","1","1","1","1","22.57B","0.00%"
"02/24/1992","1","1","1","1","15.69B","0.00%"
"02/25/1992","1","1","1","1","16.81B","0.00%"
"02/26/1992","1","1","1","1","15.30B","0.00%"
"02/27/1992","1","1","1","1","16.56B","0.00%"
"02/28/1992","1","1","1","1","15.87B","0.00%"
"03/05/1992","2","1","2","1","20.94B","100.00%"
"03/06/1992","2","2","2","2","20.62B","0.00%"
"03/09/1992","1","2","2","1","12.10B","-50.00%"
"03/10/1992","1","1","2","1","15.27B","0.00%"
"03/11/1992","2","1","2","1","13.29B","100.00%"
"03/12/1992","2","2","2","2","20.45B","0.00%"
"03/13/1992","2","2","2","2","17.18B","0.00%"
"03/16/1992","2","2","2","2","17.20B","0.00%"
"03/17/1992","2","2","2","2","19.95B","0.00%"
"03/18/1992","2","2","2","2","23.39B","0.00%"
"03/19/1992","2","2","2","2","19.85B","0.00%"
"03/20/1992","2","2","2","2","22.40B","0.00%"
"03/23/1992","2","2","2","2","12.18B","0.00%"
"03/24/1992","2","2","2","2","11.17B","0.00%"
"03/25/1992","2","2","2","2","10.02B","0.00%"
"03/26/1992","2","2","2","2","9.99B","0.00%"
"03/27/1992","2","2","2","2","5.99B","0.00%"
"03/30/1992","2","2","2","2","5.12B","0.00%"
"03/31/1992","2","2","2","2","17.73B","0.00%"
"04/01/1992","2","2","2","2","37.53B","0.00%"
"04/02/1992","2","2","2","2","10.04B","0.00%"
"04/03/1992","2","2","2","2","18.59B","0.00%"
"04/06/1992","2","2","2","2","49.73B","0.00%"
"04/07/1992","2","2","2","2","51.28B","0.00%"
"04/08/1992","2","2","2","2","27.85B","0.00%"
"04/09/1992","2","2","2","2","16.25B","0.00%"
"04/10/1992","2","2","2","2","36.15B","0.00%"
"04/13/1992","2","2","2","2","16.84B","0.00%"
"04/14/1992","2","2","2","2","27.93B","0.00%"
"04/15/1992","2","2","2","2","41.81B","0.00%"
"04/20/1992","2","2","2","2","21.39B","0.00%"
"04/22/1992","2","2","2","2","32.21B","0.00%"
"04/23/1992","2","2","2","2","45.18B","0.00%"
"04/24/1992","2","2","2","2","56.57B","0.00%"
"04/27/1992","2","2","2","2","35.84B","0.00%"
"04/28/1992","2","2","2","2","26.58B","0.00%"
"04/29/1992","2","2","2","2","34.08B","0.00%"
"04/30/1992","2","2","2","2","100.00B","0.00%"
"05/04/1992","2","2","2","2","57.48B","0.00%"
"05/05/1992","2","2","2","2","60.22B","0.00%"
"05/06/1992","2","2","2","2","69.96B","0.00%"
"05/07/1992","2","2","2","2","69.61B","0.00%"
"05/08/1992","3","2","3","2","253.00B","50.00%"
"05/11/1992","3","3","3","3","174.00B","0.00%"
"05/12/1992","3","3","3","3","269.00B","0.00%"
"05/13/1992","3","3","3","3","205.00B","0.00%"
"05/14/1992","3","3","3","3","126.00B","0.00%"
"05/15/1992","3","3","3","3","129.00B","0.00%"
"05/18/1992","3","3","3","3","81.74B","0.00%"
"05/19/1992","3","3","3","3","124.00B","0.00%"
"05/20/1992","3","3","3","3","66.33B","0.00%"
"05/21/1992","3","3","3","3","155.00B","0.00%"
"05/22/1992","3","3","3","3","153.00B","0.00%"
"05/25/1992","2","3","3","2","62.44B","-33.33%"
"05/26/1992","2","2","2","2","125.00B","0.00%"
"05/27/1992","3","2","3","2","72.07B","50.00%"
"05/28/1992","2","3","3","2","147.00B","-33.33%"
"05/29/1992","3","2","3","2","88.74B","50.00%"
"06/01/1992","3","3","3","3","99.07B","0.00%"
"06/02/1992","3","3","3","3","134.00B","0.00%"
"06/03/1992","3","3","3","3","77.14B","0.00%"
"06/04/1992","3","3","3","3","62.40B","0.00%"
"06/05/1992","3","3","3","3","69.60B","0.00%"
"06/08/1992","2","3","3","2","36.29B","-33.33%"
"06/09/1992","3","2","3","2","80.13B","50.00%"
"06/10/1992","3","3","3","3","71.21B","0.00%"
"06/11/1992","3","3","3","3","222.00B","0.00%"
"06/12/1992","3","3","3","2","129.00B","0.00%"
"06/15/1992","2","2","2","2","73.37B","-33.33%"
"06/16/1992","2","2","2","2","55.46B","0.00%"
"06/17/1992","2","2","2","2","91.17B","0.00%"
"06/19/1992","2","2","2","2","94.25B","0.00%"
"06/22/1992","2","2","2","2","49.96B","0.00%"
"06/23/1992","2","2","2","2","105.00B","0.00%"
"06/24/1992","2","2","2","2","79.51B","0.00%"
"06/25/1992","2","2","2","2","81.52B","0.00%"
"06/26/1992","2","2","2","2","149.00B","0.00%"
"06/29/1992","2","2","2","2","72.41B","0.00%"
"06/30/1992","2","2","2","2","54.68B","0.00%"
"07/01/1992","2","2","2","2","119.00B","0.00%"
"07/02/1992","2","2","2","2","96.95B","0.00%"
"07/03/1992","2","2","2","2","58.56B","0.00%"
"07/06/1992","2","2","2","2","53.21B","0.00%"
"07/07/1992","2","2","2","2","60.18B","0.00%"
"07/08/1992","2","2","2","2","84.60B","0.00%"
"07/09/1992","2","2","3","2","265.00B","0.00%"
"07/10/1992","3","2","3","2","3.23B","50.00%"
"07/13/1992","3","3","3","3","3.41B","0.00%"
"07/14/1992","3","3","3","3","3.58B","0.00%"
"07/15/1992","3","3","3","3","3.54B","0.00%"
"07/16/1992","3","3","3","3","2.79B","0.00%"
"07/17/1992","3","3","3","3","2.29B","0.00%"
"07/20/1992","3","3","3","3","2.14B","0.00%"
"07/21/1992","3","3","3","3","2.79B","0.00%"
"07/22/1992","2","3","3","2","2.54B","-33.33%"
"07/23/1992","3","2","3","2","2.07B","50.00%"
"07/24/1992","3","3","3","3","2.06B","0.00%"
"07/27/1992","3","3","3","3","1.37B","0.00%"
"07/28/1992","3","3","3","3","2.27B","0.00%"
"07/29/1992","3","3","3","3","1.71B","0.00%"
"07/30/1992","3","3","3","3","1.46B","0.00%"
"07/31/1992","3","3","3","3","1.28B","0.00%"
"08/03/1992","2","3","3","2","2.18B","-33.33%"
"08/04/1992","3","2","3","2","1.66B","50.00%"
"08/05/1992","3","3","3","2","2.06B","0.00%"
"08/06/1992","3","3","3","3","1.51B","0.00%"
"08/07/1992","3","3","3","3","2.07B","0.00%"
"08/10/1992","3","3","3","3","1.79B","0.00%"
"08/11/1992","3","3","3","3","1.92B","0.00%"
"08/12/1992","3","3","3","3","2.74B","0.00%"
"08/13/1992","3","3","3","3","1.76B","0.00%"
"08/14/1992","3","3","3","3","1.92B","0.00%"
"08/17/1992","3","3","3","3","1.56B","0.00%"
"08/18/1992","3","3","3","3","1.45B","0.00%"
"08/19/1992","3","3","3","3","1.84B","0.00%"
"08/20/1992","3","3","3","3","1.94B","0.00%"
"08/21/1992","3","3","3","3","1.44B","0.00%"
"08/24/1992","3","3","3","3","728.71M","0.00%"
"08/25/1992","3","3","3","3","1.23B","0.00%"
"08/26/1992","3","3","3","3","3.30B","0.00%"
"08/27/1992","3","3","3","3","3.41B","0.00%"
"08/28/1992","4","3","4","3","3.46B","33.33%"
"08/31/1992","3","3","3","3","2.28B","-25.00%"
"09/01/1992","3","3","3","3","2.73B","0.00%"
"09/02/1992","3","3","3","3","1.96B","0.00%"
"09/03/1992","3","3","3","3","1.84B","0.00%"
"09/04/1992","3","3","3","3","1.50B","0.00%"
"09/08/1992","3","3","3","3","1.44B","0.00%"
"09/09/1992","3","3","4","3","2.48B","0.00%"
"09/10/1992","3","3","3","3","1.74B","0.00%"
"09/11/1992","3","3","3","3","1.34B","0.00%"
"09/14/1992","4","3","4","3","1.49B","33.33%"
"09/15/1992","4","4","4","3","1.64B","0.00%"
"09/16/1992","4","4","4","3","1.54B","0.00%"
"09/17/1992","4","4","4","4","2.03B","0.00%"
"09/18/1992","4","4","4","4","1.18B","0.00%"
"09/21/1992","4","4","4","4","1.40B","0.00%"
"09/22/1992","4","4","4","4","2.20B","0.00%"
"09/23/1992","4","4","4","4","2.62B","0.00%"
"09/24/1992","4","4","4","4","3.98B","0.00%"
"09/25/1992","4","4","4","4","4.41B","0.00%"
"09/28/1992","4","4","4","4","2.30B","0.00%"
"09/29/1992","5","4","5","4","3.20B","25.00%"
"09/30/1992","4","5","5","4","2.51B","-20.00%"
"10/01/1992","5","4","5","4","2.57B","25.00%"
"10/02/1992","4","5","5","4","3.47B","-20.00%"
"10/05/1992","4","4","4","4","3.12B","0.00%"
"10/06/1992","4","4","4","4","2.62B","0.00%"
"10/07/1992","4","4","4","4","2.56B","0.00%"
"10/08/1992","4","4","4","4","1.91B","0.00%"
"10/09/1992","4","4","4","4","1.73B","0.00%"
"10/13/1992","4","4","4","4","1.17B","0.00%"
"10/14/1992","4","4","4","4","2.16B","0.00%"
"10/15/1992","4","4","4","4","1.48B","0.00%"
"10/16/1992","4","4","4","4","1.96B","0.00%"
"10/19/1992","4","4","4","4","2.03B","0.00%"
"10/20/1992","4","4","4","4","2.38B","0.00%"
"10/21/1992","4","4","4","4","2.53B","0.00%"
"10/22/1992","4","4","4","4","2.30B","0.00%"
"10/23/1992","4","4","4","4","3.51B","0.00%"
"10/26/1992","4","4","4","4","3.03B","0.00%"
"10/27/1992","4","4","4","4","2.37B","0.00%"
"10/28/1992","4","4","4","4","2.12B","0.00%"
"10/29/1992","5","4","5","4","2.12B","25.00%"
"10/30/1992","5","5","5","5","1.96B","0.00%"
"11/03/1992","4","5","5","4","1.48B","-20.00%"
"11/04/1992","4","4","5","4","1.69B","0.00%"
"11/05/1992","4","4","4","4","2.24B","0.00%"
"11/06/1992","4","4","4","4","1.71B","0.00%"
"11/09/1992","4","4","4","4","2.54B","0.00%"
"11/10/1992","4","4","4","4","1.89B","0.00%"
"11/11/1992","4","4","4","4","2.90B","0.00%"
"11/12/1992","4","4","4","4","2.40B","0.00%"
"11/13/1992","4","4","4","4","2.44B","0.00%"
"11/16/1992","4","4","4","4","2.64B","0.00%"
"11/17/1992","4","4","4","4","3.37B","0.00%"
"11/18/1992","4","4","4","4","2.77B","0.00%"
"11/19/1992","4","4","4","4","2.48B","0.00%"
"11/20/1992","4","4","4","4","1.73B","0.00%"
"11/23/1992","4","4","4","4","2.05B","0.00%"
"11/24/1992","4","4","4","4","1.90B","0.00%"
"11/25/1992","4","4","4","4","2.69B","0.00%"
"11/26/1992","5","4","5","4","2.55B","25.00%"
"11/27/1992","5","5","5","4","1.87B","0.00%"
"11/30/1992","5","5","5","4","1.66B","0.00%"
"12/01/1992","5","5","5","5","3.42B","0.00%"
"12/02/1992","5","5","5","5","2.58B","0.00%"
"12/03/1992","4","5","5","4","2.36B","-20.00%"
"12/04/1992","5","4","5","4","1.62B","25.00%"
"12/07/1992","5","5","5","5","1.81B","0.00%"
"12/08/1992","5","5","5","5","2.36B","0.00%"
"12/09/1992","5","5","5","5","3.16B","0.00%"
"12/10/1992","5","5","5","5","2.30B","0.00%"
"12/11/1992","5","5","5","5","2.33B","0.00%"
"12/14/1992","5","5","5","5","2.78B","0.00%"
"12/15/1992","5","5","5","5","3.04B","0.00%"
"12/16/1992","5","5","5","5","3.37B","0.00%"
"12/17/1992","5","5","5","5","2.54B","0.00%"
"12/18/1992","5","5","5","5","2.16B","0.00%"
"12/21/1992","5","5","5","5","3.90B","0.00%"
"12/22/1992","5","5","5","5","2.34B","0.00%"
"12/23/1992","6","5","6","5","5.02B","20.00%"
"12/28/1992","7","6","7","6","5.14B","16.67%"
"12/29/1992","7","7","7","7","2.68B","0.00%"
"12/30/1992","7","7","7","7","2.93B","0.00%"
"01/04/1993","7","7","7","7","6.06B","0.00%"
"01/05/1993","8","7","8","7","6.39B","14.29%"
"01/06/1993","8","8","8","7","8.08B","0.00%"
"01/07/1993","8","8","8","8","7.14B","0.00%"
"01/08/1993","8","8","8","8","7.84B","0.00%"
"01/11/1993","9","8","9","8","7.52B","12.50%"
"01/12/1993","9","9","9","8","4.40B","0.00%"
"01/13/1993","8","9","9","8","6.67B","-11.11%"
"01/14/1993","9","8","9","8","3.62B","12.50%"
"01/15/1993","9","9","9","9","5.18B","0.00%"
"01/18/1993","9","9","9","9","3.17B","0.00%"
"01/19/1993","9","9","9","9","5.47B","0.00%"
"01/20/1993","9","9","9","8","3.80B","0.00%"
"01/21/1993","9","9","9","8","3.95B","0.00%"
"01/22/1993","9","9","9","9","6.66B","0.00%"
"01/26/1993","9","9","10","9","4.57B","0.00%"
"01/27/1993","9","9","10","9","5.12B","0.00%"
"01/28/1993","9","9","10","9","3.96B","0.00%"
"01/29/1993","9","9","9","9","5.12B","0.00%"
"02/01/1993","9","9","9","9","2.66B","0.00%"
"02/02/1993","9","9","9","9","4.48B","0.00%"
"02/03/1993","9","9","9","9","7.73B","0.00%"
"02/04/1993","10","9","10","9","8.38B","11.11%"
"02/05/1993","10","10","10","10","8.54B","0.00%"
"02/08/1993","10","10","10","10","6.53B","0.00%"
"02/09/1993","10","10","10","10","6.37B","0.00%"
"02/10/1993","10","10","11","10","7.87B","0.00%"
"02/11/1993","11","10","11","10","8.38B","10.00%"
"02/12/1993","11","11","11","10","6.33B","0.00%"
"02/15/1993","11","11","11","11","6.59B","0.00%"
"02/16/1993","11","11","12","11","7.05B","0.00%"
"02/17/1993","12","11","12","11","6.30B","9.09%"
"02/18/1993","12","12","12","12","11.52B","0.00%"
"02/19/1993","13","12","14","12","11.85B","8.33%"
"02/25/1993","14","13","15","13","8.06B","7.69%"
"02/26/1993","14","14","14","14","5.94B","0.00%"
"03/01/1993","13","14","14","13","6.26B","-7.14%"
"03/02/1993","13","13","13","13","7.18B","0.00%"
"03/03/1993","14","13","14","13","5.57B","7.69%"
"03/04/1993","14","14","15","14","15.61B","0.00%"
"03/05/1993","14","14","14","14","5.97B","0.00%"
"03/08/1993","15","14","15","14","6.66B","7.14%"
"03/09/1993","15","15","16","15","8.42B","0.00%"
"03/10/1993","15","15","16","15","5.23B","0.00%"
"03/11/1993","15","15","16","15","9.40B","0.00%"
"03/12/1993","16","15","16","15","7.02B","6.67%"
"03/15/1993","17","16","17","16","13.04B","6.25%"
"03/16/1993","17","17","18","17","31.97B","0.00%"
"03/17/1993","17","17","18","17","11.58B","0.00%"
"03/18/1993","18","17","18","17","11.37B","5.88%"
"03/19/1993","18","18","18","18","7.50B","0.00%"
"03/22/1993","19","18","19","18","10.84B","5.56%"
"03/23/1993","18","19","19","18","6.57B","-5.26%"
"03/24/1993","19","18","19","18","9.14B","5.56%"
"03/25/1993","18","19","19","18","7.80B","-5.26%"
"03/26/1993","18","18","18","18","5.08B","0.00%"
"03/29/1993","19","18","19","18","3.78B","5.56%"
"03/30/1993","19","19","19","19","6.52B","0.00%"
"03/31/1993","19","19","19","19","6.14B","0.00%"
"04/01/1993","19","19","20","19","4.75B","0.00%"
"04/02/1993","19","19","19","19","2.70B","0.00%"
"04/05/1993","18","19","19","18","2.79B","-5.26%"
"04/06/1993","18","18","19","18","2.86B","0.00%"
"04/07/1993","19","18","19","18","3.28B","5.56%"
"04/12/1993","19","19","19","18","3.07B","0.00%"
"04/13/1993","20","19","20","19","6.12B","5.26%"
"04/14/1993","22","20","22","20","9.67B","10.00%"
"04/15/1993","21","22","22","21","6.06B","-4.55%"
"04/16/1993","22","21","22","21","6.65B","4.76%"
"04/19/1993","22","22","23","22","8.18B","0.00%"
"04/20/1993","23","22","23","22","8.60B","4.55%"
"04/22/1993","24","23","24","23","8.64B","4.35%"
"04/23/1993","23","24","24","23","6.44B","-4.17%"
"04/26/1993","25","23","25","23","9.51B","8.70%"
"04/27/1993","25","25","25","25","7.92B","0.00%"
"04/28/1993","24","25","25","24","5.98B","-4.00%"
"04/29/1993","24","24","25","24","5.52B","0.00%"
"04/30/1993","24","24","24","24","3.87B","0.00%"
"05/03/1993","24","24","24","24","3.71B","0.00%"
"05/04/1993","25","24","25","24","7.46B","4.17%"
"05/05/1993","25","25","25","24","6.77B","0.00%"
"05/06/1993","26","25","26","25","8.64B","4.00%"
"05/07/1993","26","26","26","25","6.84B","0.00%"
"05/10/1993","25","26","26","25","7.22B","-3.85%"
"05/11/1993","26","25","26","25","8.86B","4.00%"
"05/12/1993","27","26","27","26","9.34B","3.85%"
"05/13/1993","27","27","28","27","6.65B","0.00%"
"05/14/1993","28","27","28","27","8.87B","3.70%"
"05/17/1993","29","28","29","28","12.40B","3.57%"
"05/18/1993","29","29","30","29","11.92B","0.00%"
"05/19/1993","30","29","30","29","13.11B","3.45%"
"05/20/1993","32","30","32","30","16.96B","6.67%"
"05/21/1993","33","32","34","32","17.41B","3.13%"
"05/24/1993","34","33","34","33","13.85B","3.03%"
"05/25/1993","34","34","34","34","12.93B","0.00%"
"05/26/1993","35","34","36","34","18.82B","2.94%"
"05/27/1993","35","35","35","35","18.84B","0.00%"
"05/28/1993","35","35","35","35","7.92B","0.00%"
"05/31/1993","35","35","35","35","7.01B","0.00%"
"06/01/1993","37","35","37","35","13.06B","5.71%"
"06/02/1993","39","38","40","38","19.97B","5.41%"
"06/03/1993","41","39","41","39","12.30B","5.13%"
"06/04/1993","41","41","42","41","14.43B","0.00%"
"06/07/1993","42","41","43","41","9.62B","2.44%"
"06/08/1993","42","42","43","42","7.84B","0.00%"
"06/09/1993","41","42","42","41","11.15B","-2.38%"
"06/11/1993","45","45","45","45","9.38B","9.76%"
"06/14/1993","45","45","46","44","9.45B","0.00%"
"06/15/1993","46","45","48","45","14.39B","2.22%"
"06/16/1993","49","46","49","46","17.61B","6.52%"
"06/17/1993","47","49","53","44","28.16B","-4.08%"
"06/18/1993","47","47","49","46","17.29B","0.00%"
"06/21/1993","48","47","49","47","16.75B","2.13%"
"06/22/1993","49","48","50","47","11.76B","2.08%"
"06/23/1993","48","49","51","48","14.85B","-2.04%"
"06/24/1993","49","48","49","48","12.70B","2.08%"
"06/25/1993","52","49","52","49","13.91B","6.12%"
"06/28/1993","54","52","55","51","13.07B","3.85%"
"06/29/1993","53","54","55","53","13.81B","-1.85%"
"06/30/1993","54","53","54","53","10.46B","1.89%"
"07/01/1993","52","54","55","52","8.52B","-3.70%"
"07/02/1993","52","52","54","52","8.28B","0.00%"
"07/05/1993","55","54","55","54","7.91B","5.77%"
"07/06/1993","56","55","57","55","9.25B","1.82%"
"07/07/1993","58","56","58","56","7.88B","3.57%"
"07/08/1993","57","58","58","56","9.00B","-1.72%"
"07/09/1993","59","57","59","57","7.32B","3.51%"
"07/12/1993","60","59","61","59","5.59B","1.69%"
"07/13/1993","60","60","61","59","4.43B","0.00%"
"07/14/1993","58","60","60","58","6.70B","-3.33%"
"07/15/1993","57","58","59","57","9.39B","-1.72%"
"07/16/1993","58","57","59","56","7.87B","1.75%"
"07/19/1993","59","58","59","58","4.31B","1.72%"
"07/20/1993","62","59","62","59","11.97B","5.08%"
"07/21/1993","62","62","63","62","8.42B","0.00%"
"07/22/1993","62","62","62","61","9.20B","0.00%"
"07/23/1993","63","62","64","62","9.98B","1.61%"
"07/26/1993","62","63","64","61","10.38B","-1.59%"
"07/27/1993","62","62","62","61","9.45B","0.00%"
"07/28/1993","64","62","64","62","12.72B","3.23%"
"07/29/1993","66","64","66","64","16.05B","3.13%"
"07/30/1993","66","66","67","66","15.47B","0.00%"
"08/02/1993","63","66","66","62","10.66B","-4.55%"
"08/03/1993","63","63","63","62","9.79B","0.00%"
"08/04/1993","62","63","64","62","11.07B","-1.59%"
"08/05/1993","63","62","63","61","13.44B","1.61%"
"08/06/1993","64","63","65","63","9.04B","1.59%"
"08/09/1993","64","64","66","64","8.66B","0.00%"
"08/10/1993","67","64","67","64","11.03B","4.69%"
"08/11/1993","70","67","70","67","10.09B","4.48%"
"08/12/1993","74","70","74","70","16.73B","5.71%"
"08/13/1993","73","74","75","73","18.91B","-1.35%"
"08/16/1993","77","73","78","73","20.20B","5.48%"
"08/17/1993","80","77","81","77","16.01B","3.90%"
"08/18/1993","80","80","82","79","13.88B","0.00%"
"08/19/1993","85","80","85","80","27.08B","6.25%"
"08/20/1993","88","85","89","85","18.03B","3.53%"
"08/23/1993","90","88","90","87","18.88B","2.27%"
"08/24/1993","91","90","92","88","21.06B","1.11%"
"08/25/1993","92","91","92","90","17.47B","1.10%"
"08/26/1993","97","92","97","92","19.43B","5.43%"
"08/27/1993","97","97","100","97","19.48B","0.00%"
"08/30/1993","100","97","100","95","13.86B","3.09%"
"08/31/1993","96","100","100","96","16.74B","-4.00%"
"09/01/1993","103","96","103","96","14.45B","7.29%"
"09/02/1993","110","103","110","103","15.93B","6.80%"
"09/03/1993","112","110","112","108","13.75B","1.82%"
"09/06/1993","116","112","116","112","13.17B","3.57%"
"09/08/1993","118","116","122","116","18.45B","1.72%"
"09/09/1993","118","118","119","116","18.37B","0.00%"
"09/10/1993","123","121","124","121","20.19B","4.24%"
"09/13/1993","123","123","127","121","13.28B","0.00%"
"09/14/1993","120","123","123","118","18.13B","-2.44%"
"09/15/1993","124","120","124","119","23.97B","3.33%"
"09/16/1993","128","124","129","124","19.92B","3.23%"
"09/17/1993","139","128","139","128","22.84B","8.59%"
"09/20/1993","138","139","141","137","10.27B","-0.72%"
"09/21/1993","135","138","139","134","19.29B","-2.17%"
"09/22/1993","136","135","139","133","16.71B","0.74%"
"09/23/1993","143","136","143","136","21.37B","5.15%"
"09/24/1993","143","143","149","141","22.62B","0.00%"
"09/27/1993","139","143","143","139","11.11B","-2.80%"
"09/28/1993","144","139","144","139","10.20B","3.60%"
"09/29/1993","147","144","149","144","15.95B","2.08%"
"09/30/1993","147","147","150","146","12.17B","0.00%"
"10/01/1993","148","147","150","147","10.31B","0.68%"
"10/04/1993","147","148","150","147","10.18B","-0.68%"
"10/05/1993","153","147","154","147","12.66B","4.08%"
"10/06/1993","158","153","159","152","17.08B","3.27%"
"10/07/1993","167","158","168","158","20.59B","5.70%"
"10/08/1993","173","167","174","167","19.91B","3.59%"
"10/11/1993","181","173","181","173","10.47B","4.62%"
"10/13/1993","185","181","188","181","13.70B","2.21%"
"10/14/1993","187","185","207","184","15.18B","1.08%"
"10/15/1993","189","187","190","186","14.13B","1.07%"
"10/18/1993","171","189","190","171","21.30B","-9.52%"
"10/19/1993","177","171","179","163","21.61B","3.51%"
"10/20/1993","166","177","177","163","19.00B","-6.21%"
"10/21/1993","150","161","165","150","17.09B","-9.64%"
"10/22/1993","167","150","168","150","23.21B","11.33%"
"10/25/1993","156","167","167","156","18.42B","-6.59%"
"10/26/1993","164","156","164","156","20.20B","5.13%"
"10/27/1993","180","164","180","164","24.01B","9.76%"
"10/28/1993","178","180","183","175","17.73B","-1.11%"
"10/29/1993","184","178","185","175","14.90B","3.37%"
"11/01/1993","204","184","204","184","12.96B","10.87%"
"11/03/1993","201","204","206","198","14.13B","-1.47%"
"11/04/1993","198","201","206","196","14.39B","-1.49%"
"11/05/1993","201","198","202","194","14.67B","1.52%"
"11/08/1993","213","201","214","200","16.08B","5.97%"
"11/09/1993","213","213","221","210","18.99B","0.00%"
"11/10/1993","228","213","229","213","16.10B","7.04%"
"11/11/1993","233","228","234","228","20.99B","2.19%"
"11/12/1993","236","233","242","233","16.75B","1.29%"
"11/16/1993","239","236","240","235","8.19B","1.27%"
"11/17/1993","250","239","252","239","12.17B","4.60%"
"11/18/1993","251","250","258","249","9.83B","0.40%"
"11/19/1993","250","251","254","250","7.52B","-0.40%"
"11/22/1993","247","250","252","247","5.07B","-1.20%"
"11/23/1993","258","247","258","247","13.99B","4.45%"
"11/24/1993","270","258","274","258","12.29B","4.65%"
"11/25/1993","276","270","277","268","8.74B","2.22%"
"11/26/1993","282","276","287","276","10.71B","2.17%"
"11/29/1993","276","282","283","275","6.82B","-2.13%"
"11/30/1993","274","276","278","270","7.42B","-0.72%"
"12/01/1993","267","274","279","267","10.06B","-2.55%"
"12/02/1993","272","267","273","267","11.48B","1.87%"
"12/03/1993","289","272","290","272","14.05B","6.25%"
"12/06/1993","296","289","296","289","10.06B","2.42%"
"12/07/1993","293","296","298","290","12.92B","-1.01%"
"12/08/1993","291","293","297","290","9.37B","-0.68%"
"12/09/1993","285","291","291","284","9.41B","-2.06%"
"12/10/1993","291","285","295","285","7.70B","2.11%"
"12/13/1993","294","291","294","287","5.22B","1.03%"
"12/14/1993","305","294","307","294","9.60B","3.74%"
"12/15/1993","301","305","312","301","9.68B","-1.31%"
"12/16/1993","304","301","308","300","9.57B","1.00%"
"12/17/1993","309","304","312","304","8.76B","1.64%"
"12/20/1993","310","309","316","309","9.01B","0.32%"
"12/21/1993","330","310","330","310","19.92B","6.45%"
"12/22/1993","343","330","345","330","14.00B","3.94%"
"12/23/1993","349","343","351","343","10.54B","1.75%"
"12/27/1993","359","349","361","349","10.75B","2.87%"
"12/28/1993","360","359","365","356","12.79B","0.28%"
"12/29/1993","374","360","374","360","7.10B","3.89%"
"12/30/1993","375","374","379","374","9.73B","0.27%"
"01/03/1994","380","375","380","373","6.02B","1.33%"
"01/04/1994","401","380","401","380","15.16B","5.53%"
"01/05/1994","421","401","436","401","18.53B","4.99%"
"01/06/1994","444","421","446","421","18.74B","5.46%"
"01/07/1994","476","444","477","444","24.61B","7.21%"
"01/10/1994","495","476","501","476","20.87B","3.99%"
"01/11/1994","501","495","509","490","20.68B","1.21%"
"01/12/1994","536","501","536","501","18.32B","6.99%"
"01/13/1994","562","536","567","531","18.21B","4.85%"
"01/14/1994","551","562","574","546","16.37B","-1.96%"
"01/17/1994","598","551","602","551","13.73B","8.53%"
"01/18/1994","606","598","636","592","15.25B","1.34%"
"01/19/1994","642","606","642","595","19.93B","5.94%"
"01/20/1994","690","642","691","642","21.59B","7.48%"
"01/21/1994","689","690","713","674","16.22B","-0.14%"
"01/24/1994","690","689","700","668","20.49B","0.15%"
"01/26/1994","705","690","719","688","32.86B","2.17%"
"01/27/1994","684","705","740","660","20.89B","-2.98%"
"01/28/1994","689","684","695","660","19.19B","0.73%"
"01/31/1994","741","689","742","689","13.56B","7.55%"
"02/01/1994","827","741","827","741","26.07B","11.61%"
"02/02/1994","823","827","867","820","28.57B","-0.48%"
"02/03/1994","798","823","827","794","16.84B","-3.04%"
"02/04/1994","821","798","827","798","15.94B","2.88%"
"02/07/1994","849","821","850","820","10.54B","3.41%"
"02/08/1994","888","849","898","849","18.89B","4.59%"
"02/09/1994","905","888","919","888","19.42B","1.91%"
"02/10/1994","1,001","905","1,001","904","16.51B","10.61%"
"02/11/1994","1,035","1,001","1,048","1,001","21.36B","3.40%"
"02/17/1994","1,041","1,035","1,079","1,035","10.94B","0.58%"
"02/18/1994","945","1,041","1,051","944","11.51B","-9.22%"
"02/21/1994","929","945","996","920","15.72B","-1.69%"
"02/22/1994","1,054","929","1,054","929","18.12B","13.46%"
"02/23/1994","1,063","1,054","1,116","1,041","14.14B","0.85%"
"02/24/1994","998","1,063","1,090","975","14.37B","-6.11%"
"02/25/1994","1,008","998","1,057","998","10.98B","1.00%"
"02/28/1994","1,054","1,008","1,070","1,008","8.15B","4.56%"
"03/01/1994","1,073","1,054","1,124","1,054","14.71B","1.80%"
"03/02/1994","1,022","1,073","1,073","1,014","11.56B","-4.75%"
"03/03/1994","1,046","1,022","1,075","1,022","10.71B","2.35%"
"03/04/1994","1,114","1,046","1,118","1,046","12.27B","6.50%"
"03/07/1994","1,194","1,114","1,194","1,113","11.83B","7.18%"
"03/08/1994","1,204","1,194","1,217","1,184","14.82B","0.84%"
"03/09/1994","1,260","1,204","1,263","1,198","21.78B","4.65%"
"03/10/1994","1,267","1,260","1,323","1,260","19.08B","0.56%"
"03/11/1994","1,269","1,267","1,293","1,263","16.69B","0.16%"
"03/14/1994","1,330","1,269","1,330","1,269","12.12B","4.81%"
"03/15/1994","1,351","1,330","1,372","1,330","16.71B","1.58%"
"03/16/1994","1,408","1,351","1,420","1,351","15.49B","4.22%"
"03/17/1994","1,394","1,408","1,440","1,362","20.34B","-0.99%"
"03/18/1994","1,332","1,394","1,425","1,324","10.69B","-4.45%"
"03/21/1994","1,271","1,332","1,332","1,250","9.97B","-4.58%"
"03/22/1994","1,354","1,271","1,354","1,271","12.40B","6.53%"
"03/23/1994","1,416","1,354","1,416","1,342","10.37B","4.58%"
"03/24/1994","1,377","1,416","1,416","1,341","8.81B","-2.75%"
"03/25/1994","1,459","1,377","1,464","1,377","11.91B","5.95%"
"03/28/1994","1,469","1,459","1,542","1,459","6.72B","0.69%"
"03/29/1994","1,441","1,469","1,482","1,417","9.10B","-1.91%"
"03/30/1994","1,516","1,441","1,516","1,441","11.87B","5.20%"
"04/04/1994","1,355","1,516","1,516","1,355","7.63B","-10.62%"
"04/05/1994","1,428","1,355","1,445","1,355","8.47B","5.39%"
"04/06/1994","1,436","1,428","1,486","1,413","8.04B","0.56%"
"04/07/1994","1,475","1,436","1,478","1,424","9.48B","2.72%"
"04/08/1994","1,537","1,475","1,567","1,475","8.78B","4.20%"
"04/11/1994","1,660","1,537","1,661","1,537","6.07B","8.00%"
"04/12/1994","1,649","1,660","1,686","1,648","7.79B","-0.66%"
"04/13/1994","1,553","1,649","1,678","1,551","10.32B","-5.82%"
"04/14/1994","1,506","1,553","1,565","1,474","8.43B","-3.03%"
"04/15/1994","1,443","1,506","1,539","1,438","8.61B","-4.18%"
"04/18/1994","1,401","1,443","1,504","1,375","9.47B","-2.91%"
"04/19/1994","1,346","1,401","1,432","1,339","11.53B","-3.93%"
"04/20/1994","1,284","1,346","1,408","1,280","10.27B","-4.61%"
"04/22/1994","1,420","1,284","1,422","1,284","12.25B","10.59%"
"04/25/1994","1,552","1,420","1,585","1,419","14.41B","9.30%"
"04/26/1994","1,584","1,552","1,607","1,552","11.94B","2.06%"
"04/27/1994","1,605","1,584","1,605","1,532","9.24B","1.33%"
"04/28/1994","1,673","1,605","1,685","1,605","10.46B","4.24%"
"04/29/1994","1,708","1,673","1,733","1,666","7.25B","2.09%"
"05/02/1994","1,726","1,708","1,740","1,706","3.46B","1.05%"
"05/03/1994","1,648","1,726","1,751","1,644","5.60B","-4.52%"
"05/04/1994","1,574","1,648","1,653","1,542","4.66B","-4.49%"
"05/05/1994","1,448","1,574","1,579","1,445","5.66B","-8.01%"
"05/06/1994","1,510","1,448","1,510","1,326","8.71B","4.28%"
"05/09/1994","1,422","1,510","1,564","1,415","5.75B","-5.83%"
"05/10/1994","1,548","1,422","1,559","1,422","6.30B","8.86%"
"05/11/1994","1,546","1,548","1,621","1,518","8.56B","-0.13%"
"05/12/1994","1,638","1,546","1,641","1,535","7.97B","5.95%"
"05/13/1994","1,586","1,638","1,671","1,564","4.75B","-3.17%"
"05/16/1994","1,563","1,586","1,621","1,532","5.68B","-1.45%"
"05/17/1994","1,648","1,563","1,658","1,560","9.16B","5.44%"
"05/18/1994","1,791","1,648","1,792","1,648","7.22B","8.68%"
"05/19/1994","2,008","1,791","2,008","1,791","9.66B","12.12%"
"05/20/1994","2,032","2,008","2,091","1,984","9.26B","1.20%"
"05/23/1994","2,096","2,032","2,134","2,032","7.69B","3.15%"
"05/24/1994","2,128","2,096","2,141","2,045","7.47B","1.53%"
"05/25/1994","2,302","2,128","2,302","2,111","8.17B","8.18%"
"05/26/1994","2,342","2,302","2,395","2,275","6.33B","1.74%"
"05/27/1994","2,350","2,342","2,382","2,273","6.55B","0.34%"
"05/30/1994","2,428","2,350","2,441","2,350","4.05B","3.32%"
"05/31/1994","2,467","2,428","2,517","2,428","5.83B","1.61%"
"06/01/1994","2,526","2,467","2,533","2,437","5.67B","2.39%"
"06/03/1994","2,696","2,526","2,714","2,526","6.00B","6.73%"
"06/06/1994","2,909","2,696","2,922","2,696","7.98B","7.90%"
"06/07/1994","2,920","2,909","2,976","2,888","8.62B","0.38%"
"06/08/1994","2,822","2,920","2,965","2,818","6.18B","-3.36%"
"06/09/1994","2,932","2,822","2,936","2,769","5.19B","3.90%"
"06/10/1994","3,020","2,932","3,056","2,931","4.99B","3.00%"
"06/13/1994","2,947","3,020","3,108","2,947","6.29B","-2.42%"
"06/14/1994","3,017","2,947","3,068","2,947","5.00B","2.38%"
"06/15/1994","3,070","3,017","3,130","3,017","6.68B","1.76%"
"06/16/1994","3,034","3,070","3,088","3,028","4.65B","-1.17%"
"06/17/1994","3,238","3,034","3,238","3,034","7.14B","6.72%"
"06/20/1994","3,238","3,238","3,307","3,202","9.99B","0.00%"
"06/21/1994","3,128","3,238","3,288","3,092","5.65B","-3.40%"
"06/22/1994","3,199","3,197","3,199","3,197","5.72B","2.27%"
"06/23/1994","3,140","3,199","3,273","3,140","6.22B","-1.84%"
"06/24/1994","3,110","3,140","3,151","3,083","5.08B","-0.96%"
"06/27/1994","3,372","3,110","3,375","3,101","5.43B","8.42%"
"06/28/1994","3,564","3,372","3,564","3,372","5.05B","5.69%"
"06/29/1994","3,828","3,564","3,828","3,564","6.73B","7.41%"
"06/30/1994","3,623","3,828","3,886","3,604","4.31B","-5.36%"
"07/04/1994","3,581","3,623","3,712","3,580","1.80B","-1.16%"
"07/05/1994","3,564","3,581","3,600","3,486","2.92B","-0.47%"
"07/06/1994","3,754","3,564","3,782","3,564","9.81B","5.33%"
"07/07/1994","3,905","3,754","3,923","3,754","6.21B","4.02%"
"07/08/1994","4,052","3,905","4,052","3,861","7.80B","3.76%"
"07/11/1994","4,011","4,052","4,100","3,958","6.37B","-1.01%"
"07/12/1994","3,920","4,011","4,087","3,916","6.43B","-2.27%"
"07/13/1994","3,841","3,920","3,954","3,809","7.02B","-2.02%"
"07/14/1994","4,016","3,841","4,050","3,841","8.10B","4.56%"
"07/15/1994","4,080","4,016","4,142","4,016","9.15B","1.59%"
"07/18/1994","4,045","4,080","4,117","4,034","3.98B","-0.86%"
"07/19/1994","3,875","4,045","4,045","3,868","3.80B","-4.20%"
"07/20/1994","4,039","3,875","4,050","3,875","6.52B","4.23%"
"07/21/1994","4,018","4,039","4,053","3,986","6.39B","-0.52%"
"07/22/1994","3,987","4,018","4,084","3,950","5.90B","-0.77%"
"07/25/1994","3,994","3,987","4,031","3,938","5.16B","0.18%"
"07/26/1994","4,077","3,994","4,078","3,973","6.68B","2.08%"
"07/27/1994","4,150","4,077","4,162","4,035","6.38B","1.79%"
"07/28/1994","4,255","4,150","4,259","4,147","8.79B","2.53%"
"07/29/1994","4,201","4,255","4,273","4,178","5.15B","-1.27%"
"08/01/1994","4,152","4,201","4,223","4,091","5.39B","-1.17%"
"08/02/1994","4,311","4,152","4,311","4,152","6.63B","3.83%"
"08/03/1994","4,392","4,311","4,426","4,275","6.88B","1.88%"
"08/04/1994","4,355","4,392","4,406","4,321","5.67B","-0.84%"
"08/05/1994","4,470","4,355","4,476","4,329","5.14B","2.64%"
"08/08/1994","4,581","4,470","4,650","4,405","7.08B","2.48%"
"08/09/1994","4,558","4,581","4,615","4,484","6.19B","-0.50%"
"08/10/1994","4,513","4,558","4,596","4,483","8.07B","-0.99%"
"08/11/1994","4,464","4,513","4,513","4,412","6.34B","-1.09%"
"08/12/1994","4,547","4,464","4,559","4,464","5.26B","1.86%"
"08/15/1994","4,651","4,547","4,651","4,541","8.76B","2.29%"
"08/16/1994","4,744","4,651","4,749","4,651","11.10B","2.00%"
"08/17/1994","4,969","4,744","4,969","4,734","10.86B","4.74%"
"08/18/1994","5,027","4,969","5,091","4,969","12.97B","1.17%"
"08/19/1994","5,138","5,027","5,142","4,951","10.90B","2.21%"
"08/22/1994","5,386","5,138","5,418","5,138","10.60B","4.83%"
"08/23/1994","5,304","5,386","5,443","5,265","9.82B","-1.52%"
"08/24/1994","5,208","5,304","5,389","5,189","10.68B","-1.81%"
"08/25/1994","5,355","5,208","5,358","5,158","9.26B","2.82%"
"08/26/1994","5,214","5,355","5,418","5,184","6.97B","-2.63%"
"08/29/1994","5,323","5,214","5,323","5,108","7.22B","2.09%"
"08/30/1994","5,380","5,323","5,430","5,321","8.65B","1.07%"
"08/31/1994","5,330","5,380","5,443","5,298","8.12B","-0.93%"
"09/01/1994","5,437","5,330","5,457","5,296","9.02B","2.01%"
"09/02/1994","5,368","5,437","5,537","5,357","8.88B","-1.27%"
"09/05/1994","4,804","5,318","5,318","4,792","7.63B","-10.51%"
"09/06/1994","4,989","4,804","5,121","4,804","10.97B","3.85%"
"09/08/1994","5,272","4,989","5,273","4,989","8.52B","5.67%"
"09/09/1994","5,351","5,272","5,401","5,272","10.20B","1.50%"
"09/12/1994","5,511","5,351","5,511","5,290","8.28B","2.99%"
"09/13/1994","5,511","5,511","5,558","5,442","9.40B","0.00%"
"09/14/1994","5,476","5,511","5,638","5,466","15.80B","-0.64%"
"09/15/1994","5,288","5,476","5,483","5,265","9.14B","-3.43%"
"09/16/1994","5,294","5,288","5,424","5,225","10.57B","0.11%"
"09/19/1994","5,292","5,294","5,354","5,259","6.42B","-0.04%"
"09/20/1994","5,177","5,292","5,296","5,163","7.63B","-2.17%"
"09/21/1994","5,306","5,177","5,318","5,172","19.80B","2.49%"
"09/22/1994","5,395","5,344","5,428","5,303","12.29B","1.68%"
"09/23/1994","5,453","5,395","5,512","5,395","12.24B","1.08%"
"09/26/1994","5,265","5,453","5,496","5,241","9.06B","-3.45%"
"09/27/1994","5,218","5,265","5,296","5,181","15.44B","-0.89%"
"09/28/1994","5,277","5,218","5,324","5,200","16.73B","1.13%"
"09/29/1994","5,443","5,277","5,443","5,277","12.19B","3.15%"
"09/30/1994","5,484","5,443","5,597","5,442","15.28B","0.75%"
"10/04/1994","5,335","5,484","5,528","5,298","10.37B","-2.72%"
"10/05/1994","5,167","5,335","5,362","5,165","11.42B","-3.15%"
"10/06/1994","4,979","5,167","5,230","4,961","10.79B","-3.64%"
"10/07/1994","4,877","4,979","4,997","4,587","11.86B","-2.05%"
"10/10/1994","5,032","4,877","5,039","4,876","6.45B","3.18%"
"10/11/1994","4,926","5,032","5,096","4,870","10.98B","-2.11%"
"10/13/1994","4,945","4,926","5,082","4,892","9.95B","0.39%"
"10/14/1994","4,834","4,945","4,985","4,824","7.38B","-2.24%"
"10/17/1994","4,784","4,834","4,919","4,728","9.98B","-1.03%"
"10/18/1994","4,910","4,784","4,910","4,768","9.80B","2.63%"
"10/19/1994","4,759","4,910","4,910","4,647","11.78B","-3.08%"
"10/20/1994","4,724","4,759","4,840","4,687","8.13B","-0.74%"
"10/21/1994","4,562","4,724","4,779","4,546","8.21B","-3.43%"
"10/24/1994","4,344","4,562","4,600","4,343","5.44B","-4.78%"
"10/25/1994","4,543","4,344","4,543","4,284","10.27B","4.58%"
"10/26/1994","4,664","4,543","4,697","4,487","9.14B","2.66%"
"10/27/1994","4,707","4,664","4,707","4,596","7.73B","0.92%"
"10/28/1994","4,928","4,707","4,955","4,707","11.36B","4.70%"
"10/31/1994","4,798","4,928","4,962","4,769","6.23B","-2.64%"
"11/01/1994","4,701","4,745","4,785","4,622","7.42B","-2.02%"
"11/03/1994","4,508","4,701","4,701","4,503","7.40B","-4.11%"
"11/04/1994","4,667","4,508","4,676","4,494","6.67B","3.53%"
"11/07/1994","4,809","4,667","4,865","4,667","6.87B","3.04%"
"11/08/1994","4,782","4,809","4,952","4,778","6.89B","-0.56%"
"11/09/1994","4,885","4,782","4,892","4,736","7.65B","2.15%"
"11/10/1994","4,993","4,885","5,041","4,885","7.82B","2.21%"
"11/11/1994","4,952","4,993","5,064","4,936","6.44B","-0.82%"
"11/14/1994","4,949","4,952","4,983","4,887","4.19B","-0.06%"
"11/16/1994","4,990","4,949","5,036","4,949","7.18B","0.83%"
"11/17/1994","4,874","4,990","5,086","4,849","8.85B","-2.32%"
"11/18/1994","4,712","4,874","4,890","4,656","5.36B","-3.32%"
"11/21/1994","4,484","4,712","4,713","4,463","6.41B","-4.84%"
"11/22/1994","4,495","4,484","4,504","4,219","8.98B","0.25%"
"11/23/1994","4,393","4,495","4,495","4,318","9.42B","-2.27%"
"11/24/1994","4,573","4,393","4,573","4,393","5.81B","4.10%"
"11/25/1994","4,399","4,573","4,620","4,390","6.76B","-3.80%"
"11/28/1994","4,399","4,399","4,440","4,315","4.06B","0.00%"
"11/29/1994","4,672","4,399","4,675","4,399","8.09B","6.21%"
"11/30/1994","4,656","4,672","4,841","4,596","8.63B","-0.34%"
"12/01/1994","4,652","4,656","4,816","4,637","8.84B","-0.09%"
"12/02/1994","4,525","4,652","4,659","4,506","6.15B","-2.73%"
"12/05/1994","4,631","4,525","4,631","4,408","6.61B","2.34%"
"12/06/1994","4,573","4,631","4,673","4,497","8.26B","-1.25%"
"12/07/1994","4,597","4,573","4,652","4,551","5.19B","0.52%"
"12/08/1994","4,769","4,597","4,778","4,597","9.68B","3.74%"
"12/09/1994","4,731","4,769","4,881","4,704","12.00B","-0.80%"
"12/12/1994","4,813","4,731","4,864","4,731","8.47B","1.73%"
"12/13/1994","4,835","4,813","4,858","4,760","9.05B","0.46%"
"12/14/1994","4,977","4,835","4,980","4,824","12.37B","2.94%"
"12/15/1994","4,843","4,977","5,010","4,814","9.35B","-2.69%"
"12/16/1994","4,918","4,843","4,918","4,807","10.24B","1.55%"
"12/19/1994","4,923","4,918","5,023","4,906","16.27B","0.10%"
"12/20/1994","4,799","4,923","4,992","4,796","12.34B","-2.52%"
"12/21/1994","4,495","4,799","4,799","4,468","10.40B","-6.33%"
"12/22/1994","4,221","4,269","4,273","3,991","24.07B","-6.10%"
"12/23/1994","4,351","4,221","4,354","4,208","7.69B","3.08%"
"12/26/1994","4,278","4,351","4,477","4,278","7.40B","-1.68%"
"12/27/1994","4,114","4,278","4,359","4,036","10.04B","-3.83%"
"12/28/1994","4,195","4,114","4,245","4,066","10.44B","1.97%"
"12/29/1994","4,354","4,195","4,359","4,195","8.32B","3.79%"
"01/02/1995","4,301","4,354","4,398","4,300","4.10B","-1.22%"
"01/03/1995","4,098","4,370","4,386","4,094","8.35B","-4.72%"
"01/04/1995","3,968","4,098","4,098","3,861","11.95B","-3.17%"
"01/05/1995","4,037","3,968","4,040","3,944","8.76B","1.74%"
"01/06/1995","3,827","4,037","4,106","3,813","12.02B","-5.20%"
"01/09/1995","3,628","3,827","3,836","3,570","9.45B","-5.20%"
"01/10/1995","3,270","3,628","3,692","3,175","13.16B","-9.87%"
"01/11/1995","3,499","3,270","3,505","3,109","13.97B","7.00%"
"01/12/1995","3,841","3,499","3,841","3,499","15.01B","9.77%"
"01/13/1995","4,104","3,841","4,108","3,785","13.62B","6.85%"
"01/16/1995","4,056","4,104","4,104","3,865","9.29B","-1.17%"
"01/17/1995","4,210","4,056","4,256","3,985","8.85B","3.80%"
"01/18/1995","4,078","4,210","4,221","4,078","8.94B","-3.14%"
"01/19/1995","3,809","4,078","4,078","3,776","7.67B","-6.60%"
"01/20/1995","3,862","3,809","3,871","3,635","8.57B","1.39%"
"01/23/1995","3,758","3,862","3,862","3,680","4.92B","-2.69%"
"01/24/1995","3,840","3,758","3,864","3,758","5.68B","2.18%"
"01/26/1995","3,927","3,840","3,973","3,840","6.89B","2.27%"
"01/27/1995","3,784","3,927","3,951","3,734","6.92B","-3.64%"
"01/30/1995","3,581","3,784","3,784","3,423","7.87B","-5.36%"
"01/31/1995","3,885","3,581","3,914","3,547","9.73B","8.49%"
"02/01/1995","3,990","3,885","4,067","3,885","10.21B","2.70%"
"02/02/1995","3,898","3,990","3,990","3,829","8.22B","-2.31%"
"02/03/1995","3,944","3,898","3,975","3,837","11.83B","1.18%"
"02/06/1995","3,830","3,944","3,987","3,811","6.23B","-2.89%"
"02/07/1995","3,637","3,830","3,830","3,637","7.09B","-5.04%"
"02/08/1995","3,556","3,637","3,706","3,553","7.79B","-2.23%"
"02/09/1995","3,402","3,556","3,556","3,284","8.70B","-4.33%"
"02/10/1995","3,308","3,402","3,402","3,256","7.32B","-2.76%"
"02/13/1995","3,295","3,308","3,433","3,288","7.37B","-0.39%"
"02/14/1995","3,192","3,295","3,295","3,138","11.04B","-3.13%"
"02/15/1995","3,069","3,192","3,285","3,061","12.93B","-3.85%"
"02/16/1995","2,864","3,069","3,069","2,810","10.50B","-6.68%"
"02/17/1995","3,023","2,864","3,023","2,864","12.49B","5.55%"
"02/20/1995","2,962","3,023","3,054","2,955","11.31B","-2.02%"
"02/21/1995","2,793","2,962","2,963","2,782","10.96B","-5.71%"
"02/22/1995","2,872","2,793","2,883","2,762","11.47B","2.83%"
"02/23/1995","3,217","2,872","3,217","2,872","12.09B","12.01%"
"02/24/1995","3,271","3,217","3,346","3,184","11.82B","1.68%"
"03/02/1995","2,989","3,271","3,267","2,970","6.00B","-8.62%"
"03/03/1995","2,988","2,989","3,018","2,842","9.45B","-0.03%"
"03/06/1995","2,867","2,988","3,036","2,856","8.40B","-4.05%"
"03/07/1995","2,616","2,867","2,956","2,607","11.62B","-8.75%"
"03/08/1995","2,363","2,616","2,701","2,351","13.00B","-9.67%"
"03/09/1995","2,138","2,363","2,449","2,110","15.76B","-9.52%"
"03/10/1995","2,686","2,138","2,686","2,145","18.40B","25.63%"
"03/13/1995","2,671","2,686","2,788","2,542","12.25B","-0.56%"
"03/14/1995","3,017","2,671","3,056","2,725","14.10B","12.95%"
"03/15/1995","2,939","3,017","3,083","2,901","10.10B","-2.59%"
"03/16/1995","3,142","2,939","3,142","2,915","9.49B","6.91%"
"03/17/1995","2,981","3,142","3,165","2,899","12.94B","-5.12%"
"03/20/1995","2,870","2,981","3,039","2,844","8.16B","-3.72%"
"03/21/1995","3,006","2,870","3,035","2,874","8.71B","4.74%"
"03/22/1995","3,004","3,006","3,149","2,944","11.61B","-0.07%"
"03/23/1995","3,146","3,004","3,146","2,915","9.71B","4.73%"
"03/24/1995","3,361","3,146","3,388","3,146","11.72B","6.83%"
"03/27/1995","3,372","3,361","3,495","3,336","9.72B","0.33%"
"03/28/1995","3,256","3,372","3,372","3,238","8.89B","-3.44%"
"03/29/1995","3,198","3,256","3,310","3,154","9.54B","-1.78%"
"03/30/1995","3,126","3,198","3,356","3,117","11.21B","-2.25%"
"03/31/1995","2,979","3,126","3,126","2,947","11.84B","-4.70%"
"04/03/1995","2,894","2,979","2,983","2,867","7.39B","-2.85%"
"04/04/1995","3,125","2,894","3,125","2,894","15.83B","7.98%"
"04/05/1995","3,180","3,125","3,192","3,073","12.41B","1.76%"
"04/06/1995","3,255","3,180","3,302","3,180","17.68B","2.36%"
"04/07/1995","3,193","3,255","3,257","3,160","10.25B","-1.90%"
"04/10/1995","3,114","3,193","3,193","3,105","5.77B","-2.47%"
"04/11/1995","3,018","3,114","3,114","2,944","9.46B","-3.08%"
"04/12/1995","3,021","3,018","3,031","2,897","10.51B","0.10%"
"04/17/1995","3,113","3,021","3,163","3,014","14.00B","3.05%"
"04/18/1995","3,194","3,113","3,198","3,081","13.68B","2.60%"
"04/19/1995","3,331","3,194","3,338","3,182","13.77B","4.29%"
"04/20/1995","3,384","3,331","3,402","3,270","11.02B","1.59%"
"04/24/1995","3,513","3,384","3,516","3,377","11.81B","3.81%"
"04/25/1995","3,699","3,513","3,777","3,478","15.42B","5.29%"
"04/26/1995","3,826","3,699","3,908","3,699","15.82B","3.43%"
"04/27/1995","3,851","3,826","3,913","3,782","15.22B","0.65%"
"04/28/1995","3,814","3,851","3,924","3,787","10.93B","-0.96%"
"05/02/1995","3,862","3,814","3,879","3,727","8.04B","1.26%"
"05/03/1995","3,976","3,862","4,053","3,862","13.91B","2.95%"
"05/04/1995","4,044","3,976","4,064","3,945","12.96B","1.71%"
"05/05/1995","4,008","4,044","4,081","3,986","7.94B","-0.89%"
"05/08/1995","3,914","4,008","4,008","3,901","8.92B","-2.35%"
"05/09/1995","4,065","3,914","4,092","3,914","9.52B","3.86%"
"05/10/1995","4,050","4,065","4,151","4,044","14.59B","-0.37%"
"05/11/1995","3,951","4,050","4,079","3,928","11.85B","-2.44%"
"05/12/1995","3,998","3,951","3,998","3,923","8.84B","1.19%"
"05/15/1995","3,894","3,998","4,044","3,882","7.20B","-2.60%"
"05/16/1995","3,835","3,894","3,896","3,787","9.60B","-1.52%"
"05/17/1995","3,964","3,835","3,977","3,835","10.71B","3.36%"
"05/18/1995","4,008","3,964","4,038","3,964","11.52B","1.11%"
"05/19/1995","3,950","4,008","4,008","3,888","10.13B","-1.45%"
"05/22/1995","4,034","3,950","4,042","3,935","7.97B","2.13%"
"05/23/1995","4,049","4,034","4,110","4,028","11.12B","0.37%"
"05/24/1995","4,100","4,049","4,146","4,042","11.00B","1.26%"
"05/25/1995","4,019","4,100","4,185","4,015","16.26B","-1.98%"
"05/26/1995","3,905","4,019","4,019","3,905","11.54B","-2.84%"
"05/29/1995","3,896","3,905","3,905","3,797","8.46B","-0.23%"
"05/30/1995","3,707","3,896","3,912","3,700","13.32B","-4.85%"
"05/31/1995","3,721","3,707","3,824","3,689","8.88B","0.38%"
"06/01/1995","3,774","3,721","3,784","3,662","11.36B","1.42%"
"06/02/1995","3,966","3,774","3,982","3,774","17.58B","5.09%"
"06/05/1995","4,063","3,966","4,067","3,966","13.95B","2.45%"
"06/06/1995","3,933","4,063","4,063","3,900","16.39B","-3.20%"
"06/07/1995","3,808","3,933","3,935","3,782","17.04B","-3.18%"
"06/08/1995","3,818","3,808","3,880","3,726","14.99B","0.26%"
"06/09/1995","3,671","3,818","3,819","3,637","14.14B","-3.85%"
"06/12/1995","3,705","3,671","3,715","3,590","8.45B","0.93%"
"06/13/1995","3,789","3,705","3,790","3,673","9.88B","2.27%"
"06/14/1995","3,665","3,789","3,789","3,649","12.39B","-3.27%"
"06/16/1995","3,718","3,665","3,730","3,635","6.61B","1.45%"
"06/19/1995","3,696","3,718","3,765","3,674","13.41B","-0.59%"
"06/20/1995","3,577","3,696","3,698","3,563","12.68B","-3.22%"
"06/21/1995","3,632","3,577","3,639","3,518","12.43B","1.54%"
"06/22/1995","3,599","3,632","3,659","3,575","11.61B","-0.91%"
"06/23/1995","3,586","3,599","3,672","3,545","10.52B","-0.36%"
"06/26/1995","3,537","3,586","3,587","3,516","6.58B","-1.37%"
"06/27/1995","3,661","3,537","3,693","3,537","13.87B","3.51%"
"06/28/1995","3,715","3,661","3,744","3,661","10.06B","1.48%"
"06/29/1995","3,678","3,715","3,715","3,664","7.63B","-1.00%"
"06/30/1995","3,603","3,678","3,710","3,601","7.26B","-2.04%"
"07/03/1995","3,594","3,603","3,629","3,574","4.23B","-0.25%"
"07/04/1995","3,634","3,594","3,641","3,586","5.82B","1.11%"
"07/05/1995","3,700","3,634","3,732","3,589","10.97B","1.82%"
"07/06/1995","3,821","3,700","3,821","3,700","10.70B","3.27%"
"07/07/1995","3,962","3,821","3,969","3,820","13.15B","3.69%"
"07/10/1995","3,958","3,962","4,013","3,942","13.00B","-0.10%"
"07/11/1995","3,889","3,958","3,963","3,878","13.09B","-1.74%"
"07/12/1995","4,026","3,889","4,027","3,862","10.35B","3.52%"
"07/13/1995","4,008","4,026","4,080","3,990","11.13B","-0.45%"
"07/14/1995","4,027","4,008","4,028","3,935","9.76B","0.47%"
"07/17/1995","4,016","4,027","4,051","3,963","6.37B","-0.27%"
"07/18/1995","3,919","4,016","4,018","3,904","11.33B","-2.42%"
"07/19/1995","3,829","3,919","3,934","3,819","11.74B","-2.30%"
"07/20/1995","3,939","3,829","3,943","3,829","13.77B","2.87%"
"07/21/1995","3,862","3,939","3,951","3,858","11.53B","-1.95%"
"07/24/1995","3,900","3,862","3,903","3,852","7.22B","0.98%"
"07/25/1995","3,918","3,900","3,945","3,887","8.08B","0.46%"
"07/26/1995","3,879","3,918","3,921","3,858","7.25B","-1.00%"
"07/27/1995","3,913","3,879","3,924","3,816","4.88B","0.88%"
"07/28/1995","3,888","3,913","3,952","3,875","8.87B","-0.64%"
"07/31/1995","3,878","3,888","3,888","3,846","6.61B","-0.26%"
"08/01/1995","3,871","3,878","3,893","3,818","9.61B","-0.18%"
"08/02/1995","3,918","3,871","3,971","3,871","7.17B","1.21%"
"08/03/1995","4,026","3,918","4,026","3,878","12.42B","2.76%"
"08/04/1995","4,200","4,026","4,201","4,026","18.70B","4.32%"
"08/07/1995","4,394","4,200","4,394","4,194","13.78B","4.62%"
"08/08/1995","4,311","4,394","4,394","4,248","9.66B","-1.89%"
"08/09/1995","4,280","4,311","4,364","4,251","16.58B","-0.72%"
"08/10/1995","4,337","4,280","4,337","4,253","9.32B","1.33%"
"08/11/1995","4,193","4,337","4,337","4,148","11.18B","-3.32%"
"08/14/1995","4,081","4,193","4,193","4,043","5.84B","-2.67%"
"08/15/1995","4,156","4,081","4,236","4,079","9.99B","1.84%"
"08/16/1995","4,223","4,156","4,236","4,077","9.65B","1.61%"
"08/17/1995","4,229","4,223","4,298","4,206","9.02B","0.14%"
"08/18/1995","4,235","4,229","4,277","4,213","9.57B","0.14%"
"08/21/1995","4,299","4,235","4,304","4,231","14.48B","1.51%"
"08/22/1995","4,306","4,299","4,353","4,262","13.11B","0.16%"
"08/23/1995","4,471","4,306","4,489","4,306","15.09B","3.83%"
"08/24/1995","4,445","4,471","4,538","4,417","10.46B","-0.58%"
"08/25/1995","4,459","4,445","4,489","4,408","8.34B","0.31%"
"08/28/1995","4,515","4,459","4,555","4,459","7.87B","1.26%"
"08/29/1995","4,368","4,515","4,515","4,359","7.70B","-3.26%"
"08/30/1995","4,236","4,368","4,368","4,186","10.07B","-3.02%"
"08/31/1995","4,310","4,236","4,343","4,215","9.00B","1.75%"
"09/01/1995","4,450","4,310","4,455","4,310","12.33B","3.25%"
"09/04/1995","4,520","4,450","4,520","4,445","6.01B","1.57%"
"09/05/1995","4,563","4,520","4,565","4,493","17.43B","0.95%"
"09/06/1995","4,550","4,563","4,582","4,528","9.16B","-0.28%"
"09/08/1995","4,532","4,550","4,568","4,530","5.74B","-0.40%"
"09/11/1995","4,639","4,532","4,639","4,517","7.55B","2.36%"
"09/12/1995","4,704","4,639","4,731","4,639","20.03B","1.40%"
"09/13/1995","4,737","4,704","4,829","4,660","22.07B","0.70%"
"09/14/1995","4,810","4,737","4,870","4,734","19.11B","1.54%"
"09/15/1995","4,802","4,810","4,849","4,771","10.69B","-0.17%"
"09/18/1995","4,851","4,802","4,883","4,802","9.52B","1.02%"
"09/19/1995","4,861","4,851","4,885","4,812","17.41B","0.21%"
"09/20/1995","4,777","4,861","4,882","4,767","12.99B","-1.73%"
"09/21/1995","4,694","4,777","4,783","4,676","12.14B","-1.74%"
"09/22/1995","4,674","4,694","4,694","4,608","13.61B","-0.43%"
"09/25/1995","4,579","4,674","4,674","4,568","7.04B","-2.03%"
"09/26/1995","4,544","4,579","4,637","4,530","8.87B","-0.76%"
"09/27/1995","4,548","4,544","4,576","4,484","10.77B","0.09%"
"09/28/1995","4,567","4,548","4,616","4,548","10.22B","0.42%"
"09/29/1995","4,670","4,567","4,674","4,556","7.79B","2.26%"
"10/02/1995","4,538","4,670","4,685","4,538","10.02B","-2.83%"
"10/03/1995","4,504","4,538","4,556","4,424","11.40B","-0.75%"
"10/04/1995","4,426","4,504","4,507","4,412","6.82B","-1.73%"
"10/05/1995","4,499","4,426","4,521","4,424","8.85B","1.65%"
"10/06/1995","4,515","4,499","4,545","4,486","6.28B","0.36%"
"10/09/1995","4,457","4,515","4,515","4,436","6.39B","-1.28%"
"10/10/1995","4,410","4,457","4,457","4,345","9.74B","-1.05%"
"10/11/1995","4,501","4,410","4,502","4,410","10.39B","2.06%"
"10/13/1995","4,514","4,501","4,538","4,496","5.14B","0.29%"
"10/16/1995","4,550","4,514","4,552","4,484","11.99B","0.80%"
"10/17/1995","4,621","4,550","4,621","4,550","11.96B","1.56%"
"10/18/1995","4,602","4,621","4,632","4,582","11.44B","-0.41%"
"10/19/1995","4,585","4,602","4,602","4,572","4.92B","-0.37%"
"10/20/1995","4,669","4,585","4,672","4,585","8.40B","1.83%"
"10/23/1995","4,564","4,669","4,669","4,563","9.81B","-2.25%"
"10/24/1995","4,528","4,564","4,573","4,477","10.57B","-0.79%"
"10/25/1995","4,344","4,528","4,559","4,344","13.52B","-4.06%"
"10/26/1995","4,060","4,344","4,344","4,059","18.59B","-6.54%"
"10/27/1995","4,141","4,060","4,178","3,923","25.06B","2.00%"
"10/30/1995","4,069","4,141","4,174","4,054","7.21B","-1.74%"
"10/31/1995","4,128","4,069","4,140","4,066","7.85B","1.45%"
"11/01/1995","4,100","4,128","4,170","4,073","6.40B","-0.68%"
"11/03/1995","4,159","4,100","4,180","4,098","6.08B","1.44%"
"11/06/1995","4,094","4,159","4,168","4,082","5.90B","-1.56%"
"11/07/1995","4,111","4,094","4,115","4,003","10.36B","0.42%"
"11/08/1995","4,117","4,111","4,173","4,051","12.89B","0.15%"
"11/09/1995","4,113","4,117","4,158","4,072","6.31B","-0.10%"
"11/10/1995","3,958","4,113","4,126","3,931","11.64B","-3.77%"
"11/13/1995","3,787","3,953","3,953","3,760","7.43B","-4.32%"
"11/14/1995","3,797","3,787","3,843","3,714","9.38B","0.26%"
"11/16/1995","4,004","3,800","4,004","3,800","11.44B","5.45%"
"11/17/1995","4,064","4,004","4,106","3,996","9.84B","1.50%"
"11/20/1995","3,966","4,064","4,064","3,903","8.14B","-2.41%"
"11/21/1995","4,060","3,966","4,060","3,897","13.31B","2.37%"
"11/22/1995","4,106","4,060","4,158","4,033","12.81B","1.13%"
"11/23/1995","4,191","4,106","4,198","4,051","5.43B","2.07%"
"11/24/1995","4,082","4,191","4,209","4,071","8.58B","-2.60%"
"11/27/1995","4,105","4,082","4,128","3,983","10.90B","0.56%"
"11/28/1995","4,050","4,105","4,170","4,044","11.84B","-1.34%"
"11/29/1995","4,182","4,050","4,182","4,048","12.39B","3.26%"
"11/30/1995","4,379","4,187","4,391","4,185","17.76B","4.71%"
"12/01/1995","4,346","4,379","4,388","4,249","11.82B","-0.75%"
"12/04/1995","4,334","4,346","4,390","4,296","11.63B","-0.28%"
"12/05/1995","4,281","4,334","4,346","4,264","7.10B","-1.22%"
"12/06/1995","4,304","4,281","4,393","4,278","13.45B","0.54%"
"12/07/1995","4,319","4,304","4,351","4,278","5.86B","0.35%"
"12/08/1995","4,299","4,319","4,356","4,292","6.36B","-0.46%"
"12/11/1995","4,306","4,299","4,310","4,267","5.42B","0.16%"
"12/12/1995","4,366","4,306","4,376","4,305","9.06B","1.39%"
"12/13/1995","4,370","4,366","4,392","4,350","16.53B","0.09%"
"12/14/1995","4,183","4,370","4,371","4,136","17.41B","-4.28%"
"12/15/1995","4,159","4,183","4,217","4,110","8.60B","-0.57%"
"12/18/1995","4,056","4,159","4,159","4,015","15.05B","-2.48%"
"12/19/1995","4,035","4,056","4,074","3,958","9.84B","-0.52%"
"12/20/1995","4,206","4,035","4,206","4,035","9.18B","4.24%"
"12/21/1995","4,252","4,206","4,260","4,190","11.22B","1.09%"
"12/22/1995","4,343","4,252","4,373","4,252","9.56B","2.14%"
"12/26/1995","4,364","4,346","4,383","4,346","5.93B","0.48%"
"12/27/1995","4,346","4,364","4,397","4,336","8.49B","-0.41%"
"12/28/1995","4,299","4,346","4,348","4,272","13.38B","-1.08%"
"01/02/1996","4,390","4,299","4,393","4,299","10.45B","2.12%"
"01/03/1996","4,681","4,392","4,686","4,392","23.37B","6.63%"
"01/04/1996","4,684","4,682","4,746","4,651","19.03B","0.06%"
"01/05/1996","4,694","4,684","4,711","4,582","14.15B","0.21%"
"01/08/1996","4,741","4,695","4,797","4,695","11.20B","1.00%"
"01/09/1996","4,654","4,741","4,741","4,621","12.47B","-1.84%"
"01/10/1996","4,622","4,654","4,677","4,562","12.77B","-0.69%"
"01/11/1996","4,749","4,622","4,749","4,619","10.75B","2.75%"
"01/12/1996","4,847","4,749","4,853","4,748","14.47B","2.06%"
"01/15/1996","4,895","4,847","4,897","4,811","11.82B","0.99%"
"01/16/1996","4,847","4,895","4,964","4,832","12.74B","-0.98%"
"01/17/1996","4,836","4,847","4,860","4,793","10.82B","-0.23%"
"01/18/1996","4,834","4,836","4,839","4,753","10.77B","-0.04%"
"01/19/1996","4,909","4,834","4,913","4,803","11.80B","1.55%"
"01/22/1996","4,894","4,909","4,922","4,838","9.47B","-0.31%"
"01/23/1996","4,985","4,897","4,985","4,897","18.90B","1.86%"
"01/24/1996","4,945","4,986","5,020","4,920","13.36B","-0.80%"
"01/26/1996","4,908","4,945","4,945","4,832","14.25B","-0.75%"
"01/29/1996","4,935","4,908","4,948","4,875","10.49B","0.55%"
"01/30/1996","5,133","4,938","5,148","4,938","22.47B","4.01%"
"01/31/1996","5,152","5,134","5,172","5,084","15.13B","0.37%"
"02/01/1996","5,269","5,152","5,292","5,098","21.30B","2.27%"
"02/02/1996","5,411","5,269","5,411","5,257","26.30B","2.70%"
"02/05/1996","5,333","5,411","5,411","5,293","14.59B","-1.44%"
"02/06/1996","5,354","5,333","5,380","5,296","16.83B","0.39%"
"02/07/1996","5,283","5,354","5,362","5,280","10.54B","-1.33%"
"02/08/1996","5,323","5,283","5,324","5,193","16.00B","0.76%"
"02/09/1996","5,305","5,323","5,352","5,271","11.04B","-0.34%"
"02/12/1996","5,339","5,305","5,344","5,249","15.55B","0.64%"
"02/13/1996","5,386","5,339","5,398","5,315","10.60B","0.88%"
"02/14/1996","5,331","5,386","5,386","5,274","8.12B","-1.02%"
"02/15/1996","5,274","5,331","5,331","5,256","11.96B","-1.07%"
"02/16/1996","5,173","5,274","5,280","5,150","9.22B","-1.92%"
"02/22/1996","5,238","5,173","5,240","5,117","7.56B","1.26%"
"02/23/1996","5,274","5,238","5,358","5,238","12.94B","0.69%"
"02/26/1996","5,245","5,274","5,288","5,231","8.64B","-0.55%"
"02/27/1996","5,193","5,245","5,245","5,177","8.92B","-0.99%"
"02/28/1996","5,199","5,193","5,231","5,168","11.31B","0.12%"
"02/29/1996","4,958","5,199","5,199","4,940","14.11B","-4.64%"
"03/01/1996","5,083","4,958","5,121","4,958","13.18B","2.52%"
"03/04/1996","5,153","5,083","5,154","5,081","9.04B","1.38%"
"03/05/1996","5,198","5,153","5,224","5,087","9.62B","0.87%"
"03/06/1996","4,975","5,198","5,198","4,970","10.93B","-4.29%"
"03/07/1996","4,756","4,975","4,975","4,659","26.88B","-4.40%"
"03/08/1996","4,722","4,756","4,836","4,643","28.69B","-0.71%"
"03/11/1996","4,772","4,722","4,772","4,596","13.76B","1.06%"
"03/12/1996","4,739","4,772","4,805","4,710","16.50B","-0.69%"
"03/13/1996","4,806","4,739","4,848","4,739","14.77B","1.41%"
"03/14/1996","4,841","4,806","4,870","4,779","8.60B","0.73%"
"03/15/1996","4,852","4,841","4,854","4,777","6.96B","0.23%"
"03/18/1996","4,887","4,852","4,923","4,850","7.21B","0.72%"
"03/19/1996","4,852","4,887","4,920","4,839","8.28B","-0.72%"
"03/20/1996","4,868","4,852","4,872","4,746","24.44B","0.33%"
"03/21/1996","4,980","4,868","5,003","4,868","20.85B","2.30%"
"03/22/1996","5,051","4,980","5,062","4,980","10.03B","1.43%"
"03/25/1996","5,032","5,051","5,112","5,032","14.42B","-0.38%"
"03/26/1996","4,982","5,032","5,047","4,928","11.71B","-0.99%"
"03/27/1996","5,040","4,982","5,043","4,936","11.63B","1.16%"
"03/28/1996","4,980","5,040","5,040","4,943","11.66B","-1.19%"
"03/29/1996","4,955","4,980","5,015","4,923","11.55B","-0.50%"
"04/01/1996","5,009","4,955","5,022","4,952","9.57B","1.09%"
"04/02/1996","4,986","5,009","5,032","4,972","8.28B","-0.46%"
"04/03/1996","4,978","4,986","4,987","4,914","6.02B","-0.16%"
"04/08/1996","4,854","4,978","4,978","4,831","5.35B","-2.49%"
"04/09/1996","4,866","4,854","4,894","4,834","6.92B","0.25%"
"04/10/1996","4,890","4,866","4,927","4,861","11.81B","0.49%"
"04/11/1996","4,885","4,890","4,910","4,842","6.78B","-0.10%"
"04/12/1996","5,016","4,885","5,016","4,885","9.80B","2.68%"
"04/15/1996","5,022","5,016","5,023","4,967","17.32B","0.12%"
"04/16/1996","4,989","5,022","5,026","4,975","11.11B","-0.66%"
"04/17/1996","5,004","4,989","5,016","4,963","8.78B","0.30%"
"04/18/1996","5,002","5,004","5,013","4,954","7.31B","-0.04%"
"04/19/1996","5,076","5,002","5,081","4,995","12.60B","1.48%"
"04/22/1996","5,080","5,076","5,137","5,070","8.55B","0.08%"
"04/23/1996","5,062","5,080","5,080","5,032","10.03B","-0.35%"
"04/24/1996","5,047","5,062","5,091","5,038","8.34B","-0.30%"
"04/25/1996","5,122","5,047","5,122","5,047","8.24B","1.49%"
"04/26/1996","5,143","5,122","5,161","5,121","7.22B","0.41%"
"04/29/1996","5,149","5,143","5,149","5,098","9.34B","0.12%"
"04/30/1996","5,164","5,149","5,175","5,134","5.17B","0.29%"
"05/02/1996","5,146","5,164","5,192","5,130","12.21B","-0.35%"
"05/03/1996","5,102","5,146","5,170","5,099","7.43B","-0.86%"
"05/06/1996","5,153","5,102","5,154","5,097","8.56B","1.00%"
"05/07/1996","5,284","5,153","5,285","5,139","10.42B","2.54%"
"05/08/1996","5,360","5,284","5,364","5,269","13.68B","1.44%"
"05/09/1996","5,388","5,360","5,407","5,337","9.18B","0.52%"
"05/10/1996","5,346","5,388","5,412","5,338","9.45B","-0.78%"
"05/13/1996","5,480","5,346","5,484","5,346","8.68B","2.51%"
"05/14/1996","5,428","5,480","5,508","5,414","9.80B","-0.95%"
"05/15/1996","5,442","5,428","5,500","5,422","12.35B","0.26%"
"05/16/1996","5,476","5,448","5,495","5,379","12.53B","0.62%"
"05/17/1996","5,560","5,476","5,573","5,476","11.48B","1.53%"
"05/20/1996","5,656","5,560","5,662","5,532","16.31B","1.73%"
"05/21/1996","5,602","5,656","5,676","5,590","10.31B","-0.95%"
"05/22/1996","5,682","5,602","5,684","5,551","11.33B","1.43%"
"05/23/1996","5,531","5,682","5,682","5,519","13.87B","-2.66%"
"05/24/1996","5,601","5,531","5,603","5,531","8.37B","1.27%"
"05/27/1996","5,628","5,601","5,632","5,585","6.24B","0.48%"
"05/28/1996","5,711","5,628","5,722","5,628","21.08B","1.47%"
"05/29/1996","5,626","5,711","5,713","5,622","11.70B","-1.49%"
"05/30/1996","5,688","5,626","5,690","5,610","13.52B","1.10%"
"05/31/1996","5,728","5,688","5,764","5,662","12.13B","0.70%"
"06/03/1996","5,635","5,728","5,728","5,623","6.18B","-1.62%"
"06/04/1996","5,599","5,635","5,696","5,580","10.27B","-0.64%"
"06/05/1996","5,568","5,599","5,617","5,544","10.20B","-0.55%"
"06/07/1996","5,530","5,568","5,568","5,496","8.64B","-0.68%"
"06/10/1996","5,457","5,530","5,576","5,434","9.20B","-1.32%"
"06/11/1996","5,413","5,457","5,478","5,400","12.71B","-0.81%"
"06/12/1996","5,532","5,413","5,536","5,398","16.36B","2.20%"
"06/13/1996","5,504","5,532","5,532","5,444","9.24B","-0.51%"
"06/14/1996","5,635","5,504","5,635","5,483","17.90B","2.38%"
"06/17/1996","5,805","5,635","5,808","5,635","22.75B","3.02%"
"06/18/1996","5,835","5,805","5,873","5,799","12.30B","0.52%"
"06/19/1996","5,817","5,835","5,864","5,792","17.26B","-0.31%"
"06/20/1996","5,823","5,817","5,824","5,780","12.53B","0.10%"
"06/21/1996","6,053","5,823","6,066","5,821","21.77B","3.95%"
"06/24/1996","6,202","6,053","6,216","6,053","20.53B","2.46%"
"06/25/1996","6,082","6,202","6,205","6,077","9.06B","-1.93%"
"06/26/1996","6,227","6,082","6,279","6,075","12.27B","2.38%"
"06/27/1996","6,182","6,227","6,304","6,145","12.47B","-0.72%"
"06/28/1996","6,044","6,182","6,212","6,020","14.89B","-2.23%"
"07/01/1996","6,156","6,044","6,174","6,044","9.87B","1.85%"
"07/02/1996","6,246","6,156","6,289","6,156","17.04B","1.46%"
"07/03/1996","6,356","6,246","6,373","6,246","16.60B","1.76%"
"07/04/1996","6,432","6,356","6,473","6,311","16.21B","1.20%"
"07/05/1996","6,286","6,432","6,432","6,274","54.06B","-2.27%"
"07/08/1996","6,339","6,286","6,382","6,244","15.82B","0.84%"
"07/09/1996","6,488","6,339","6,526","6,339","12.29B","2.35%"
"07/10/1996","6,445","6,488","6,544","6,380","12.87B","-0.66%"
"07/11/1996","6,508","6,445","6,520","6,385","13.48B","0.98%"
"07/12/1996","6,652","6,508","6,713","6,506","11.56B","2.21%"
"07/15/1996","6,433","6,652","6,676","6,429","9.48B","-3.29%"
"07/16/1996","6,293","6,433","6,459","6,055","15.27B","-2.18%"
"07/17/1996","6,215","6,293","6,445","6,201","12.36B","-1.24%"
"07/18/1996","6,189","6,215","6,313","6,155","8.57B","-0.42%"
"07/19/1996","6,412","6,189","6,430","6,189","11.40B","3.60%"
"07/22/1996","6,299","6,412","6,445","6,275","7.14B","-1.76%"
"07/23/1996","6,223","6,299","6,331","6,217","9.80B","-1.21%"
"07/24/1996","6,051","6,223","6,223","6,038","16.00B","-2.76%"
"07/25/1996","6,096","6,051","6,112","5,898","15.49B","0.74%"
"07/26/1996","5,968","6,096","6,162","5,968","8.28B","-2.10%"
"07/29/1996","5,909","5,968","6,008","5,889","5.74B","-0.99%"
"07/30/1996","6,143","5,909","6,149","5,879","10.79B","3.96%"
"07/31/1996","6,123","6,143","6,272","6,086","10.68B","-0.33%"
"08/01/1996","6,277","6,123","6,308","6,123","12.77B","2.52%"
"08/02/1996","6,364","6,277","6,401","6,277","8.08B","1.39%"
"08/05/1996","6,244","6,364","6,366","6,228","7.63B","-1.89%"
"08/06/1996","6,131","6,244","6,244","6,092","9.58B","-1.81%"
"08/07/1996","6,165","6,131","6,191","6,099","6.59B","0.55%"
"08/08/1996","6,257","6,165","6,261","6,136","7.34B","1.49%"
"08/09/1996","6,223","6,257","6,338","6,197","9.71B","-0.54%"
"08/12/1996","6,304","6,223","6,315","6,158","12.34B","1.30%"
"08/13/1996","6,228","6,304","6,335","6,179","10.39B","-1.21%"
"08/14/1996","6,227","6,228","6,289","6,188","12.27B","-0.02%"
"08/15/1996","6,348","6,227","6,374","6,227","12.31B","1.94%"
"08/16/1996","6,353","6,348","6,395","6,331","9.81B","0.08%"
"08/19/1996","6,292","6,353","6,356","6,266","23.59B","-0.96%"
"08/20/1996","6,337","6,292","6,338","6,271","8.97B","0.72%"
"08/21/1996","6,315","6,337","6,381","6,284","14.54B","-0.35%"
"08/22/1996","6,249","6,315","6,328","6,237","5.58B","-1.05%"
"08/23/1996","6,203","6,249","6,249","6,141","8.29B","-0.74%"
"08/26/1996","6,028","6,203","6,214","6,016","5.75B","-2.82%"
"08/27/1996","6,126","6,028","6,126","6,028","6.57B","1.63%"
"08/28/1996","6,295","6,126","6,303","6,126","13.29B","2.76%"
"08/29/1996","6,270","6,295","6,355","6,238","9.18B","-0.40%"
"08/30/1996","6,259","6,270","6,290","6,170","6.23B","-0.18%"
"09/02/1996","6,232","6,259","6,269","6,220","2.32B","-0.43%"
"09/03/1996","6,270","6,232","6,284","6,132","10.36B","0.61%"
"09/04/1996","6,277","6,270","6,280","6,237","6.33B","0.11%"
"09/05/1996","6,254","6,277","6,295","6,233","8.24B","-0.37%"
"09/06/1996","6,335","6,265","6,353","6,261","10.90B","1.30%"
"09/09/1996","6,383","6,335","6,387","6,331","6.12B","0.76%"
"09/10/1996","6,416","6,383","6,417","6,379","8.80B","0.52%"
"09/11/1996","6,358","6,416","6,427","6,345","8.04B","-0.90%"
"09/12/1996","6,391","6,358","6,414","6,358","8.92B","0.52%"
"09/13/1996","6,464","6,391","6,497","6,391","15.80B","1.14%"
"09/16/1996","6,534","6,464","6,539","6,464","8.29B","1.08%"
"09/17/1996","6,512","6,534","6,558","6,482","10.54B","-0.34%"
"09/18/1996","6,490","6,512","6,512","6,458","9.77B","-0.34%"
"09/19/1996","6,560","6,490","6,562","6,468","9.15B","1.08%"
"09/20/1996","6,588","6,560","6,632","6,560","9.97B","0.43%"
"09/23/1996","6,552","6,588","6,589","6,514","9.16B","-0.55%"
"09/24/1996","6,557","6,552","6,621","6,542","8.50B","0.08%"
"09/25/1996","6,514","6,564","6,573","6,499","8.21B","-0.66%"
"09/26/1996","6,536","6,514","6,545","6,502","5.89B","0.34%"
"09/27/1996","6,459","6,536","6,545","6,453","7.83B","-1.18%"
"09/30/1996","6,447","6,459","6,477","6,422","10.37B","-0.19%"
"10/01/1996","6,522","6,447","6,526","6,431","10.61B","1.16%"
"10/02/1996","6,606","6,522","6,612","6,522","11.53B","1.29%"
"10/04/1996","6,627","6,606","6,659","6,592","11.01B","0.32%"
"10/07/1996","6,613","6,627","6,627","6,575","6.57B","-0.21%"
"10/08/1996","6,652","6,613","6,659","6,610","10.32B","0.59%"
"10/09/1996","6,631","6,652","6,670","6,592","7.85B","-0.32%"
"10/10/1996","6,627","6,631","6,635","6,592","7.19B","-0.06%"
"10/11/1996","6,609","6,627","6,678","6,597","7.87B","-0.27%"
"10/14/1996","6,631","6,609","6,631","6,579","5.29B","0.33%"
"10/15/1996","6,745","6,631","6,747","6,631","8.35B","1.72%"
"10/16/1996","6,734","6,745","6,776","6,671","14.06B","-0.16%"
"10/17/1996","6,766","6,734","6,786","6,714","10.12B","0.48%"
"10/18/1996","6,798","6,766","6,816","6,743","9.32B","0.47%"
"10/21/1996","6,799","6,798","6,852","6,762","20.30B","0.01%"
"10/22/1996","6,676","6,799","6,799","6,660","7.88B","-1.81%"
"10/23/1996","6,649","6,676","6,676","6,543","10.27B","-0.40%"
"10/24/1996","6,589","6,649","6,649","6,563","17.31B","-0.90%"
"10/25/1996","6,503","6,589","6,595","6,493","9.36B","-1.31%"
"10/28/1996","6,401","6,503","6,545","6,401","7.09B","-1.57%"
"10/29/1996","6,550","6,401","6,557","6,317","14.28B","2.33%"
"10/30/1996","6,543","6,550","6,591","6,487","10.56B","-0.11%"
"10/31/1996","6,533","6,543","6,548","6,477","8.82B","-0.15%"
"11/01/1996","6,641","6,533","6,670","6,533","18.44B","1.65%"
"11/04/1996","6,658","6,641","6,691","6,614","12.72B","0.26%"
"11/05/1996","6,698","6,658","6,756","6,658","13.69B","0.60%"
"11/06/1996","6,705","6,698","6,758","6,683","9.64B","0.10%"
"11/07/1996","6,667","6,705","6,705","6,636","7.40B","-0.57%"
"11/08/1996","6,560","6,667","6,683","6,559","12.35B","-1.60%"
"11/11/1996","6,583","6,560","6,596","6,553","6.76B","0.35%"
"11/12/1996","6,523","6,583","6,624","6,512","10.75B","-0.91%"
"11/13/1996","6,571","6,523","6,572","6,482","9.32B","0.74%"
"11/14/1996","6,523","6,571","6,595","6,509","9.66B","-0.73%"
"11/18/1996","6,556","6,523","6,559","6,479","8.56B","0.51%"
"11/19/1996","6,557","6,556","6,572","6,517","15.29B","0.02%"
"11/20/1996","6,541","6,557","6,561","6,514","9.52B","-0.24%"
"11/21/1996","6,626","6,541","6,633","6,541","8.38B","1.30%"
"11/22/1996","6,645","6,626","6,692","6,626","11.85B","0.29%"
"11/25/1996","6,649","6,645","6,690","6,637","6.71B","0.06%"
"11/26/1996","6,632","6,649","6,676","6,618","7.27B","-0.26%"
"11/27/1996","6,592","6,632","6,635","6,562","10.96B","-0.60%"
"11/28/1996","6,645","6,592","6,646","6,574","6.46B","0.80%"
"11/29/1996","6,666","6,645","6,692","6,639","8.00B","0.32%"
"12/02/1996","6,736","6,666","6,739","6,656","4.88B","1.05%"
"12/03/1996","6,837","6,736","6,855","6,736","10.08B","1.50%"
"12/04/1996","6,798","6,837","6,879","6,785","9.47B","-0.57%"
"12/05/1996","6,947","6,798","6,964","6,792","10.46B","2.19%"
"12/06/1996","6,873","6,947","6,947","6,738","14.91B","-1.07%"
"12/09/1996","6,836","6,873","6,913","6,820","5.53B","-0.54%"
"12/10/1996","6,856","6,836","6,868","6,816","5.68B","0.29%"
"12/11/1996","6,678","6,856","6,856","6,659","23.35B","-2.60%"
"12/12/1996","6,658","6,678","6,741","6,628","7.91B","-0.30%"
"12/13/1996","6,680","6,658","6,691","6,614","7.88B","0.33%"
"12/16/1996","6,654","6,680","6,686","6,612","26.36B","-0.39%"
"12/17/1996","6,785","6,654","6,794","6,599","20.18B","1.97%"
"12/18/1996","6,910","6,785","6,916","6,784","20.95B","1.84%"
"12/19/1996","6,892","6,910","6,966","6,873","14.29B","-0.26%"
"12/20/1996","6,942","6,892","6,942","6,892","5.89B","0.73%"
"12/23/1996","6,913","6,942","6,942","6,888","3.53B","-0.42%"
"12/26/1996","6,958","6,913","6,964","6,868","4.56B","0.65%"
"12/27/1996","7,007","6,958","7,010","6,958","9.77B","0.70%"
"12/30/1996","7,040","7,007","7,052","7,007","4.03B","0.47%"
"01/02/1997","6,956","7,040","7,040","6,955","5.92B","-1.19%"
"01/03/1997","6,998","6,956","7,009","6,952","6.09B","0.60%"
"01/06/1997","7,160","6,998","7,172","6,994","9.93B","2.31%"
"01/07/1997","7,298","7,160","7,317","7,160","13.20B","1.93%"
"01/08/1997","7,427","7,298","7,463","7,298","12.33B","1.77%"
"01/09/1997","7,454","7,427","7,490","7,325","8.31B","0.36%"
"01/10/1997","7,478","7,454","7,493","7,348","11.36B","0.32%"
"01/13/1997","7,412","7,478","7,478","7,360","12.57B","-0.88%"
"01/14/1997","7,621","7,412","7,632","7,412","9.46B","2.82%"
"01/15/1997","7,668","7,621","7,671","7,557","9.90B","0.62%"
"01/16/1997","7,656","7,668","7,742","7,633","13.06B","-0.16%"
"01/17/1997","7,816","7,656","7,827","7,643","9.93B","2.09%"
"01/20/1997","7,835","7,816","7,836","7,735","4.62B","0.24%"
"01/21/1997","7,905","7,835","7,923","7,752","10.27B","0.89%"
"01/22/1997","7,818","7,905","7,932","7,788","9.48B","-1.10%"
"01/23/1997","7,891","7,818","7,894","7,776","16.90B","0.93%"
"01/24/1997","7,760","7,891","7,891","7,740","10.71B","-1.66%"
"01/27/1997","7,759","7,760","7,833","7,744","6.82B","-0.01%"
"01/28/1997","7,850","7,759","7,871","7,755","13.35B","1.17%"
"01/29/1997","7,737","7,850","7,852","7,723","8.50B","-1.44%"
"01/30/1997","7,789","7,737","7,802","7,720","7.47B","0.67%"
"01/31/1997","7,965","7,789","7,992","7,786","16.16B","2.26%"
"02/03/1997","8,096","7,965","8,104","7,963","16.30B","1.64%"
"02/04/1997","8,102","8,096","8,125","8,052","9.28B","0.07%"
"02/05/1997","8,171","8,102","8,232","8,102","17.35B","0.85%"
"02/06/1997","8,148","8,171","8,172","8,105","15.92B","-0.28%"
"02/07/1997","8,317","8,148","8,317","8,127","11.53B","2.07%"
"02/12/1997","8,671","8,317","8,679","8,317","7.05B","4.26%"
"02/13/1997","8,765","8,671","8,932","8,497","29.07B","1.08%"
"02/14/1997","8,700","8,765","8,909","8,645","17.80B","-0.74%"
"02/17/1997","8,816","8,700","8,824","8,637","13.39B","1.33%"
"02/18/1997","8,950","8,816","8,952","8,739","11.63B","1.52%"
"02/19/1997","8,771","8,950","9,063","8,749","15.29B","-2.00%"
"02/20/1997","8,702","8,771","8,808","8,635","18.23B","-0.79%"
"02/21/1997","8,720","8,702","8,744","8,652","12.04B","0.21%"
"02/24/1997","8,959","8,720","8,965","8,645","12.96B","2.74%"
"02/25/1997","9,149","8,959","9,181","8,959","17.67B","2.12%"
"02/26/1997","8,928","9,149","9,150","8,810","17.80B","-2.42%"
"02/27/1997","8,777","8,928","8,983","8,722","13.53B","-1.69%"
"02/28/1997","8,829","8,777","8,829","8,685","14.73B","0.59%"
"03/03/1997","8,978","8,829","8,982","8,707","12.89B","1.69%"
"03/04/1997","8,961","8,978","9,157","8,930","12.66B","-0.19%"
"03/05/1997","9,074","8,961","9,096","8,926","12.28B","1.26%"
"03/06/1997","9,126","9,074","9,189","9,069","11.31B","0.57%"
"03/07/1997","9,181","9,126","9,224","9,063","9.55B","0.60%"
"03/10/1997","9,419","9,181","9,423","9,180","12.42B","2.59%"
"03/11/1997","9,565","9,419","9,568","9,346","12.90B","1.55%"
"03/12/1997","9,317","9,565","9,565","9,291","13.58B","-2.59%"
"03/13/1997","9,314","9,317","9,352","9,235","9.93B","-0.03%"
"03/14/1997","9,499","9,314","9,507","9,314","8.34B","1.99%"
"03/17/1997","9,263","9,499","9,499","9,226","10.15B","-2.48%"
"03/18/1997","9,172","9,263","9,323","9,153","10.12B","-0.98%"
"03/19/1997","9,088","9,172","9,185","9,043","10.62B","-0.92%"
"03/20/1997","9,303","9,088","9,337","9,088","11.13B","2.37%"
"03/21/1997","9,302","9,303","9,430","9,279","14.32B","-0.01%"
"03/24/1997","9,328","9,302","9,332","9,190","10.04B","0.28%"
"03/25/1997","9,380","9,328","9,472","9,326","8.23B","0.56%"
"03/26/1997","9,272","9,380","9,382","9,244","7.13B","-1.15%"
"03/31/1997","9,044","9,272","9,272","9,020","8.46B","-2.46%"
"04/01/1997","9,138","9,044","9,140","8,982","9.09B","1.04%"
"04/02/1997","9,237","9,138","9,254","9,121","11.00B","1.08%"
"04/03/1997","9,302","9,237","9,364","9,221","9.26B","0.70%"
"04/04/1997","9,705","9,302","9,705","9,302","9.47B","4.33%"
"04/07/1997","9,837","9,914","9,937","9,705","6.91B","1.36%"
"04/08/1997","9,738","9,837","9,884","9,702","6.88B","-1.01%"
"04/09/1997","9,819","9,738","9,914","9,738","10.68B","0.83%"
"04/10/1997","9,733","9,819","9,906","9,728","6.29B","-0.88%"
"04/11/1997","9,518","9,733","9,733","9,502","7.56B","-2.21%"
"04/14/1997","9,456","9,518","9,538","9,418","5.65B","-0.65%"
"04/15/1997","9,490","9,456","9,610","9,456","10.06B","0.36%"
"04/16/1997","9,566","9,490","9,576","9,449","8.50B","0.80%"
"04/17/1997","9,419","9,566","9,566","9,399","10.40B","-1.54%"
"04/18/1997","9,422","9,419","9,452","9,360","15.44B","0.03%"
"04/22/1997","9,474","9,422","9,480","9,419","23.74B","0.55%"
"04/23/1997","9,634","9,474","9,636","9,466","19.72B","1.69%"
"04/24/1997","9,709","9,634","9,747","9,633","11.50B","0.78%"
"04/25/1997","9,732","9,709","9,756","9,670","6.71B","0.24%"
"04/28/1997","9,762","9,732","9,787","9,702","4.79B","0.31%"
"04/29/1997","9,858","9,762","9,859","9,762","10.62B","0.98%"
"04/30/1997","9,982","9,858","10,000","9,847","10.33B","1.26%"
"05/02/1997","10,074","9,982","10,116","9,982","7.90B","0.92%"
"05/05/1997","9,994","10,074","10,099","9,994","7.12B","-0.79%"
"05/06/1997","10,219","9,994","10,264","9,994","15.34B","2.25%"
"05/07/1997","10,180","10,219","10,236","10,118","11.23B","-0.38%"
"05/08/1997","10,437","10,180","10,503","10,155","11.34B","2.52%"
"05/09/1997","10,492","10,437","10,596","10,437","11.79B","0.53%"
"05/12/1997","10,681","10,492","10,699","10,492","10.63B","1.80%"
"05/13/1997","10,648","10,681","10,725","10,577","10.97B","-0.31%"
"05/14/1997","10,283","10,648","10,650","10,188","13.49B","-3.43%"
"05/15/1997","10,354","10,283","10,560","10,256","11.00B","0.69%"
"05/16/1997","10,499","10,354","10,511","10,354","9.37B","1.40%"
"05/19/1997","10,506","10,499","10,556","10,471","7.22B","0.07%"
"05/20/1997","10,641","10,506","10,641","10,374","16.69B","1.28%"
"05/21/1997","10,715","10,641","10,836","10,641","15.19B","0.70%"
"05/22/1997","10,745","10,715","10,863","10,686","14.38B","0.28%"
"05/23/1997","10,764","10,745","10,808","10,717","9.31B","0.18%"
"05/26/1997","10,961","10,764","10,961","10,754","6.77B","1.83%"
"05/27/1997","11,133","10,961","11,134","10,923","14.28B","1.57%"
"05/28/1997","11,301","11,133","11,330","11,072","14.61B","1.51%"
"05/30/1997","11,345","11,301","11,458","11,150","11.42B","0.39%"
"06/02/1997","11,361","11,345","11,398","11,326","10.15B","0.14%"
"06/03/1997","11,110","11,361","11,414","11,058","11.66B","-2.21%"
"06/04/1997","11,030","11,110","11,181","11,010","13.09B","-0.72%"
"06/05/1997","11,106","11,030","11,141","10,988","13.66B","0.69%"
"06/06/1997","11,334","11,106","11,338","11,106","18.51B","2.05%"
"06/09/1997","11,396","11,334","11,510","11,333","12.25B","0.55%"
"06/10/1997","11,429","11,396","11,492","11,319","10.28B","0.29%"
"06/11/1997","11,490","11,429","11,490","11,360","12.27B","0.53%"
"06/12/1997","11,852","11,490","11,876","11,490","11.10B","3.15%"
"06/13/1997","11,828","11,852","11,975","11,752","22.22B","-0.20%"
"06/16/1997","11,954","11,828","11,954","11,760","20.53B","1.07%"
"06/17/1997","12,119","11,954","12,218","11,944","7.41B","1.38%"
"06/18/1997","12,206","12,119","12,229","12,020","7.87B","0.72%"
"06/19/1997","12,205","12,206","12,424","12,181","9.84B","-0.01%"
"06/20/1997","12,121","12,205","12,218","12,024","6.95B","-0.69%"
"06/23/1997","12,239","12,121","12,323","12,109","4.60B","0.97%"
"06/24/1997","12,587","12,239","12,673","12,239","7.08B","2.84%"
"06/25/1997","13,053","12,587","13,056","12,587","11.19B","3.70%"
"06/26/1997","12,874","13,053","13,223","12,831","9.97B","-1.37%"
"06/27/1997","12,757","12,874","12,920","12,665","8.09B","-0.91%"
"06/30/1997","12,568","12,758","12,773","12,501","6.09B","-1.48%"
"07/01/1997","13,002","12,568","13,013","12,556","7.10B","3.45%"
"07/02/1997","13,260","13,002","13,271","12,992","8.26B","1.98%"
"07/03/1997","13,285","13,260","13,414","13,137","7.19B","0.19%"
"07/04/1997","13,494","13,285","13,500","13,242","6.69B","1.57%"
"07/07/1997","13,502","13,494","13,597","13,412","6.36B","0.06%"
"07/08/1997","13,617","13,502","13,617","13,240","8.45B","0.85%"
"07/10/1997","13,609","13,617","14,005","13,567","7.55B","-0.06%"
"07/11/1997","13,153","13,609","13,609","13,114","7.49B","-3.35%"
"07/14/1997","12,698","13,153","13,424","12,453","6.52B","-3.46%"
"07/15/1997","11,617","12,698","12,701","11,504","9.94B","-8.51%"
"07/16/1997","12,640","11,617","12,646","11,617","12.17B","8.81%"
"07/17/1997","11,728","12,641","12,787","11,655","10.56B","-7.22%"
"07/18/1997","11,182","11,728","11,740","10,765","11.25B","-4.66%"
"07/21/1997","11,292","11,182","11,318","10,967","6.24B","0.98%"
"07/22/1997","12,235","11,292","12,253","11,292","10.62B","8.35%"
"07/23/1997","12,427","12,235","12,706","11,759","9.70B","1.57%"
"07/24/1997","12,524","12,427","12,642","12,326","7.51B","0.78%"
"07/25/1997","12,523","12,524","12,573","12,400","4.07B","-0.01%"
"07/28/1997","12,938","12,523","13,061","12,523","10.49B","3.31%"
"07/29/1997","13,044","12,938","13,188","12,860","8.98B","0.82%"
"07/30/1997","13,019","13,044","13,239","12,937","6.28B","-0.19%"
"07/31/1997","12,872","13,019","13,046","12,775","5.62B","-1.13%"
"08/01/1997","12,259","12,872","12,872","12,178","7.41B","-4.76%"
"08/04/1997","12,017","12,259","12,259","11,868","6.08B","-1.97%"
"08/05/1997","11,909","12,017","12,224","11,887","5.56B","-0.90%"
"08/06/1997","12,523","11,909","12,544","11,864","6.73B","5.16%"
"08/07/1997","12,323","12,523","12,620","12,268","6.33B","-1.60%"
"08/08/1997","12,129","12,323","12,324","12,018","5.04B","-1.57%"
"08/11/1997","11,949","12,129","12,239","11,845","3.89B","-1.48%"
"08/12/1997","11,810","11,949","12,150","11,798","6.02B","-1.16%"
"08/13/1997","11,851","11,810","12,045","11,696","6.58B","0.35%"
"08/14/1997","11,905","11,851","12,097","11,811","6.30B","0.46%"
"08/15/1997","11,335","11,905","11,905","11,316","6.79B","-4.79%"
"08/18/1997","11,338","11,335","11,370","10,945","12.27B","0.03%"
"08/19/1997","11,211","11,338","11,481","11,160","7.83B","-1.12%"
"08/20/1997","10,849","11,211","11,211","10,764","6.85B","-3.23%"
"08/21/1997","11,180","10,849","11,207","10,849","6.41B","3.05%"
"08/22/1997","11,158","11,180","11,180","10,920","4.18B","-0.20%"
"08/25/1997","11,422","11,158","11,422","11,155","3.70B","2.37%"
"08/26/1997","11,626","11,422","11,651","11,323","6.57B","1.79%"
"08/27/1997","11,719","11,626","11,802","11,589","7.74B","0.80%"
"08/28/1997","11,267","11,719","11,721","11,260","6.67B","-3.86%"
"08/29/1997","10,609","11,267","11,267","10,518","8.43B","-5.84%"
"09/01/1997","10,109","10,609","10,643","9,921","7.37B","-4.71%"
"09/02/1997","11,063","10,111","11,065","10,111","8.72B","9.44%"
"09/03/1997","11,119","11,063","11,353","10,949","9.00B","0.51%"
"09/04/1997","11,431","11,119","11,456","11,011","5.71B","2.81%"
"09/05/1997","11,838","11,465","11,928","11,465","9.59B","3.56%"
"09/08/1997","11,685","11,838","12,020","11,666","9.03B","-1.29%"
"09/09/1997","11,735","11,685","11,822","11,572","5.30B","0.43%"
"09/10/1997","11,361","11,735","11,773","11,297","4.40B","-3.19%"
"09/11/1997","11,094","11,361","11,362","10,809","7.45B","-2.35%"
"09/12/1997","11,292","11,094","11,377","10,918","5.30B","1.78%"
"09/15/1997","10,865","11,292","11,320","10,851","4.14B","-3.78%"
"09/16/1997","11,204","10,865","11,271","10,791","7.21B","3.12%"
"09/17/1997","11,524","11,204","11,553","11,152","7.29B","2.86%"
"09/18/1997","11,714","11,524","11,782","11,459","9.24B","1.65%"
"09/19/1997","11,650","11,714","11,830","11,570","5.88B","-0.55%"
"09/22/1997","11,698","11,650","11,880","11,650","6.08B","0.41%"
"09/23/1997","11,516","11,698","11,698","11,406","4.69B","-1.56%"
"09/24/1997","11,482","11,516","11,647","11,463","5.80B","-0.30%"
"09/25/1997","11,385","11,482","11,476","11,309","4.71B","-0.84%"
"09/26/1997","11,534","11,385","11,558","11,385","4.03B","1.31%"
"09/29/1997","11,614","11,534","11,614","11,485","2.36B","0.69%"
"09/30/1997","11,797","11,614","11,840","11,619","5.36B","1.58%"
"10/01/1997","12,173","11,797","12,183","11,799","7.58B","3.19%"
"10/02/1997","12,397","12,173","12,471","12,173","9.27B","1.84%"
"10/03/1997","12,541","12,397","12,814","12,281","10.74B","1.16%"
"10/06/1997","12,688","12,541","12,770","12,541","5.74B","1.17%"
"10/07/1997","12,481","12,688","12,737","12,458","9.69B","-1.63%"
"10/08/1997","12,433","12,481","12,530","12,270","8.94B","-0.38%"
"10/09/1997","12,684","12,433","12,725","12,325","8.65B","2.02%"
"10/10/1997","12,737","12,684","12,778","12,609","5.66B","0.42%"
"10/13/1997","12,698","12,737","12,817","12,615","3.98B","-0.31%"
"10/14/1997","12,895","12,698","12,911","12,635","7.49B","1.55%"
"10/15/1997","12,830","12,895","12,960","12,750","7.07B","-0.50%"
"10/16/1997","12,578","12,830","12,910","12,568","6.34B","-1.96%"
"10/17/1997","12,488","12,578","12,704","12,385","5.83B","-0.72%"
"10/20/1997","12,704","12,488","12,718","12,446","15.65B","1.73%"
"10/21/1997","13,016","12,704","13,037","12,704","9.86B","2.46%"
"10/22/1997","12,956","13,016","13,019","12,835","10.02B","-0.46%"
"10/23/1997","11,899","12,956","12,955","11,881","8.29B","-8.16%"
"10/24/1997","11,545","11,899","12,308","11,234","9.71B","-2.98%"
"10/27/1997","9,817","11,545","11,545","9,800","11.75B","-14.97%"
"10/28/1997","10,447","9,817","10,594","8,564","10.99B","6.42%"
"10/29/1997","9,818","10,447","10,759","9,493","13.85B","-6.02%"
"10/30/1997","8,855","9,818","9,819","8,855","15.18B","-9.81%"
"10/31/1997","8,986","8,855","9,609","8,456","12.51B","1.48%"
"11/03/1997","9,858","8,986","9,883","8,986","9.69B","9.70%"
"11/04/1997","10,254","9,858","10,277","9,625","10.09B","4.02%"
"11/05/1997","9,988","10,254","10,334","9,922","9.79B","-2.59%"
"11/06/1997","9,435","9,988","9,989","9,382","8.96B","-5.54%"
"11/07/1997","8,832","9,434","9,434","8,443","10.50B","-6.39%"
"11/10/1997","9,006","8,833","9,266","8,823","6.84B","1.97%"
"11/11/1997","8,711","9,006","9,067","8,704","8.00B","-3.28%"
"11/12/1997","7,822","8,555","8,555","7,766","10.90B","-10.21%"
"11/13/1997","8,072","7,822","8,236","7,522","12.95B","3.20%"
"11/14/1997","8,731","8,074","8,778","8,074","10.51B","8.16%"
"11/17/1997","9,082","8,734","9,258","8,734","8.97B","4.02%"
"11/18/1997","9,028","9,083","9,084","8,691","7.37B","-0.59%"
"11/19/1997","9,332","9,028","9,353","8,904","8.38B","3.37%"
"11/20/1997","9,189","9,332","9,479","9,132","9.35B","-1.53%"
"11/21/1997","9,422","9,189","9,670","9,189","14.17B","2.54%"
"11/24/1997","9,070","9,422","9,420","9,047","15.38B","-3.74%"
"11/25/1997","9,151","9,070","9,168","8,862","18.31B","0.89%"
"11/26/1997","9,373","9,152","9,451","9,152","9.06B","2.43%"
"11/27/1997","9,619","9,373","9,619","9,371","8.54B","2.62%"
"11/28/1997","9,395","9,619","9,623","9,382","4.66B","-2.33%"
"12/01/1997","9,648","9,395","9,653","9,395","6.66B","2.69%"
"12/02/1997","9,964","9,650","9,981","9,650","8.43B","3.28%"
"12/03/1997","9,992","9,964","10,072","9,906","7.92B","0.28%"
"12/04/1997","10,046","10,060","10,212","10,043","9.11B","0.54%"
"12/05/1997","10,080","10,046","10,086","9,946","5.19B","0.34%"
"12/08/1997","10,079","10,080","10,210","10,059","4.52B","-0.01%"
"12/09/1997","9,840","10,075","10,075","9,793","5.87B","-2.37%"
"12/10/1997","9,461","9,838","9,838","9,349","6.69B","-3.85%"
"12/11/1997","9,108","9,454","9,454","8,852","7.79B","-3.73%"
"12/12/1997","9,147","9,109","9,362","8,941","6.51B","0.43%"
"12/15/1997","9,551","9,147","9,551","9,035","11.32B","4.42%"
"12/16/1997","9,743","9,551","9,854","9,551","6.68B","2.01%"
"12/17/1997","9,854","9,743","9,923","9,712","7.43B","1.14%"
"12/18/1997","9,483","9,854","9,854","9,426","6.60B","-3.76%"
"12/19/1997","9,139","9,481","9,481","8,909","8.44B","-3.63%"
"12/22/1997","9,494","9,139","9,504","9,139","4.70B","3.88%"
"12/23/1997","9,554","9,494","9,641","9,469","5.31B","0.63%"
"12/26/1997","9,795","9,554","9,795","9,554","2.13B","2.52%"
"12/29/1997","10,052","9,795","10,075","9,794","33.98B","2.62%"
"12/30/1997","10,197","10,052","10,208","10,052","5.29B","1.44%"
"01/02/1998","10,480","10,197","10,498","10,197","4.03B","2.78%"
"01/05/1998","10,607","10,480","10,655","10,427","7.69B","1.21%"
"01/06/1998","10,185","10,607","10,607","10,135","9.44B","-3.98%"
"01/07/1998","9,879","10,185","10,215","9,760","9.31B","-3.00%"
"01/08/1998","9,657","9,874","9,874","9,494","8.16B","-2.25%"
"01/09/1998","9,118","9,655","9,655","9,118","7.96B","-5.58%"
"01/12/1998","9,227","9,118","9,254","8,441","7.28B","1.20%"
"01/13/1998","9,415","9,228","9,587","9,228","8.16B","2.04%"
"01/14/1998","9,349","9,416","9,744","9,324","10.06B","-0.70%"
"01/15/1998","9,140","9,349","9,358","9,082","5.44B","-2.24%"
"01/16/1998","9,448","9,144","9,457","9,144","4.25B","3.37%"
"01/19/1998","9,753","9,448","9,767","9,448","3.34B","3.23%"
"01/20/1998","9,568","9,753","9,817","9,529","5.22B","-1.90%"
"01/21/1998","9,385","9,568","9,568","9,348","6.45B","-1.91%"
"01/22/1998","9,709","9,385","9,746","9,234","7.47B","3.45%"
"01/23/1998","9,468","9,709","9,782","9,417","6.45B","-2.48%"
"01/26/1998","9,513","9,468","9,667","9,465","5.61B","0.48%"
"01/27/1998","9,651","9,513","9,725","9,513","7.49B","1.45%"
"01/28/1998","9,773","9,651","9,848","9,651","7.03B","1.26%"
"01/29/1998","9,786","9,773","9,910","9,755","8.64B","0.13%"
"01/30/1998","9,720","9,786","9,840","9,638","5.80B","-0.67%"
"02/02/1998","9,973","9,913","9,992","9,716","7.27B","2.60%"
"02/03/1998","10,055","9,973","10,055","9,810","7.70B","0.82%"
"02/04/1998","9,971","10,055","10,056","9,886","7.88B","-0.84%"
"02/05/1998","9,948","9,971","10,159","9,875","10.53B","-0.23%"
"02/06/1998","10,011","9,948","10,030","9,925","5.13B","0.63%"
"02/09/1998","10,240","10,011","10,256","10,007","8.87B","2.29%"
"02/10/1998","10,278","10,240","10,313","10,232","8.25B","0.37%"
"02/11/1998","10,485","10,278","10,495","10,278","9.91B","2.01%"
"02/12/1998","10,350","10,485","10,486","10,238","6.34B","-1.29%"
"02/13/1998","10,391","10,350","10,393","10,291","8.23B","0.40%"
"02/16/1998","10,233","10,366","10,366","10,200","4.06B","-1.52%"
"02/17/1998","10,420","10,233","10,420","10,233","7.59B","1.83%"
"02/18/1998","10,322","10,420","10,445","10,286","12.49B","-0.94%"
"02/19/1998","10,236","10,322","10,322","10,163","6.10B","-0.83%"
"02/20/1998","10,319","10,236","10,319","10,198","5.68B","0.81%"
"02/25/1998","10,546","10,319","10,546","10,291","2.82B","2.20%"
"02/26/1998","10,557","10,546","10,626","10,516","5.87B","0.10%"
"02/27/1998","10,571","10,557","10,577","10,421","4.75B","0.13%"
"03/02/1998","10,845","10,572","10,901","10,572","7.51B","2.59%"
"03/03/1998","10,939","10,845","10,949","10,797","9.10B","0.87%"
"03/04/1998","10,899","10,939","10,939","10,798","12.65B","-0.37%"
"03/05/1998","10,948","10,899","10,990","10,749","11.95B","0.45%"
"03/06/1998","11,159","10,948","11,204","10,948","9.23B","1.93%"
"03/09/1998","11,167","11,159","11,296","11,137","9.60B","0.07%"
"03/10/1998","11,181","11,167","11,228","11,121","5.78B","0.13%"
"03/11/1998","11,223","11,181","11,331","11,181","5.93B","0.38%"
"03/12/1998","11,356","11,223","11,365","11,183","6.44B","1.19%"
"03/13/1998","11,566","11,358","11,604","11,358","9.55B","1.85%"
"03/16/1998","11,601","11,564","11,614","11,495","9.01B","0.30%"
"03/17/1998","11,808","11,601","11,808","11,568","10.35B","1.78%"
"03/18/1998","11,894","11,808","11,964","11,724","10.51B","0.73%"
"03/19/1998","11,832","11,894","11,913","11,793","8.46B","-0.52%"
"03/20/1998","11,919","11,832","11,971","11,812","7.08B","0.74%"
"03/23/1998","12,038","11,919","12,041","11,803","7.02B","1.00%"
"03/24/1998","11,905","12,038","12,082","11,897","9.35B","-1.10%"
"03/25/1998","11,756","11,905","11,998","11,734","8.92B","-1.25%"
"03/26/1998","11,945","11,756","11,945","11,689","9.38B","1.61%"
"03/27/1998","11,900","11,945","12,112","11,864","9.03B","-0.38%"
"03/30/1998","11,750","11,900","11,902","11,717","6.27B","-1.26%"
"03/31/1998","11,947","11,753","11,975","11,753","10.56B","1.68%"
"04/01/1998","11,837","11,947","11,950","11,752","10.47B","-0.92%"
"04/02/1998","11,858","11,837","11,959","11,750","12.80B","0.18%"
"04/03/1998","11,634","11,858","11,858","11,494","16.44B","-1.89%"
"04/06/1998","11,948","11,634","11,968","11,634","12.01B","2.70%"
"04/07/1998","11,847","11,948","11,993","11,815","12.33B","-0.85%"
"04/08/1998","11,975","11,847","12,008","11,807","8.35B","1.08%"
"04/13/1998","12,121","11,975","12,121","11,975","8.85B","1.22%"
"04/14/1998","12,270","12,121","12,273","12,121","9.11B","1.23%"
"04/15/1998","12,299","12,270","12,339","12,160","12.81B","0.24%"
"04/16/1998","12,091","12,299","12,299","12,042","9.50B","-1.69%"
"04/17/1998","12,109","12,091","12,109","11,965","15.01B","0.15%"
"04/20/1998","12,028","12,109","12,202","11,988","20.08B","-0.67%"
"04/22/1998","11,703","12,028","12,028","11,661","14.38B","-2.70%"
"04/23/1998","11,572","11,703","11,918","11,551","11.20B","-1.12%"
"04/24/1998","11,728","11,572","11,755","11,548","9.50B","1.35%"
"04/27/1998","11,057","11,728","11,620","11,051","10.54B","-5.72%"
"04/28/1998","11,377","11,057","11,395","11,057","14.01B","2.89%"
"04/29/1998","11,528","11,377","11,610","11,311","9.59B","1.33%"
"04/30/1998","11,677","11,528","11,784","11,532","10.75B","1.29%"
"05/04/1998","11,507","11,719","11,789","11,457","9.08B","-1.46%"
"05/05/1998","11,555","11,507","11,559","11,346","8.61B","0.42%"
"05/06/1998","11,165","11,555","11,625","11,152","8.88B","-3.38%"
"05/07/1998","11,063","11,165","11,233","11,009","11.88B","-0.91%"
"05/08/1998","11,220","11,063","11,342","11,063","7.62B","1.42%"
"05/11/1998","10,983","11,220","11,369","10,948","6.78B","-2.11%"
"05/12/1998","10,798","10,983","10,985","10,591","7.48B","-1.68%"
"05/13/1998","10,779","10,798","10,853","10,675","8.46B","-0.18%"
"05/14/1998","10,734","10,779","10,981","10,724","8.10B","-0.42%"
"05/15/1998","10,906","10,736","10,924","10,736","5.60B","1.60%"
"05/18/1998","10,205","10,906","10,908","10,010","8.71B","-6.43%"
"05/19/1998","10,343","10,205","10,452","10,205","9.12B","1.35%"
"05/20/1998","10,408","10,343","10,519","10,007","11.65B","0.63%"
"05/21/1998","10,269","10,408","10,592","10,243","7.90B","-1.34%"
"05/22/1998","10,240","10,269","10,279","10,072","6.63B","-0.28%"
"05/25/1998","10,015","10,240","10,240","9,891","3.93B","-2.20%"
"05/26/1998","9,436","10,015","10,017","9,414","8.43B","-5.78%"
"05/27/1998","9,748","9,436","9,748","8,971","16.54B","3.31%"
"05/28/1998","10,152","9,748","10,213","9,685","10.54B","4.14%"
"05/29/1998","9,847","10,152","10,162","9,843","9.26B","-3.00%"
"06/01/1998","9,605","9,750","9,750","9,486","7.79B","-2.46%"
"06/02/1998","10,150","9,609","10,151","9,609","8.83B","5.67%"
"06/03/1998","9,856","10,150","10,287","9,761","10.06B","-2.90%"
"06/04/1998","10,191","9,856","10,211","9,853","7.55B","3.40%"
"06/05/1998","10,370","10,191","10,447","10,151","9.11B","1.76%"
"06/08/1998","10,540","10,370","10,563","10,267","7.83B","1.64%"
"06/09/1998","10,370","10,540","10,550","10,333","7.57B","-1.61%"
"06/10/1998","9,868","10,369","10,369","9,835","6.25B","-4.84%"
"06/12/1998","9,585","9,863","9,863","9,311","8.54B","-2.87%"
"06/15/1998","9,074","9,582","9,582","9,062","18.78B","-5.33%"
"06/16/1998","9,249","9,077","9,321","9,077","8.70B","1.93%"
"06/17/1998","9,897","9,416","9,908","9,416","15.51B","7.01%"
"06/18/1998","9,539","9,897","9,897","9,461","9.55B","-3.62%"
"06/19/1998","9,687","9,539","9,746","9,539","9.28B","1.55%"
"06/22/1998","9,620","9,687","9,690","9,517","5.69B","-0.69%"
"06/23/1998","9,937","9,622","9,955","9,622","7.37B","3.30%"
"06/24/1998","9,841","9,937","9,941","9,776","9.70B","-0.97%"
"06/25/1998","9,527","9,856","9,978","9,527","9.09B","-3.19%"
"06/26/1998","9,464","9,528","9,565","9,269","11.49B","-0.66%"
"06/29/1998","9,604","9,464","9,632","9,464","7.21B","1.48%"
"06/30/1998","9,678","9,605","9,809","9,605","9.52B","0.77%"
"07/01/1998","9,915","9,680","9,925","9,680","6.34B","2.45%"
"07/02/1998","9,901","9,915","9,915","9,788","6.63B","-0.14%"
"07/03/1998","10,116","9,901","10,116","9,901","3.22B","2.17%"
"07/06/1998","10,018","10,116","10,116","9,886","5.25B","-0.97%"
"07/07/1998","10,205","10,018","10,218","10,013","6.35B","1.87%"
"07/08/1998","10,336","10,205","10,387","10,202","8.34B","1.28%"
"07/10/1998","10,327","10,336","10,381","10,173","6.18B","-0.09%"
"07/13/1998","10,420","10,353","10,462","10,353","5.71B","0.90%"
"07/14/1998","10,642","10,420","10,673","10,419","10.43B","2.13%"
"07/15/1998","10,649","10,642","10,792","10,579","10.01B","0.07%"
"07/16/1998","10,908","10,691","10,921","10,691","11.45B","2.43%"
"07/17/1998","11,057","10,908","11,110","10,908","12.43B","1.37%"
"07/20/1998","11,041","11,057","11,097","10,950","8.05B","-0.14%"
"07/21/1998","10,923","11,041","11,156","10,899","12.10B","-1.07%"
"07/22/1998","10,912","10,923","10,932","10,719","10.18B","-0.10%"
"07/23/1998","10,640","10,912","10,913","10,635","10.38B","-2.49%"
"07/24/1998","10,575","10,640","10,784","10,403","9.50B","-0.61%"
"07/27/1998","10,564","10,575","10,580","10,324","9.78B","-0.10%"
"07/28/1998","10,318","10,564","10,710","10,234","11.46B","-2.33%"
"07/29/1998","10,542","10,319","10,756","10,319","7.04B","2.17%"
"07/30/1998","10,939","10,543","11,064","10,543","11.74B","3.77%"
"07/31/1998","10,707","10,939","10,996","10,643","7.68B","-2.12%"
"08/03/1998","10,413","10,705","10,705","10,399","6.10B","-2.75%"
"08/04/1998","9,859","10,461","10,510","9,840","11.02B","-5.32%"
"08/05/1998","9,828","9,860","9,961","9,558","9.34B","-0.31%"
"08/06/1998","9,690","9,780","9,780","9,617","6.59B","-1.40%"
"08/07/1998","9,319","9,690","9,690","9,194","8.10B","-3.83%"
"08/10/1998","9,182","9,319","9,319","9,031","6.02B","-1.47%"
"08/11/1998","8,802","9,174","9,174","8,658","9.16B","-4.14%"
"08/12/1998","8,417","8,802","9,066","8,400","12.65B","-4.37%"
"08/13/1998","8,711","8,417","8,786","8,364","10.72B","3.49%"
"08/14/1998","8,744","8,711","8,981","8,609","8.18B","0.38%"
"08/17/1998","8,610","8,744","8,747","8,492","21.11B","-1.53%"
"08/18/1998","8,643","8,610","8,679","8,383","8.00B","0.38%"
"08/19/1998","8,542","8,643","8,842","8,496","12.15B","-1.17%"
"08/20/1998","7,992","8,542","8,542","7,972","9.81B","-6.44%"
"08/21/1998","7,764","7,800","7,991","7,191","12.65B","-2.85%"
"08/24/1998","7,655","7,764","7,888","7,496","6.43B","-1.40%"
"08/25/1998","7,648","7,655","7,933","7,520","8.20B","-0.09%"
"08/26/1998","7,348","7,645","7,645","7,302","8.92B","-3.92%"
"08/27/1998","6,617","7,339","7,339","6,577","12.31B","-9.95%"
"08/28/1998","6,746","6,617","6,890","6,530","12.56B","1.95%"
"08/31/1998","6,472","6,746","6,788","6,454","8.63B","-4.06%"
"09/01/1998","6,917","6,472","6,950","6,387","12.96B","6.88%"
"09/02/1998","6,805","6,917","7,105","6,794","26.55B","-1.62%"
"09/03/1998","6,219","6,782","6,782","6,187","12.47B","-8.61%"
"09/04/1998","5,837","6,219","6,441","5,354","14.92B","-6.14%"
"09/08/1998","5,818","5,837","6,130","5,687","12.29B","-0.33%"
"09/09/1998","5,655","5,817","5,817","5,627","12.30B","-2.80%"
"09/10/1998","4,761","5,653","5,653","4,751","13.27B","-15.81%"
"09/11/1998","5,398","4,761","5,400","4,576","14.70B","13.38%"
"09/14/1998","5,818","5,398","5,844","5,275","10.18B","7.78%"
"09/15/1998","6,905","5,819","6,905","5,601","16.60B","18.68%"
"09/16/1998","6,760","6,905","7,453","6,509","18.66B","-2.10%"
"09/17/1998","6,432","6,758","6,758","6,078","13.23B","-4.85%"
"09/18/1998","6,710","6,432","6,737","6,432","8.54B","4.32%"
"09/21/1998","6,450","6,707","6,707","6,201","4.64B","-3.87%"
"09/22/1998","6,560","6,451","6,725","6,451","7.26B","1.71%"
"09/23/1998","7,280","6,561","7,295","6,561","10.39B","10.98%"
"09/24/1998","6,844","7,280","7,385","6,812","12.16B","-5.99%"
"09/25/1998","6,712","6,834","6,834","6,411","6.91B","-1.93%"
"09/28/1998","6,827","6,755","7,036","6,755","4.95B","1.71%"
"09/29/1998","6,869","6,827","6,884","6,651","6.89B","0.62%"
"09/30/1998","6,593","6,866","6,866","6,565","6.94B","-4.02%"
"10/01/1998","5,960","6,593","6,593","5,951","7.23B","-9.60%"
"10/02/1998","6,410","5,961","6,419","5,961","7.13B","7.55%"
"10/05/1998","6,123","6,354","6,354","5,997","3.49B","-4.48%"
"10/06/1998","6,336","6,139","6,524","6,139","8.30B","3.48%"
"10/07/1998","6,157","6,336","6,423","6,009","18.41B","-2.83%"
"10/08/1998","6,175","6,157","6,195","5,878","6.54B","0.29%"
"10/09/1998","6,528","6,180","6,528","6,180","6.99B","5.72%"
"10/13/1998","6,618","6,528","6,681","6,516","6.75B","1.38%"
"10/14/1998","6,445","6,617","6,617","6,440","7.39B","-2.61%"
"10/15/1998","6,874","6,445","6,889","6,291","8.50B","6.66%"
"10/16/1998","6,707","6,874","6,926","6,634","6.12B","-2.43%"
"10/19/1998","6,844","6,707","6,971","6,659","16.64B","2.04%"
"10/20/1998","6,973","6,845","7,074","6,845","8.43B","1.88%"
"10/21/1998","7,350","6,973","7,381","6,944","9.23B","5.41%"
"10/22/1998","7,603","7,350","7,630","7,276","12.41B","3.44%"
"10/23/1998","7,272","7,602","7,602","7,268","7.40B","-4.35%"
"10/26/1998","6,972","7,272","7,331","6,944","5.86B","-4.13%"
"10/27/1998","6,869","6,972","7,173","6,759","9.37B","-1.48%"
"10/28/1998","6,827","6,869","7,139","6,738","9.31B","-0.61%"
"10/29/1998","6,538","6,820","6,820","6,462","7.53B","-4.23%"
"10/30/1998","7,047","6,611","7,108","6,611","8.05B","7.79%"
"11/03/1998","7,509","7,047","7,515","7,047","8.01B","6.56%"
"11/04/1998","7,656","7,509","7,835","7,509","10.28B","1.96%"
"11/05/1998","8,093","7,656","8,113","7,585","10.73B","5.71%"
"11/06/1998","8,214","8,113","8,370","8,113","11.30B","1.50%"
"11/09/1998","8,242","8,214","8,348","8,157","7.69B","0.34%"
"11/10/1998","8,000","8,242","8,242","7,964","6.09B","-2.94%"
"11/11/1998","7,763","8,000","8,228","7,751","9.17B","-2.96%"
"11/12/1998","7,471","7,763","7,928","7,444","8.10B","-3.76%"
"11/13/1998","7,615","7,471","7,844","7,463","7.28B","1.93%"
"11/16/1998","8,004","7,615","8,004","7,615","5.46B","5.11%"
"11/17/1998","8,330","8,004","8,356","8,004","11.12B","4.07%"
"11/18/1998","8,547","8,330","8,628","8,280","9.44B","2.61%"
"11/19/1998","8,318","8,547","8,609","8,307","9.21B","-2.68%"
"11/20/1998","8,531","8,318","8,615","8,317","7.06B","2.56%"
"11/23/1998","8,636","8,531","8,731","8,518","7.36B","1.23%"
"11/24/1998","8,607","8,636","8,636","8,392","7.11B","-0.34%"
"11/25/1998","8,910","8,607","8,935","8,548","8.00B","3.52%"
"11/26/1998","8,954","8,910","9,065","8,875","6.23B","0.49%"
"11/27/1998","9,094","8,954","9,128","8,918","5.84B","1.56%"
"11/30/1998","8,631","9,094","9,095","8,628","4.49B","-5.09%"
"12/01/1998","8,545","8,631","8,631","8,242","6.54B","-1.00%"
"12/02/1998","8,449","8,545","8,738","8,348","5.93B","-1.12%"
"12/03/1998","7,706","8,446","8,446","7,626","11.74B","-8.79%"
"12/04/1998","7,627","7,706","7,936","7,506","5.84B","-1.03%"
"12/07/1998","7,946","7,627","7,972","7,627","5.82B","4.18%"
"12/08/1998","7,629","7,946","8,024","7,606","6.09B","-3.99%"
"12/09/1998","7,573","7,629","7,773","7,431","6.10B","-0.73%"
"12/10/1998","7,530","7,573","7,734","7,502","4.46B","-0.57%"
"12/11/1998","7,195","7,530","7,531","7,146","6.65B","-4.45%"
"12/14/1998","6,584","7,195","7,196","6,554","11.70B","-8.49%"
"12/15/1998","6,934","6,584","6,968","6,481","8.94B","5.32%"
"12/16/1998","6,619","6,934","7,039","6,430","10.91B","-4.54%"
"12/17/1998","6,645","6,619","6,756","6,378","5.52B","0.39%"
"12/18/1998","6,782","6,645","6,787","6,588","4.16B","2.06%"
"12/21/1998","7,201","6,781","7,205","6,781","20.18B","6.18%"
"12/22/1998","7,115","7,201","7,268","7,083","5.33B","-1.19%"
"12/23/1998","7,176","7,115","7,233","7,106","4.12B","0.86%"
"12/28/1998","6,899","7,176","7,210","6,853","3.98B","-3.86%"
"12/29/1998","6,715","6,896","6,896","6,626","4.48B","-2.67%"
"12/30/1998","6,784","6,716","6,864","6,712","2.72B","1.03%"
"01/04/1999","6,942","6,787","7,052","6,787","558.94M","2.33%"
"01/05/1999","7,111","6,942","7,147","6,843","593.88M","2.43%"
"01/06/1999","7,331","7,111","7,334","7,110","608.50M","3.09%"
"01/07/1999","6,954","7,161","7,161","6,841","526.63M","-5.14%"
"01/08/1999","6,781","6,955","7,100","6,706","624.23M","-2.49%"
"01/11/1999","6,403","6,784","6,784","6,268","567.99M","-5.57%"
"01/12/1999","5,916","6,408","6,408","5,792","807.17M","-7.61%"
"01/13/1999","5,617","5,657","5,742","5,278","104.33M","-5.05%"
"01/14/1999","5,057","5,702","5,857","5,050","121.42M","-9.97%"
"01/15/1999","6,747","5,039","6,782","4,797","154.62M","33.42%"
"01/18/1999","7,113","6,760","7,342","6,485","741.10M","5.42%"
"01/19/1999","7,381","7,115","7,413","7,013","114.19M","3.77%"
"01/20/1999","7,674","7,418","7,721","7,293","105.57M","3.97%"
"01/21/1999","7,321","7,674","7,677","7,116","922.24M","-4.60%"
"01/22/1999","7,190","7,317","7,413","7,048","556.71M","-1.79%"
"01/26/1999","7,645","7,194","7,789","7,194","839.17M","6.33%"
"01/27/1999","7,687","7,647","7,848","7,553","870.89M","0.55%"
"01/28/1999","7,987","7,735","7,989","7,735","802.39M","3.90%"
"01/29/1999","8,171","8,051","8,540","8,051","119.15M","2.30%"
"02/01/1999","8,891","8,187","8,891","8,160","899.25M","8.81%"
"02/02/1999","8,732","8,886","8,912","8,510","941.11M","-1.79%"
"02/03/1999","8,676","8,798","8,897","8,586","741.01M","-0.64%"
"02/04/1999","8,653","8,682","8,715","8,416","661.03M","-0.27%"
"02/05/1999","8,435","8,654","8,654","8,309","713.22M","-2.52%"
"02/08/1999","8,824","8,435","8,828","8,321","125.71M","4.61%"
"02/09/1999","8,674","8,841","8,975","8,656","553.91M","-1.70%"
"02/10/1999","8,853","8,660","8,853","8,565","753.20M","2.06%"
"02/11/1999","8,990","8,862","9,116","8,860","859.69M","1.55%"
"02/12/1999","8,952","8,991","8,996","8,839","889.75M","-0.42%"
"02/17/1999","8,974","8,952","9,091","8,928","511.62M","0.25%"
"02/18/1999","8,861","8,976","9,023","8,830","439.24M","-1.26%"
"02/19/1999","9,013","8,861","9,013","8,760","498.57M","1.72%"
"02/22/1999","9,075","9,013","9,143","8,960","553.55M","0.69%"
"02/23/1999","8,943","9,075","9,267","8,931","728.05M","-1.45%"
"02/24/1999","8,953","8,942","9,005","8,823","548.77M","0.11%"
"02/25/1999","8,674","8,955","8,999","8,603","603.71M","-3.12%"
"02/26/1999","8,911","8,675","8,911","8,670","510.40M","2.73%"
"03/01/1999","9,198","8,912","9,198","8,912","694.76M","3.22%"
"03/02/1999","9,071","9,200","9,205","9,052","542.67M","-1.38%"
"03/03/1999","9,155","9,071","9,360","9,008","569.79M","0.93%"
"03/04/1999","9,508","9,155","9,508","9,155","843.76M","3.86%"
"03/05/1999","9,465","9,509","9,717","9,434","118.93M","-0.45%"
"03/08/1999","9,786","9,465","9,786","9,461","699.96M","3.39%"
"03/09/1999","9,484","9,786","9,802","9,459","111.32M","-3.09%"
"03/10/1999","9,778","9,485","9,817","9,485","183.26M","3.10%"
"03/11/1999","9,698","9,781","10,080","9,686","207.32M","-0.82%"
"03/12/1999","9,574","9,694","9,755","9,470","110.55M","-1.28%"
"03/15/1999","10,414","9,626","10,414","9,587","226.13M","8.77%"
"03/16/1999","10,658","10,414","10,731","10,346","209.06M","2.34%"
"03/17/1999","10,635","10,658","10,726","10,493","161.59M","-0.22%"
"03/18/1999","10,894","10,635","10,977","10,586","122.39M","2.44%"
"03/19/1999","10,836","10,897","11,101","10,787","108.85M","-0.53%"
"03/22/1999","10,527","10,836","10,836","10,466","524.86M","-2.85%"
"03/23/1999","10,417","10,526","10,835","10,324","758.95M","-1.04%"
"03/24/1999","10,429","10,416","10,588","10,350","701.07M","0.12%"
"03/25/1999","10,937","10,449","10,995","10,449","109.55M","4.87%"
"03/26/1999","10,865","10,937","11,029","10,802","101.79M","-0.66%"
"03/29/1999","10,869","10,866","10,966","10,751","610.06M","0.04%"
"03/30/1999","11,028","10,869","11,075","10,859","118.74M","1.46%"
"03/31/1999","10,696","11,029","11,060","10,660","351.32M","-3.01%"
"04/05/1999","11,022","10,697","11,022","10,680","283.57M","3.05%"
"04/06/1999","11,166","11,022","11,331","11,022","272.68M","1.31%"
"04/07/1999","11,530","11,165","11,530","11,165","315.51M","3.26%"
"04/08/1999","11,466","11,534","11,827","11,261","570.24M","-0.56%"
"04/09/1999","11,329","11,473","11,616","11,257","353.72M","-1.19%"
"04/12/1999","11,430","11,326","11,459","11,007","156.86M","0.89%"
"04/13/1999","11,217","11,432","11,601","11,148","175.91M","-1.86%"
"04/14/1999","11,306","11,219","11,398","11,144","182.47M","0.79%"
"04/15/1999","11,246","11,306","11,369","11,141","150.91M","-0.53%"
"04/16/1999","11,429","11,252","11,558","11,252","199.29M","1.63%"
"04/19/1999","11,197","11,533","11,746","11,068","328.63M","-2.03%"
"04/20/1999","10,989","11,194","11,194","10,735","137.67M","-1.86%"
"04/22/1999","11,084","11,004","11,304","10,966","991.45M","0.86%"
"04/23/1999","11,032","11,087","11,132","10,984","947.34M","-0.47%"
"04/26/1999","10,798","11,042","11,164","10,798","908.64M","-2.12%"
"04/27/1999","10,885","10,808","10,969","10,676","110.72M","0.81%"
"04/28/1999","11,127","10,882","11,155","10,860","283.14M","2.22%"
"04/29/1999","11,085","11,148","11,296","11,015","139.22M","-0.38%"
"04/30/1999","11,351","11,065","11,464","11,065","167.31M","2.40%"
"05/03/1999","11,437","11,351","11,465","11,214","809.88M","0.76%"
"05/04/1999","11,268","11,439","11,472","11,101","774.19M","-1.48%"
"05/05/1999","11,578","11,267","11,588","11,222","107.44M","2.75%"
"05/06/1999","11,889","11,587","11,918","11,546","116.45M","2.69%"
"05/07/1999","12,233","11,890","12,233","11,824","251.89M","2.89%"
"05/10/1999","12,412","12,234","12,530","12,119","138.98M","1.46%"
"05/11/1999","12,267","12,383","12,473","12,224","961.05M","-1.17%"
"05/12/1999","12,148","12,268","12,268","11,988","925.71M","-0.97%"
"05/13/1999","12,459","12,148","12,589","12,148","106.25M","2.56%"
"05/14/1999","12,335","12,399","12,407","12,212","976.45M","-1.00%"
"05/17/1999","12,151","12,331","12,338","11,973","513.44M","-1.49%"
"05/18/1999","12,268","12,152","12,354","12,101","678.86M","0.96%"
"05/19/1999","12,118","12,286","12,350","12,008","802.61M","-1.22%"
"05/20/1999","12,088","12,116","12,243","11,995","684.02M","-0.25%"
"05/21/1999","11,728","12,088","12,092","11,646","642.07M","-2.98%"
"05/24/1999","11,155","11,727","11,840","11,104","606.59M","-4.89%"
"05/25/1999","10,602","11,151","11,151","10,563","756.49M","-4.96%"
"05/26/1999","11,245","10,610","11,245","10,610","105.92M","6.06%"
"05/27/1999","10,937","11,256","11,284","10,875","661.68M","-2.74%"
"05/28/1999","10,930","10,941","11,007","10,843","701.97M","-0.06%"
"05/31/1999","11,090","10,932","11,106","10,794","184.83M","1.46%"
"06/01/1999","11,051","11,090","11,090","10,742","761.29M","-0.35%"
"06/02/1999","10,997","11,052","11,101","10,748","563.25M","-0.49%"
"06/04/1999","11,234","10,998","11,296","10,993","275.60M","2.16%"
"06/07/1999","11,047","11,234","11,308","11,045","393.94M","-1.66%"
"06/08/1999","11,033","11,052","11,227","10,980","654.59M","-0.13%"
"06/09/1999","10,890","11,043","11,156","10,890","417.30M","-1.30%"
"06/10/1999","11,089","10,858","11,128","10,800","598.67M","1.83%"
"06/11/1999","11,105","11,140","11,292","11,061","541.37M","0.14%"
"06/14/1999","11,084","11,108","11,260","11,040","312.93M","-0.19%"
"06/15/1999","11,183","11,084","11,240","11,084","347.11M","0.89%"
"06/16/1999","11,644","11,192","11,677","11,192","864.85M","4.12%"
"06/17/1999","11,629","11,642","11,820","11,476","811.23M","-0.13%"
"06/18/1999","11,877","11,629","11,903","11,548","771.68M","2.13%"
"06/21/1999","12,005","11,895","12,010","11,632","768.81M","1.08%"
"06/22/1999","11,974","12,007","12,118","11,931","573.54M","-0.26%"
"06/23/1999","11,792","11,976","11,976","11,752","540.34M","-1.52%"
"06/24/1999","11,431","11,792","11,806","11,404","690.02M","-3.06%"
"06/25/1999","11,220","11,427","11,525","11,146","644.90M","-1.85%"
"06/28/1999","11,264","11,222","11,382","11,201","278.65M","0.39%"
"06/29/1999","11,379","11,264","11,442","11,254","420.13M","1.02%"
"06/30/1999","11,627","11,380","11,683","11,190","577.48M","2.18%"
"07/01/1999","11,708","11,634","11,815","11,596","962.38M","0.70%"
"07/02/1999","11,836","11,706","11,861","11,674","421.23M","1.09%"
"07/05/1999","11,936","11,834","11,996","11,834","210.88M","0.84%"
"07/06/1999","11,674","11,930","11,937","11,642","452.93M","-2.20%"
"07/07/1999","11,745","11,671","11,753","11,617","446.08M","0.61%"
"07/08/1999","11,509","11,745","11,745","11,429","513.13M","-2.01%"
"07/12/1999","11,273","11,509","11,590","11,138","487.53M","-2.05%"
"07/13/1999","11,303","11,268","11,312","10,860","557.93M","0.27%"
"07/14/1999","11,349","11,311","11,461","11,274","432.85M","0.41%"
"07/15/1999","11,362","11,382","11,476","11,348","397.01M","0.11%"
"07/16/1999","11,407","11,356","11,413","11,247","363.94M","0.40%"
"07/19/1999","11,452","11,410","11,483","11,364","417.23M","0.39%"
"07/20/1999","11,274","11,453","11,465","11,235","489.59M","-1.55%"
"07/21/1999","11,303","11,274","11,362","11,215","403.04M","0.26%"
"07/22/1999","11,239","11,307","11,329","11,197","343.02M","-0.57%"
"07/23/1999","10,989","11,240","11,261","10,975","343.67M","-2.22%"
"07/26/1999","10,675","10,989","10,990","10,645","410.56M","-2.86%"
"07/27/1999","10,735","10,675","10,850","10,675","402.98M","0.56%"
"07/28/1999","10,691","10,747","10,867","10,684","658.97M","-0.41%"
"07/29/1999","10,568","10,712","10,721","10,345","595.13M","-1.15%"
"07/30/1999","10,442","10,565","10,629","10,379","302.37M","-1.19%"
"08/02/1999","10,211","10,441","10,566","10,209","516.23M","-2.21%"
"08/03/1999","10,265","10,210","10,326","10,111","505.43M","0.53%"
"08/04/1999","10,172","10,271","10,310","10,125","556.16M","-0.91%"
"08/05/1999","10,196","10,124","10,197","9,950","671.21M","0.24%"
"08/06/1999","10,039","10,197","10,265","10,001","553.07M","-1.54%"
"08/09/1999","9,948","10,040","10,055","9,919","420.89M","-0.91%"
"08/10/1999","9,835","9,948","9,948","9,584","473.17M","-1.14%"
"08/11/1999","10,137","9,836","10,150","9,836","514.12M","3.07%"
"08/12/1999","10,045","10,143","10,316","10,030","792.55M","-0.91%"
"08/13/1999","10,181","10,048","10,186","10,048","375.36M","1.35%"
"08/16/1999","10,119","10,181","10,202","10,070","509.86M","-0.61%"
"08/17/1999","9,925","10,157","10,192","9,925","620.43M","-1.92%"
"08/18/1999","9,689","9,922","9,922","9,593","780.68M","-2.38%"
"08/19/1999","9,818","9,688","9,920","9,579","794.24M","1.33%"
"08/20/1999","10,143","9,819","10,145","9,819","638.73M","3.31%"
"08/23/1999","10,181","10,142","10,213","10,078","693.85M","0.37%"
"08/24/1999","10,314","10,181","10,361","10,126","870.04M","1.31%"
"08/25/1999","10,650","10,318","10,679","10,318","974.47M","3.26%"
"08/26/1999","10,496","10,700","10,726","10,496","512.29M","-1.45%"
"08/27/1999","10,545","10,497","10,627","10,475","390.73M","0.47%"
"08/30/1999","10,524","10,547","10,676","10,489","471.23M","-0.20%"
"08/31/1999","10,565","10,525","10,610","10,376","701.91M","0.39%"
"09/01/1999","10,902","10,583","10,902","10,583","662.15M","3.19%"
"09/02/1999","10,998","10,845","11,033","10,754","657.67M","0.88%"
"09/03/1999","11,156","11,025","11,254","11,025","709.12M","1.44%"
"09/06/1999","11,185","11,158","11,190","11,113","760.19M","0.26%"
"09/08/1999","11,090","11,185","11,185","11,003","504.21M","-0.85%"
"09/09/1999","11,292","11,088","11,305","11,088","926.19M","1.82%"
"09/10/1999","11,363","11,298","11,435","11,298","959.50M","0.63%"
"09/13/1999","11,478","11,363","11,505","11,313","580.36M","1.01%"
"09/14/1999","11,459","11,477","11,594","11,365","809.15M","-0.17%"
"09/15/1999","11,263","11,465","11,502","11,213","496.47M","-1.71%"
"09/16/1999","11,094","11,264","11,288","11,048","520.52M","-1.50%"
"09/17/1999","11,290","11,096","11,345","11,096","585.66M","1.77%"
"09/20/1999","11,586","11,293","11,586","11,293","550.81M","2.62%"
"09/21/1999","11,449","11,588","11,594","11,400","702.82M","-1.18%"
"09/22/1999","11,531","11,448","11,555","11,394","701.34M","0.72%"
"09/23/1999","11,385","11,531","11,735","11,368","839.75M","-1.27%"
"09/24/1999","11,533","11,382","11,533","11,289","444.20M","1.30%"
"09/27/1999","11,542","11,580","11,632","11,502","521.89M","0.08%"
"09/28/1999","11,442","11,541","11,541","11,315","571.41M","-0.87%"
"09/29/1999","11,434","11,443","11,553","11,401","464.72M","-0.07%"
"09/30/1999","11,106","11,435","11,581","11,106","702.14M","-2.87%"
"10/01/1999","10,960","11,105","11,105","10,796","641.84M","-1.31%"
"10/04/1999","11,055","10,979","11,080","10,961","514.32M","0.87%"
"10/05/1999","10,924","11,051","11,064","10,856","390.44M","-1.18%"
"10/06/1999","11,345","10,927","11,357","10,927","677.93M","3.85%"
"10/07/1999","11,338","11,349","11,469","11,103","593.11M","-0.06%"
"10/08/1999","11,460","11,338","11,460","11,185","458.87M","1.08%"
"10/11/1999","11,478","11,473","11,536","11,449","266.37M","0.16%"
"10/13/1999","11,298","11,466","11,466","11,247","753.55M","-1.57%"
"10/14/1999","11,330","11,301","11,383","11,301","456.60M","0.28%"
"10/15/1999","11,146","11,307","11,307","11,120","364.33M","-1.62%"
"10/18/1999","10,978","11,146","11,152","10,901","453.36M","-1.51%"
"10/19/1999","11,098","10,982","11,216","10,982","473.79M","1.09%"
"10/20/1999","11,275","11,108","11,283","11,108","551.60M","1.59%"
"10/21/1999","11,254","11,281","11,282","11,162","463.33M","-0.19%"
"10/22/1999","11,461","11,259","11,498","11,259","885.19M","1.84%"
"10/25/1999","11,394","11,459","11,483","11,336","510.95M","-0.58%"
"10/26/1999","11,470","11,399","11,541","11,398","577.76M","0.67%"
"10/27/1999","11,531","11,470","11,540","11,452","406.96M","0.53%"
"10/28/1999","11,700","11,585","11,720","11,582","528.48M","1.47%"
"10/29/1999","11,700","11,717","11,826","11,678","716.83M","0.00%"
"11/01/1999","11,763","11,701","11,767","11,685","254.00M","0.54%"
"11/03/1999","12,347","11,763","12,347","11,763","964.39M","4.96%"
"11/04/1999","12,406","12,346","12,651","12,341","111.22M","0.48%"
"11/05/1999","12,714","12,409","12,737","12,359","102.72M","2.48%"
"11/08/1999","12,960","12,700","12,968","12,519","785.81M","1.93%"
"11/09/1999","12,880","12,972","13,070","12,847","808.65M","-0.62%"
"11/10/1999","13,101","12,876","13,150","12,814","832.24M","1.72%"
"11/11/1999","13,189","13,101","13,281","12,985","808.85M","0.67%"
"11/12/1999","13,114","13,189","13,294","13,049","481.02M","-0.57%"
"11/16/1999","13,128","13,122","13,208","13,083","528.03M","0.11%"
"11/17/1999","12,813","13,132","13,132","12,736","663.15M","-2.40%"
"11/18/1999","13,087","12,813","13,123","12,726","731.78M","2.14%"
"11/19/1999","13,463","13,090","13,509","13,090","808.93M","2.87%"
"11/22/1999","13,436","13,466","13,660","13,312","620.44M","-0.20%"
"11/23/1999","13,565","13,445","13,694","13,351","871.66M","0.96%"
"11/24/1999","13,393","13,570","13,630","13,366","767.60M","-1.27%"
"11/25/1999","13,536","13,385","13,568","13,321","524.55M","1.07%"
"11/26/1999","13,888","13,538","14,007","13,538","848.18M","2.60%"
"11/29/1999","13,855","13,903","14,054","13,785","548.80M","-0.24%"
"11/30/1999","13,779","13,857","13,857","13,659","545.07M","-0.55%"
"12/01/1999","13,874","13,784","13,875","13,556","749.31M","0.69%"
"12/02/1999","14,213","13,890","14,273","13,884","744.79M","2.44%"
"12/03/1999","14,409","14,225","14,573","14,193","127.49M","1.38%"
"12/06/1999","14,344","14,415","14,543","14,306","715.96M","-0.45%"
"12/07/1999","14,300","14,344","14,509","14,262","725.72M","-0.31%"
"12/08/1999","14,410","14,302","14,410","14,196","703.02M","0.77%"
"12/09/1999","14,584","14,420","14,738","14,420","734.87M","1.21%"
"12/10/1999","14,784","14,596","14,785","14,596","724.30M","1.37%"
"12/13/1999","14,812","14,785","14,977","14,693","554.56M","0.19%"
"12/14/1999","14,644","14,821","14,893","14,587","936.90M","-1.13%"
"12/15/1999","14,322","14,654","14,654","14,322","111.31M","-2.20%"
"12/16/1999","14,497","14,327","14,681","14,327","884.54M","1.22%"
"12/17/1999","14,789","14,524","14,793","14,524","787.55M","2.01%"
"12/20/1999","15,110","14,803","15,178","14,781","131.42M","2.17%"
"12/21/1999","15,592","15,112","15,592","15,112","855.36M","3.19%"
"12/22/1999","15,916","15,606","15,916","15,401","814.60M","2.08%"
"12/23/1999","15,953","15,926","16,000","15,749","802.77M","0.23%"
"12/27/1999","16,011","15,956","16,120","15,880","525.72M","0.36%"
"12/28/1999","16,377","16,017","16,399","15,969","482.05M","2.29%"
"12/29/1999","16,773","16,391","16,812","16,363","538.90M","2.42%"
"12/30/1999","17,092","16,778","17,105","16,778","656.74M","1.90%"
"01/03/2000","16,930","17,098","17,408","16,719","777.29M","-0.95%"
"01/04/2000","15,851","16,908","16,908","15,851","102.42M","-6.37%"
"01/05/2000","16,245","15,871","16,302","15,350","112.10M","2.49%"
"01/06/2000","16,107","16,237","16,499","15,977","105.25M","-0.85%"
"01/07/2000","16,309","16,125","16,449","16,125","633.18M","1.25%"
"01/10/2000","17,022","16,325","17,057","16,325","103.69M","4.37%"
"01/11/2000","16,573","17,045","17,197","16,573","968.85M","-2.64%"
"01/12/2000","16,617","16,574","16,724","16,331","984.62M","0.27%"
"01/13/2000","17,298","16,663","17,715","16,663","145.95M","4.10%"
"01/14/2000","17,658","17,306","17,800","17,306","135.14M","2.08%"
"01/17/2000","18,053","17,678","18,099","17,678","621.53M","2.24%"
"01/18/2000","17,903","18,062","18,062","17,625","979.70M","-0.83%"
"01/19/2000","17,470","17,905","18,075","17,470","863.73M","-2.42%"
"01/20/2000","17,177","17,487","17,622","17,029","710.33M","-1.68%"
"01/21/2000","17,034","17,188","17,372","16,901","739.03M","-0.83%"
"01/24/2000","16,972","17,049","17,263","16,972","546.24M","-0.36%"
"01/26/2000","17,105","16,972","17,105","16,727","682.60M","0.78%"
"01/27/2000","17,081","17,114","17,422","17,081","817.61M","-0.14%"
"01/28/2000","16,734","17,150","17,252","16,547","101.97M","-2.03%"
"01/31/2000","16,388","16,744","16,749","16,167","883.02M","-2.07%"
"02/01/2000","16,522","16,389","16,675","16,389","858.66M","0.82%"
"02/02/2000","16,868","16,546","16,875","16,546","831.66M","2.09%"
"02/03/2000","17,457","16,892","17,457","16,892","109.05M","3.49%"
"02/04/2000","17,932","17,471","17,962","17,471","113.12M","2.72%"
"02/07/2000","18,126","17,937","18,126","17,746","980.74M","1.08%"
"02/08/2000","18,686","18,249","18,729","18,249","130.69M","3.09%"
"02/09/2000","18,361","18,759","18,886","18,224","110.88M","-1.74%"
"02/10/2000","18,604","18,367","18,672","18,155","947.50M","1.32%"
"02/11/2000","18,083","18,635","18,775","18,027","103.36M","-2.80%"
"02/14/2000","17,819","18,083","18,264","17,746","772.93M","-1.46%"
"02/15/2000","17,921","17,818","17,932","17,451","919.50M","0.57%"
"02/16/2000","18,112","17,921","18,247","17,743","111.36M","1.07%"
"02/17/2000","17,979","18,116","18,297","17,979","683.21M","-0.73%"
"02/18/2000","17,625","17,979","18,008","17,489","733.36M","-1.97%"
"02/21/2000","17,700","17,626","17,887","17,364","945.92M","0.43%"
"02/22/2000","17,489","17,698","17,913","17,466","732.70M","-1.19%"
"02/23/2000","17,833","17,489","17,855","17,479","676.88M","1.97%"
"02/24/2000","17,776","17,846","18,119","17,706","825.43M","-0.32%"
"02/25/2000","17,787","17,784","17,988","17,758","539.14M","0.06%"
"02/28/2000","17,543","17,787","17,787","17,383","420.14M","-1.37%"
"02/29/2000","17,660","17,545","17,818","17,545","673.51M","0.67%"
"03/01/2000","17,953","17,668","17,953","17,655","923.87M","1.66%"
"03/02/2000","18,016","17,966","18,154","17,809","972.30M","0.35%"
"03/03/2000","18,632","18,016","18,632","18,016","594.47M","3.42%"
"03/08/2000","18,283","18,617","18,617","18,184","335.35M","-1.87%"
"03/09/2000","18,650","18,285","18,650","18,285","557.16M","2.01%"
"03/10/2000","18,280","18,650","18,720","18,233","437.41M","-1.98%"
"03/13/2000","17,595","18,279","18,279","17,506","567.10M","-3.75%"
"03/14/2000","17,222","17,595","17,941","17,222","675.10M","-2.12%"
"03/15/2000","17,382","17,229","17,469","16,922","742.84M","0.93%"
"03/16/2000","17,642","17,397","17,661","17,397","740.58M","1.50%"
"03/17/2000","17,511","17,654","17,733","17,470","657.56M","-0.74%"
"03/20/2000","17,526","17,511","17,733","17,435","445.32M","0.09%"
"03/21/2000","18,343","17,528","18,343","17,510","693.24M","4.66%"
"03/22/2000","18,314","18,346","18,860","18,314","729.68M","-0.16%"
"03/23/2000","18,331","18,314","18,644","18,183","631.11M","0.09%"
"03/24/2000","18,675","18,332","18,692","18,332","576.15M","1.88%"
"03/27/2000","18,951","18,675","19,047","18,533","444.43M","1.48%"
"03/28/2000","18,338","18,952","18,960","18,335","730.31M","-3.23%"
"03/29/2000","18,053","18,339","18,575","17,973","606.78M","-1.55%"
"03/30/2000","17,647","18,053","18,053","17,455","620.97M","-2.25%"
"03/31/2000","17,820","17,660","17,950","17,560","923.80M","0.98%"
"04/03/2000","17,245","17,826","17,826","17,173","489.19M","-3.23%"
"04/04/2000","16,758","17,253","17,450","16,095","743.16M","-2.82%"
"04/05/2000","16,714","16,762","17,043","16,230","865.97M","-0.26%"
"04/06/2000","17,146","16,719","17,152","16,719","715.15M","2.58%"
"04/07/2000","17,514","17,150","17,514","17,150","573.07M","2.15%"
"04/10/2000","16,783","17,519","17,572","16,782","382.01M","-4.17%"
"04/11/2000","16,539","16,787","16,867","16,309","622.78M","-1.45%"
"04/12/2000","16,323","16,542","16,785","16,311","859.34M","-1.31%"
"04/13/2000","15,501","16,325","16,605","15,501","686.37M","-5.04%"
"04/14/2000","14,794","15,501","15,501","14,596","934.79M","-4.56%"
"04/17/2000","14,816","14,761","14,821","14,029","970.42M","0.15%"
"04/18/2000","15,408","14,817","15,469","14,767","959.74M","4.00%"
"04/19/2000","14,926","15,438","15,536","14,850","518.71M","-3.13%"
"04/20/2000","15,203","14,938","15,204","14,938","312.92M","1.86%"
"04/24/2000","14,794","15,204","15,225","14,625","457.79M","-2.69%"
"04/25/2000","15,401","14,798","15,403","14,798","590.82M","4.10%"
"04/26/2000","15,446","15,401","15,517","15,268","733.57M","0.29%"
"04/27/2000","15,440","15,446","15,487","14,835","114.39M","-0.04%"
"04/28/2000","15,538","15,450","15,907","15,450","124.39M","0.63%"
"05/02/2000","15,524","15,596","15,944","15,523","213.12M","-0.09%"
"05/03/2000","15,109","15,525","15,525","14,980","143.43M","-2.67%"
"05/04/2000","14,970","15,111","15,144","14,873","131.74M","-0.92%"
"05/05/2000","15,218","14,967","15,218","14,811","113.36M","1.66%"
"05/08/2000","14,891","15,220","15,223","14,867","871.42M","-2.15%"
"05/09/2000","14,582","14,897","15,041","14,412","145.17M","-2.08%"
"05/10/2000","14,434","14,570","14,586","14,238","174.67M","-1.01%"
"05/11/2000","14,499","14,447","14,723","14,398","167.61M","0.45%"
"05/12/2000","14,459","14,496","14,638","14,350","151.30M","-0.28%"
"05/15/2000","15,056","14,469","15,070","14,397","110.61M","4.13%"
"05/16/2000","15,360","15,074","15,445","15,074","167.67M","2.02%"
"05/17/2000","14,871","15,361","15,361","14,856","818.02M","-3.18%"
"05/18/2000","14,627","14,876","14,973","14,620","828.67M","-1.64%"
"05/19/2000","14,327","14,594","14,618","13,920","109.51M","-2.05%"
"05/22/2000","13,891","14,330","14,369","13,583","132.74M","-3.04%"
"05/23/2000","13,587","13,891","14,145","13,583","183.22M","-2.19%"
"05/24/2000","14,166","13,592","14,197","13,556","236.67M","4.26%"
"05/25/2000","14,186","14,187","14,499","14,027","212.95M","0.14%"
"05/26/2000","14,542","14,204","14,549","14,172","168.40M","2.51%"
"05/29/2000","14,773","14,541","14,858","14,541","817.89M","1.59%"
"05/30/2000","15,249","14,815","15,308","14,815","208.86M","3.22%"
"05/31/2000","14,957","15,251","15,328","14,931","166.19M","-1.91%"
"06/01/2000","15,450","14,967","15,473","14,967","195.11M","3.30%"
"06/02/2000","16,222","15,518","16,261","15,518","281.52M","5.00%"
"06/05/2000","16,023","16,222","16,312","15,975","138.65M","-1.23%"
"06/06/2000","15,947","16,018","16,173","15,827","187.06M","-0.47%"
"06/07/2000","16,272","15,955","16,278","15,709","202.25M","2.04%"
"06/08/2000","16,399","16,286","16,640","16,227","161.06M","0.78%"
"06/09/2000","16,342","16,421","16,561","16,200","153.30M","-0.35%"
"06/12/2000","16,097","16,351","16,365","16,084","876.02M","-1.50%"
"06/13/2000","16,354","16,100","16,360","16,075","160.08M","1.60%"
"06/14/2000","16,366","16,365","16,523","16,135","259.10M","0.07%"
"06/15/2000","16,561","16,369","16,630","16,325","168.38M","1.19%"
"06/16/2000","16,425","16,567","16,598","16,379","217.85M","-0.82%"
"06/19/2000","16,850","16,423","16,863","16,411","210.01M","2.59%"
"06/20/2000","16,844","16,854","16,952","16,708","194.09M","-0.04%"
"06/21/2000","17,254","16,854","17,396","16,834","333.29M","2.43%"
"06/23/2000","16,977","17,205","17,266","16,910","244.01M","-1.61%"
"06/26/2000","16,745","16,977","17,019","16,686","178.14M","-1.37%"
"06/27/2000","16,513","16,744","16,780","16,388","166.98M","-1.39%"
"06/28/2000","16,842","16,533","17,101","16,494","177.28M","1.99%"
"06/29/2000","16,407","16,830","16,850","16,329","112.29M","-2.58%"
"06/30/2000","16,728","16,404","16,836","16,400","144.07M","1.96%"
"07/03/2000","17,089","16,747","17,099","16,743","161.51M","2.16%"
"07/04/2000","17,279","17,106","17,340","17,088","125.34M","1.11%"
"07/05/2000","17,135","17,285","17,362","17,086","171.06M","-0.83%"
"07/06/2000","17,348","17,148","17,366","17,024","177.51M","1.24%"
"07/07/2000","17,599","17,352","17,754","17,352","178.38M","1.45%"
"07/10/2000","17,472","17,620","17,795","17,444","114.81M","-0.72%"
"07/11/2000","16,881","17,473","17,473","16,827","147.80M","-3.38%"
"07/12/2000","17,053","16,893","17,176","16,693","123.91M","1.02%"
"07/13/2000","16,444","17,057","17,383","16,416","145.56M","-3.57%"
"07/14/2000","16,881","16,439","16,885","16,390","100.65M","2.66%"
"07/17/2000","17,388","16,890","17,395","16,890","124.07M","3.00%"
"07/18/2000","17,369","17,379","17,566","17,281","120.42M","-0.11%"
"07/19/2000","16,928","17,354","17,358","16,868","115.71M","-2.54%"
"07/20/2000","17,204","16,951","17,353","16,951","943.87M","1.63%"
"07/21/2000","17,318","17,207","17,365","17,071","114.32M","0.66%"
"07/24/2000","17,386","17,314","17,588","17,314","137.38M","0.39%"
"07/25/2000","17,049","17,390","17,530","17,046","105.44M","-1.94%"
"07/26/2000","17,121","17,049","17,211","16,840","123.20M","0.42%"
"07/27/2000","16,949","17,121","17,225","16,923","110.50M","-1.00%"
"07/28/2000","16,486","16,949","17,039","16,448","102.09M","-2.73%"
"07/31/2000","16,455","16,487","16,713","16,455","705.80M","-0.19%"
"08/01/2000","16,290","16,475","16,591","16,127","123.64M","-1.00%"
"08/02/2000","16,314","16,284","16,535","16,121","122.88M","0.15%"
"08/03/2000","16,721","16,248","16,761","16,073","969.26M","2.49%"
"08/04/2000","16,761","16,727","16,907","16,716","109.53M","0.24%"
"08/07/2000","16,996","16,772","17,014","16,769","103.30M","1.40%"
"08/08/2000","16,885","17,005","17,062","16,858","144.52M","-0.65%"
"08/09/2000","16,534","16,894","16,977","16,511","125.04M","-2.08%"
"08/10/2000","16,835","16,519","17,023","16,501","332.44M","1.82%"
"08/11/2000","17,395","16,846","17,395","16,705","289.72M","3.33%"
"08/14/2000","17,811","17,402","17,926","17,334","276.05M","2.39%"
"08/15/2000","17,744","17,811","17,910","17,690","313.50M","-0.38%"
"08/16/2000","17,331","17,741","17,771","17,275","452.97M","-2.33%"
"08/17/2000","17,703","17,326","17,858","17,321","338.91M","2.15%"
"08/18/2000","17,314","17,703","17,780","17,258","140.16M","-2.20%"
"08/21/2000","17,083","17,317","17,420","17,066","163.99M","-1.33%"
"08/22/2000","17,224","17,086","17,428","17,086","178.86M","0.83%"
"08/23/2000","17,450","17,253","17,455","17,137","440.19M","1.31%"
"08/24/2000","17,311","17,454","17,454","17,187","288.06M","-0.80%"
"08/25/2000","17,643","17,316","17,668","17,316","274.88M","1.92%"
"08/28/2000","17,460","17,657","17,686","17,380","276.28M","-1.04%"
"08/29/2000","17,355","17,454","17,490","17,235","189.52M","-0.60%"
"08/30/2000","17,414","17,359","17,563","17,309","238.74M","0.34%"
"08/31/2000","17,347","17,417","17,563","17,327","263.49M","-0.38%"
"09/01/2000","17,577","17,360","17,577","17,360","218.95M","1.33%"
"09/04/2000","17,613","17,577","17,716","17,569","209.92M","0.20%"
"09/05/2000","17,425","17,614","17,639","17,417","311.59M","-1.07%"
"09/06/2000","17,590","17,442","17,648","17,442","439.78M","0.95%"
"09/08/2000","17,433","17,594","17,692","17,428","988.22M","-0.89%"
"09/11/2000","17,288","17,443","17,475","17,236","184.08M","-0.83%"
"09/12/2000","16,883","17,285","17,304","16,883","219.52M","-2.34%"
"09/13/2000","16,999","16,888","17,092","16,877","221.43M","0.69%"
"09/14/2000","16,769","17,032","17,108","16,731","162.62M","-1.35%"
"09/15/2000","16,563","16,771","16,771","16,515","146.91M","-1.23%"
"09/18/2000","15,913","16,562","16,609","15,913","170.11M","-3.92%"
"09/19/2000","16,188","15,923","16,189","15,824","196.00M","1.73%"
"09/20/2000","16,078","16,196","16,216","15,813","165.99M","-0.68%"
"09/21/2000","16,146","16,065","16,172","15,946","188.19M","0.42%"
"09/22/2000","16,353","16,093","16,426","15,705","168.80M","1.28%"
"09/25/2000","16,319","16,361","16,521","16,318","133.37M","-0.21%"
"09/26/2000","16,255","16,319","16,468","16,196","115.35M","-0.39%"
"09/27/2000","15,848","16,289","16,404","15,745","219.74M","-2.50%"
"09/28/2000","16,014","15,849","16,041","15,657","129.30M","1.05%"
"09/29/2000","15,928","16,020","16,135","15,821","154.24M","-0.54%"
"10/02/2000","15,559","15,950","16,090","15,537","135.00M","-2.32%"
"10/03/2000","15,633","15,562","15,917","15,562","145.39M","0.48%"
"10/04/2000","15,876","15,653","15,883","15,651","151.12M","1.55%"
"10/05/2000","16,362","15,876","16,398","15,876","225.51M","3.06%"
"10/06/2000","15,946","16,370","16,404","15,817","186.54M","-2.54%"
"10/09/2000","15,855","15,946","15,975","15,617","127.07M","-0.57%"
"10/10/2000","15,747","15,846","16,008","15,726","137.75M","-0.68%"
"10/11/2000","15,526","15,738","15,738","15,463","956.26M","-1.40%"
"10/13/2000","15,385","15,441","15,441","15,067","153.15M","-0.91%"
"10/16/2000","15,242","15,387","15,585","15,214","208.86M","-0.93%"
"10/17/2000","14,870","15,267","15,386","14,841","153.11M","-2.44%"
"10/18/2000","14,421","14,837","14,837","14,218","461.63M","-3.02%"
"10/19/2000","14,845","14,490","14,869","14,490","240.49M","2.94%"
"10/20/2000","14,529","14,846","14,918","14,490","152.31M","-2.13%"
"10/23/2000","13,990","14,533","14,535","13,982","154.04M","-3.71%"
"10/24/2000","13,799","14,014","14,161","13,672","217.46M","-1.37%"
"10/25/2000","13,665","13,796","13,927","13,571","189.14M","-0.97%"
"10/26/2000","14,223","13,705","14,223","13,679","176.02M","4.08%"
"10/27/2000","14,692","14,251","14,700","14,251","161.67M","3.30%"
"10/30/2000","14,891","14,707","14,951","14,489","144.39M","1.35%"
"10/31/2000","14,867","14,916","15,099","14,859","211.51M","-0.16%"
"11/01/2000","14,791","14,858","14,859","14,571","137.45M","-0.51%"
"11/03/2000","14,534","14,785","14,925","14,425","165.20M","-1.74%"
"11/06/2000","14,801","14,534","14,868","14,478","131.24M","1.84%"
"11/07/2000","14,969","14,780","15,029","14,543","178.65M","1.14%"
"11/08/2000","14,656","14,982","15,191","14,650","171.51M","-2.09%"
"11/09/2000","14,524","14,667","14,782","14,409","167.97M","-0.90%"
"11/10/2000","14,626","14,542","14,701","14,449","125.04M","0.70%"
"11/13/2000","14,372","14,606","14,609","14,199","181.47M","-1.74%"
"11/14/2000","14,540","14,395","14,632","14,395","191.28M","1.17%"
"11/16/2000","14,490","14,546","14,575","14,419","114.62M","-0.34%"
"11/17/2000","14,323","14,479","14,570","14,091","164.96M","-1.15%"
"11/20/2000","14,500","14,323","14,535","14,103","212.28M","1.24%"
"11/21/2000","14,784","14,497","14,845","14,487","191.61M","1.96%"
"11/22/2000","14,577","14,766","14,766","14,555","175.35M","-1.40%"
"11/23/2000","14,314","14,579","14,604","14,187","124.08M","-1.80%"
"11/24/2000","14,336","14,316","14,413","14,190","117.78M","0.15%"
"11/27/2000","14,008","14,340","14,495","13,941","146.83M","-2.29%"
"11/28/2000","13,914","14,011","14,011","13,756","162.84M","-0.67%"
"11/29/2000","13,788","13,921","14,074","13,782","168.56M","-0.91%"
"11/30/2000","13,287","13,779","13,779","13,287","189.86M","-3.63%"
"12/01/2000","13,437","13,303","13,578","13,282","168.39M","1.13%"
"12/04/2000","13,510","13,396","13,538","13,242","124.44M","0.54%"
"12/05/2000","14,182","13,513","14,188","13,513","200.19M","4.97%"
"12/06/2000","13,945","14,180","14,277","13,945","194.42M","-1.67%"
"12/07/2000","14,460","13,947","14,460","13,918","159.54M","3.69%"
"12/08/2000","14,983","14,462","15,062","14,461","249.51M","3.62%"
"12/11/2000","15,187","14,991","15,355","14,991","218.10M","1.36%"
"12/12/2000","14,906","15,186","15,186","14,869","166.69M","-1.85%"
"12/13/2000","15,291","14,916","15,389","14,900","281.58M","2.58%"
"12/14/2000","15,259","15,261","15,329","15,080","139.60M","-0.21%"
"12/15/2000","14,988","15,253","15,253","14,833","116.07M","-1.78%"
"12/18/2000","15,083","15,002","15,282","15,002","333.14M","0.63%"
"12/19/2000","15,336","15,085","15,415","15,085","290.60M","1.68%"
"12/20/2000","14,622","15,306","15,328","14,618","257.09M","-4.66%"
"12/21/2000","14,505","14,727","14,958","14,461","233.72M","-0.80%"
"12/22/2000","14,652","14,533","14,802","14,532","120.65M","1.01%"
"12/26/2000","14,795","14,663","14,851","14,659","122.43M","0.98%"
"12/27/2000","15,186","14,804","15,223","14,804","239.98M","2.64%"
"12/28/2000","15,259","15,188","15,269","15,132","324.26M","0.48%"
"01/02/2001","15,425","15,242","15,621","15,174","230.63M","1.09%"
"01/03/2001","16,599","15,425","16,599","15,251","381.20M","7.61%"
"01/04/2001","16,675","16,597","16,933","16,587","331.23M","0.46%"
"01/05/2001","16,410","16,679","16,888","16,380","199.69M","-1.59%"
"01/08/2001","16,562","16,398","16,623","16,226","160.70M","0.93%"
"01/09/2001","16,976","16,566","17,096","16,566","346.48M","2.50%"
"01/10/2001","16,919","16,964","17,093","16,701","256.51M","-0.34%"
"01/11/2001","17,024","16,908","17,045","16,797","201.85M","0.62%"
"01/12/2001","16,850","17,034","17,212","16,821","212.47M","-1.02%"
"01/15/2001","16,963","16,858","17,038","16,858","955.31M","0.67%"
"01/16/2001","16,721","16,973","17,035","16,662","214.89M","-1.43%"
"01/17/2001","17,191","16,748","17,255","16,745","401.27M","2.81%"
"01/18/2001","17,521","17,204","17,642","17,151","652.57M","1.92%"
"01/19/2001","17,530","17,525","17,816","17,512","290.07M","0.05%"
"01/22/2001","17,392","17,548","17,578","17,297","152.63M","-0.79%"
"01/23/2001","17,832","17,381","17,864","17,376","325.48M","2.53%"
"01/24/2001","17,772","17,849","18,022","17,698","361.24M","-0.34%"
"01/26/2001","17,889","17,776","17,933","17,591","260.42M","0.66%"
"01/29/2001","17,883","17,906","18,023","17,704","198.93M","-0.03%"
"01/30/2001","17,723","17,882","17,898","17,668","285.83M","-0.89%"
"01/31/2001","17,673","17,725","17,921","17,637","213.72M","-0.28%"
"02/01/2001","17,039","17,670","17,673","16,977","319.39M","-3.59%"
"02/02/2001","16,915","17,027","17,206","16,781","199.36M","-0.73%"
"02/05/2001","16,731","16,914","16,941","16,539","137.05M","-1.09%"
"02/06/2001","17,007","16,734","17,017","16,734","149.52M","1.65%"
"02/07/2001","16,812","17,003","17,003","16,630","176.16M","-1.15%"
"02/08/2001","17,243","16,814","17,279","16,814","205.56M","2.56%"
"02/09/2001","17,138","17,257","17,270","17,050","161.35M","-0.61%"
"02/12/2001","16,917","17,163","17,234","16,883","134.71M","-1.29%"
"02/13/2001","17,096","16,922","17,174","16,883","146.75M","1.06%"
"02/14/2001","17,120","17,078","17,286","16,890","239.22M","0.14%"
"02/15/2001","16,937","17,121","17,262","16,922","153.59M","-1.07%"
"02/16/2001","16,259","16,934","16,950","16,100","252.53M","-4.00%"
"02/19/2001","16,061","16,263","16,392","16,023","150.63M","-1.22%"
"02/20/2001","15,911","16,066","16,242","15,783","213.82M","-0.93%"
"02/21/2001","15,594","15,909","15,909","15,568","238.95M","-1.99%"
"02/22/2001","15,910","15,604","15,914","15,558","205.35M","2.03%"
"02/23/2001","16,158","15,920","16,223","15,831","170.63M","1.56%"
"02/28/2001","15,891","16,158","16,274","15,891","188.36M","-1.65%"
"03/01/2001","16,417","15,891","16,439","15,875","153.37M","3.31%"
"03/02/2001","16,581","16,423","16,723","16,233","184.54M","1.00%"
"03/05/2001","16,537","16,620","16,737","16,471","121.32M","-0.27%"
"03/06/2001","16,324","16,573","16,813","16,279","199.21M","-1.29%"
"03/07/2001","16,395","16,329","16,430","16,223","179.00M","0.43%"
"03/08/2001","16,227","16,401","16,531","16,096","218.55M","-1.02%"
"03/09/2001","16,123","16,233","16,248","16,018","161.62M","-0.64%"
"03/12/2001","15,527","16,125","16,143","15,523","163.54M","-3.70%"
"03/13/2001","15,584","15,536","15,768","15,444","228.08M","0.37%"
"03/14/2001","15,245","15,583","15,583","15,070","228.52M","-2.18%"
"03/15/2001","15,061","15,252","15,482","14,977","202.50M","-1.21%"
"03/16/2001","15,237","15,076","15,356","15,047","143.29M","1.17%"
"03/19/2001","14,836","15,249","15,378","14,802","154.66M","-2.63%"
"03/20/2001","14,903","14,854","15,077","14,854","228.30M","0.45%"
"03/21/2001","14,853","14,914","15,198","14,755","179.48M","-0.34%"
"03/22/2001","14,067","14,847","14,847","13,761","332.42M","-5.29%"
"03/23/2001","14,435","14,070","14,435","13,855","269.82M","2.62%"
"03/26/2001","14,712","14,443","14,912","14,443","219.81M","1.92%"
"03/27/2001","14,835","14,733","14,951","14,594","217.41M","0.84%"
"03/28/2001","14,632","14,846","14,852","14,574","159.93M","-1.37%"
"03/29/2001","14,282","14,647","14,713","14,226","250.41M","-2.39%"
"03/30/2001","14,438","14,292","14,438","13,922","256.61M","1.09%"
"04/02/2001","13,981","14,441","14,482","13,981","154.24M","-3.17%"
"04/03/2001","13,737","13,988","14,001","13,664","171.49M","-1.75%"
"04/04/2001","13,855","13,740","14,135","13,740","253.28M","0.86%"
"04/05/2001","14,443","13,865","14,482","13,865","271.47M","4.24%"
"04/06/2001","14,485","14,428","14,702","14,371","226.03M","0.29%"
"04/09/2001","14,719","14,489","14,719","14,446","226.88M","1.62%"
"04/10/2001","15,048","14,725","15,097","14,725","264.00M","2.24%"
"04/11/2001","14,819","15,057","15,267","14,724","292.05M","-1.52%"
"04/12/2001","14,969","14,811","14,969","14,490","163.26M","1.01%"
"04/16/2001","14,445","14,974","14,976","14,385","175.43M","-3.50%"
"04/17/2001","14,337","14,443","14,555","14,223","208.53M","-0.75%"
"04/18/2001","14,955","14,345","15,151","14,323","318.38M","4.31%"
"04/19/2001","14,431","14,956","15,017","14,420","239.25M","-3.50%"
"04/20/2001","13,696","14,408","14,408","13,618","308.75M","-5.09%"
"04/23/2001","13,893","13,734","13,893","13,325","187.58M","1.44%"
"04/24/2001","14,068","13,894","14,207","13,894","162.74M","1.26%"
"04/25/2001","14,163","14,062","14,223","13,785","272.85M","0.68%"
"04/26/2001","14,757","14,204","14,770","14,202","276.08M","4.19%"
"04/27/2001","14,928","14,752","15,135","14,752","265.27M","1.16%"
"04/30/2001","14,918","14,944","15,210","14,838","213.88M","-0.07%"
"05/02/2001","14,897","14,877","14,920","14,636","242.43M","-0.14%"
"05/03/2001","15,142","14,906","15,142","14,762","218.30M","1.64%"
"05/04/2001","15,093","15,142","15,304","15,041","187.59M","-0.32%"
"05/07/2001","14,875","15,103","15,222","14,862","171.28M","-1.44%"
"05/08/2001","14,747","14,861","14,958","14,656","216.21M","-0.86%"
"05/09/2001","14,779","14,717","14,867","14,576","234.49M","0.22%"
"05/10/2001","14,993","14,796","15,117","14,796","212.94M","1.45%"
"05/11/2001","14,493","15,012","15,018","14,410","184.58M","-3.33%"
"05/14/2001","14,133","14,499","14,507","14,104","154.21M","-2.48%"
"05/15/2001","14,226","14,141","14,314","14,110","257.18M","0.66%"
"05/16/2001","14,714","14,256","14,738","14,256","337.80M","3.43%"
"05/17/2001","14,794","14,727","15,095","14,725","209.33M","0.54%"
"05/18/2001","14,884","14,848","15,012","14,800","247.04M","0.61%"
"05/21/2001","15,128","14,871","15,158","14,807","290.99M","1.64%"
"05/22/2001","14,829","15,142","15,197","14,794","273.63M","-1.98%"
"05/23/2001","14,692","14,829","14,905","14,627","343.14M","-0.92%"
"05/24/2001","14,523","14,694","14,834","14,431","298.81M","-1.15%"
"05/25/2001","14,310","14,523","14,589","14,179","256.10M","-1.47%"
"05/28/2001","14,302","14,328","14,439","14,056","989.42M","-0.06%"
"05/29/2001","14,454","14,302","14,489","14,301","193.20M","1.06%"
"05/30/2001","14,489","14,459","14,579","14,347","215.99M","0.24%"
"05/31/2001","14,650","14,514","14,724","14,508","204.84M","1.11%"
"06/01/2001","14,792","14,654","14,792","14,409","215.98M","0.97%"
"06/04/2001","15,104","14,798","15,141","14,798","172.47M","2.11%"
"06/05/2001","15,395","15,107","15,406","15,032","299.14M","1.93%"
"06/06/2001","15,329","15,393","15,568","15,268","254.76M","-0.43%"
"06/07/2001","15,464","15,319","15,546","15,201","243.10M","0.88%"
"06/08/2001","15,366","15,469","15,644","15,355","211.87M","-0.63%"
"06/11/2001","15,224","15,291","15,397","15,159","160.55M","-0.92%"
"06/12/2001","15,173","15,238","15,238","14,956","206.82M","-0.33%"
"06/13/2001","15,403","15,175","15,600","15,175","330.04M","1.52%"
"06/15/2001","14,985","15,386","15,386","14,964","123.03M","-2.71%"
"06/18/2001","14,355","14,982","14,982","14,333","214.87M","-4.20%"
"06/19/2001","14,401","14,375","14,541","14,245","243.54M","0.32%"
"06/20/2001","14,571","14,396","14,599","14,393","214.02M","1.18%"
"06/21/2001","14,823","14,534","14,841","14,506","252.61M","1.73%"
"06/22/2001","14,682","14,870","15,104","14,677","216.59M","-0.95%"
"06/25/2001","14,540","14,682","14,871","14,479","206.28M","-0.97%"
"06/26/2001","14,460","14,521","14,620","14,401","268.07M","-0.55%"
"06/27/2001","14,308","14,477","14,630","14,265","175.30M","-1.05%"
"06/28/2001","14,391","14,321","14,426","14,164","180.67M","0.58%"
"06/29/2001","14,560","14,412","14,640","14,376","160.35M","1.17%"
"07/02/2001","14,555","14,579","14,659","14,483","159.94M","-0.03%"
"07/03/2001","14,353","14,561","14,771","14,325","184.57M","-1.39%"
"07/04/2001","14,056","14,352","14,395","13,980","183.67M","-2.07%"
"07/05/2001","14,048","14,084","14,281","13,943","243.17M","-0.06%"
"07/06/2001","13,907","14,030","14,062","13,788","230.20M","-1.00%"
"07/10/2001","13,570","13,930","14,060","13,564","168.17M","-2.42%"
"07/11/2001","13,812","13,508","13,853","13,361","286.02M","1.78%"
"07/12/2001","13,913","13,812","13,987","13,636","232.12M","0.73%"
"07/13/2001","14,078","13,907","14,087","13,737","166.65M","1.19%"
"07/16/2001","13,811","14,081","14,120","13,811","126.17M","-1.90%"
"07/17/2001","14,169","13,813","14,218","13,813","222.67M","2.59%"
"07/18/2001","13,791","14,171","14,236","13,778","151.10M","-2.67%"
"07/19/2001","13,762","13,795","13,953","13,641","126.56M","-0.21%"
"07/20/2001","14,092","13,766","14,092","13,659","150.00M","2.40%"
"07/23/2001","14,068","14,108","14,239","14,058","133.60M","-0.17%"
"07/24/2001","13,738","14,049","14,106","13,725","165.31M","-2.35%"
"07/25/2001","13,956","13,738","13,956","13,679","178.15M","1.59%"
"07/26/2001","13,810","13,963","13,980","13,736","158.99M","-1.05%"
"07/27/2001","13,910","13,825","13,910","13,759","122.08M","0.72%"
"07/30/2001","13,704","13,948","14,117","13,704","107.29M","-1.48%"
"07/31/2001","13,754","13,703","13,830","13,639","127.19M","0.36%"
"08/01/2001","13,743","13,757","13,837","13,606","157.91M","-0.08%"
"08/02/2001","13,823","13,746","13,846","13,690","127.92M","0.58%"
"08/03/2001","13,838","13,840","13,902","13,733","116.51M","0.11%"
"08/06/2001","14,047","13,856","14,067","13,854","126.91M","1.51%"
"08/07/2001","14,036","14,049","14,143","14,003","183.42M","-0.08%"
"08/08/2001","13,919","14,036","14,113","13,917","176.93M","-0.83%"
"08/09/2001","13,834","13,921","13,930","13,705","147.03M","-0.61%"
"08/10/2001","13,915","13,836","13,920","13,738","164.57M","0.59%"
"08/13/2001","13,771","13,914","13,929","13,716","134.03M","-1.03%"
"08/14/2001","13,829","13,770","13,841","13,732","174.79M","0.42%"
"08/15/2001","13,659","13,834","13,856","13,615","322.13M","-1.23%"
"08/16/2001","13,509","13,686","13,722","13,415","147.86M","-1.10%"
"08/17/2001","13,044","13,507","13,507","13,010","178.55M","-3.44%"
"08/20/2001","13,115","13,044","13,228","12,916","130.82M","0.54%"
"08/21/2001","12,892","13,122","13,186","12,886","209.38M","-1.70%"
"08/22/2001","12,952","12,907","13,161","12,853","286.92M","0.47%"
"08/23/2001","12,751","12,961","13,013","12,703","214.79M","-1.55%"
"08/24/2001","13,001","12,749","13,007","12,681","155.33M","1.96%"
"08/27/2001","12,996","13,000","13,048","12,849","121.30M","-0.04%"
"08/28/2001","13,018","13,005","13,114","12,942","125.56M","0.17%"
"08/29/2001","13,077","13,040","13,182","13,012","149.91M","0.45%"
"08/30/2001","12,892","13,074","13,114","12,798","138.37M","-1.41%"
"08/31/2001","12,841","12,906","12,949","12,789","235.70M","-0.40%"
"09/03/2001","12,800","12,849","12,863","12,696","121.16M","-0.32%"
"09/04/2001","12,767","12,812","12,947","12,767","188.01M","-0.26%"
"09/05/2001","12,591","12,767","12,768","12,462","384.38M","-1.38%"
"09/06/2001","12,255","12,594","12,599","12,251","181.83M","-2.67%"
"09/10/2001","11,922","12,238","12,238","11,901","221.03M","-2.72%"
"09/11/2001","10,828","11,930","11,987","10,824","533.44M","-9.18%"
"09/12/2001","11,114","10,773","11,319","10,706","296.45M","2.64%"
"09/13/2001","10,306","11,127","11,156","10,290","178.81M","-7.27%"
"09/14/2001","10,034","10,262","10,271","9,533","319.53M","-2.64%"
"09/17/2001","10,545","10,032","10,577","10,032","298.05M","5.09%"
"09/18/2001","10,554","10,543","10,708","10,321","330.34M","0.09%"
"09/19/2001","10,745","10,560","10,836","10,485","288.48M","1.81%"
"09/20/2001","10,543","10,719","10,719","10,470","211.52M","-1.88%"
"09/21/2001","10,419","10,493","10,493","9,890","298.28M","-1.18%"
"09/24/2001","10,533","10,453","10,694","10,453","240.35M","1.09%"
"09/25/2001","10,229","10,539","10,596","10,195","218.99M","-2.89%"
"09/26/2001","10,006","10,227","10,274","9,893","181.63M","-2.18%"
"09/27/2001","10,405","9,996","10,462","9,705","257.06M","3.99%"
"09/28/2001","10,636","10,412","10,714","10,412","270.61M","2.22%"
"10/01/2001","10,501","10,633","10,633","10,354","158.46M","-1.27%"
"10/02/2001","10,351","10,492","10,556","10,299","169.66M","-1.43%"
"10/03/2001","10,233","10,356","10,356","10,189","225.14M","-1.14%"
"10/04/2001","10,062","10,241","10,329","10,026","208.86M","-1.67%"
"10/05/2001","10,197","10,068","10,271","9,985","156.80M","1.34%"
"10/08/2001","10,095","10,120","10,175","9,986","138.96M","-1.00%"
"10/09/2001","10,284","10,109","10,323","10,103","175.76M","1.87%"
"10/10/2001","10,462","10,284","10,462","10,255","191.25M","1.73%"
"10/11/2001","10,785","10,462","10,790","10,461","224.63M","3.09%"
"10/15/2001","11,329","10,775","11,330","10,695","287.94M","5.04%"
"10/16/2001","11,258","11,326","11,475","11,165","269.22M","-0.63%"
"10/17/2001","11,271","11,287","11,485","11,166","388.83M","0.12%"
"10/18/2001","10,995","11,260","11,263","10,948","200.61M","-2.45%"
"10/19/2001","11,332","11,003","11,413","10,894","291.74M","3.07%"
"10/22/2001","11,700","11,343","11,725","11,293","214.22M","3.25%"
"10/23/2001","11,613","11,699","11,803","11,584","274.09M","-0.74%"
"10/24/2001","11,468","11,611","11,666","11,430","245.55M","-1.25%"
"10/25/2001","11,724","11,459","11,783","11,307","286.70M","2.23%"
"10/26/2001","11,781","11,725","11,924","11,715","222.69M","0.49%"
"10/29/2001","11,377","11,784","11,784","11,331","213.22M","-3.43%"
"10/30/2001","11,024","11,334","11,396","11,024","235.31M","-3.10%"
"10/31/2001","11,365","11,057","11,365","11,047","221.29M","3.09%"
"11/01/2001","11,388","11,362","11,498","11,177","168.79M","0.20%"
"11/05/2001","12,165","11,389","12,177","11,389","348.74M","6.82%"
"11/06/2001","12,416","12,154","12,481","12,139","421.36M","2.06%"
"11/07/2001","12,616","12,405","12,982","12,331","479.79M","1.61%"
"11/08/2001","12,554","12,633","12,892","12,473","323.46M","-0.49%"
"11/09/2001","12,731","12,542","12,778","12,412","304.45M","1.41%"
"11/12/2001","12,567","12,729","12,767","12,233","269.38M","-1.29%"
"11/13/2001","12,918","12,591","13,094","12,591","303.84M","2.79%"
"11/14/2001","12,826","12,928","13,077","12,746","292.88M","-0.71%"
"11/16/2001","12,883","12,838","13,046","12,807","195.12M","0.44%"
"11/19/2001","12,987","12,906","13,137","12,902","297.73M","0.81%"
"11/20/2001","12,638","12,992","12,998","12,619","253.83M","-2.69%"
"11/21/2001","12,794","12,646","12,832","12,560","249.44M","1.23%"
"11/22/2001","13,019","12,794","13,056","12,794","166.88M","1.76%"
"11/23/2001","13,424","13,037","13,529","13,037","361.50M","3.11%"
"11/26/2001","13,760","13,443","13,760","13,443","351.84M","2.50%"
"11/27/2001","13,603","13,771","13,791","13,490","298.49M","-1.14%"
"11/28/2001","13,019","13,553","13,553","12,913","322.67M","-4.29%"
"11/29/2001","12,736","13,019","13,187","12,622","274.77M","-2.17%"
"11/30/2001","12,932","12,744","13,053","12,704","270.71M","1.54%"
"12/03/2001","13,336","12,914","13,336","12,870","334.25M","3.12%"
"12/04/2001","13,147","13,374","13,565","13,071","423.21M","-1.42%"
"12/05/2001","13,382","13,186","13,382","13,103","367.59M","1.79%"
"12/06/2001","13,539","13,382","13,575","13,230","374.66M","1.17%"
"12/07/2001","13,299","13,565","13,662","13,233","222.83M","-1.77%"
"12/10/2001","13,446","13,299","13,446","13,193","240.35M","1.11%"
"12/11/2001","13,348","13,455","13,595","13,337","282.69M","-0.73%"
"12/12/2001","13,563","13,350","13,576","13,297","474.74M","1.61%"
"12/13/2001","13,148","13,577","13,580","13,144","215.56M","-3.06%"
"12/14/2001","12,959","13,129","13,154","12,894","215.36M","-1.44%"
"12/17/2001","12,912","12,965","13,063","12,912","177.80M","-0.36%"
"12/18/2001","13,397","12,935","13,414","12,924","308.83M","3.76%"
"12/19/2001","13,290","13,405","13,508","13,284","301.56M","-0.80%"
"12/20/2001","12,918","13,271","13,271","12,809","281.69M","-2.80%"
"12/21/2001","13,369","12,935","13,385","12,935","224.16M","3.49%"
"12/26/2001","13,358","13,367","13,446","13,245","176.21M","-0.08%"
"12/27/2001","13,756","13,371","13,823","13,369","312.06M","2.98%"
"12/28/2001","13,578","13,741","13,969","13,510","359.98M","-1.29%"