"Date","Price","Open","High","Low","Vol.","Change %"
"12/28/2001","295.39","308.33","311.23","283.53","","-7.82%"
"12/20/2001","320.46","273.37","320.49","273.37","","17.49%"
"12/19/2001","272.76","252.23","272.76","245.99","","7.62%"
"12/18/2001","253.44","257.18","258.63","250.45","","-1.22%"
"12/17/2001","256.57","252.67","257.37","252.67","","1.54%"
"12/14/2001","252.67","253.19","258.80","249.55","","0.27%"
"12/13/2001","251.98","242.58","253.24","240.46","","4.40%"
"12/12/2001","241.37","239.92","247.56","239.87","","0.86%"
"12/11/2001","239.32","235.72","239.57","231.74","","1.79%"
"12/10/2001","235.12","253.20","253.20","234.60","","-7.59%"
"12/07/2001","254.42","253.88","270.75","244.07","","0.38%"
"12/06/2001","253.45","229.18","258.24","229.18","","10.59%"
"12/05/2001","229.18","211.25","235.82","207.69","","8.02%"
"12/04/2001","212.16","216.00","217.95","209.04","","-1.21%"
"12/03/2001","214.75","203.25","214.95","203.25","","6.08%"
"11/30/2001","202.45","199.64","203.06","193.40","","0.79%"
"11/29/2001","200.86","210.77","210.77","199.55","","-5.25%"
"11/28/2001","211.98","217.39","218.15","211.86","","-3.03%"
"11/27/2001","218.61","222.85","222.98","218.12","","-2.35%"
"11/26/2001","223.87","214.44","224.56","214.44","","4.99%"
"11/23/2001","213.23","208.93","213.83","208.93","","2.16%"
"11/22/2001","208.72","205.70","210.31","205.70","","1.68%"
"11/21/2001","205.28","205.21","208.67","203.38","","0.20%"
"11/20/2001","204.87","218.13","218.13","202.93","","-6.08%"
"11/19/2001","218.14","219.64","222.92","216.27","","-0.68%"
"11/16/2001","219.64","226.73","226.83","219.63","","-3.38%"
"11/15/2001","227.33","221.59","228.05","218.33","","2.64%"
"11/14/2001","221.48","221.75","224.67","218.43","","-1.17%"
"11/13/2001","224.10","227.64","229.86","221.80","","-1.11%"
"11/12/2001","226.62","227.90","227.90","221.59","","-0.76%"
"11/09/2001","228.36","232.55","232.55","225.13","","-2.56%"
"11/08/2001","234.37","237.52","240.96","232.49","","-1.08%"
"11/07/2001","236.92","230.73","244.41","230.22","","2.70%"
"11/05/2001","230.70","222.50","231.42","222.50","","3.69%"
"11/02/2001","222.50","224.25","231.53","221.29","","-2.85%"
"11/01/2001","229.02","223.54","233.55","217.54","","1.90%"
"10/31/2001","224.75","223.66","234.87","221.61","","0.52%"
"10/30/2001","223.58","219.55","223.58","208.97","","1.84%"
"10/29/2001","219.54","238.57","238.57","218.64","","-8.67%"
"10/26/2001","240.39","243.97","243.97","237.94","","-2.20%"
"10/25/2001","245.79","246.00","246.00","241.21","","-0.33%"
"10/24/2001","246.61","247.00","249.74","245.65","","-0.16%"
"10/23/2001","247.00","252.72","252.72","246.56","","-2.26%"
"10/22/2001","252.72","255.44","256.92","249.71","","-0.18%"
"10/19/2001","253.17","251.06","253.80","245.24","","0.84%"
"10/18/2001","251.06","251.70","255.22","248.08","","-0.22%"
"10/17/2001","251.61","245.57","258.95","245.57","","3.48%"
"10/16/2001","243.15","232.13","246.48","231.48","","5.02%"
"10/15/2001","231.52","232.97","232.97","229.53","","-0.62%"
"10/12/2001","232.97","231.59","234.35","227.31","","0.07%"
"10/11/2001","232.81","226.33","235.49","226.33","","3.91%"
"10/10/2001","224.06","213.52","224.76","213.52","","4.94%"
"10/09/2001","213.52","212.04","215.62","210.22","","-0.63%"
"10/05/2001","214.87","206.57","217.17","201.89","","3.93%"
"10/04/2001","206.75","214.64","218.63","203.99","","-3.64%"
"10/03/2001","214.55","229.55","229.55","213.56","","-7.02%"
"10/02/2001","230.76","239.42","240.03","229.06","","-4.34%"
"10/01/2001","241.24","241.87","244.96","241.04","","-0.95%"
"09/28/2001","243.55","248.92","251.82","243.21","","-2.02%"
"09/27/2001","248.58","244.69","248.58","242.85","","1.61%"
"09/26/2001","244.65","244.43","248.78","241.05","","0.30%"
"09/25/2001","243.92","247.26","249.39","243.26","","-1.35%"
"09/24/2001","247.26","239.64","250.41","239.64","","3.24%"
"09/21/2001","239.50","236.33","239.66","234.50","","-1.11%"
"09/20/2001","242.20","251.46","251.46","240.38","","-4.07%"
"09/19/2001","252.47","268.43","272.74","250.40","","-6.01%"
"09/18/2001","268.60","267.85","271.55","265.07","","0.38%"
"09/17/2001","267.57","265.41","275.89","265.41","","0.58%"
"09/14/2001","266.03","263.96","266.22","248.04","","0.35%"
"09/13/2001","265.09","270.84","281.78","261.95","","-2.66%"
"09/11/2001","272.34","286.76","286.76","270.90","","-5.18%"
"09/10/2001","287.21","299.53","299.53","287.14","","-4.30%"
"09/07/2001","300.10","306.47","306.47","298.48","","-2.23%"
"09/06/2001","306.95","312.57","312.57","306.14","","-2.04%"
"09/05/2001","313.33","314.77","315.13","311.36","","-0.46%"
"09/04/2001","314.77","319.54","321.55","314.23","","-1.32%"
"09/03/2001","318.97","319.89","320.46","318.38","","-0.29%"
"08/31/2001","319.89","317.74","320.47","316.62","","0.44%"
"08/30/2001","318.50","324.23","329.25","317.10","","-2.11%"
"08/29/2001","325.35","322.85","328.09","321.84","","1.02%"
"08/28/2001","322.06","316.01","322.14","316.01","","2.23%"
"08/27/2001","315.05","316.59","316.98","312.81","","-0.49%"
"08/24/2001","316.59","317.61","318.57","311.78","","-0.85%"
"08/23/2001","319.30","328.94","329.69","319.19","","-2.76%"
"08/22/2001","328.37","308.44","329.90","308.44","","8.16%"
"08/21/2001","303.60","312.25","313.05","302.99","","-3.47%"
"08/17/2001","314.50","332.49","333.05","313.99","","-6.05%"
"08/16/2001","334.74","326.39","337.01","326.39","","2.41%"
"08/15/2001","326.85","317.16","327.99","316.60","","3.24%"
"08/14/2001","316.60","326.94","326.94","314.48","","-3.12%"
"08/13/2001","326.80","331.50","331.65","324.40","","-1.42%"
"08/10/2001","331.51","326.43","333.00","321.97","","1.56%"
"08/09/2001","326.43","319.89","326.83","319.87","","2.28%"
"08/08/2001","319.14","307.89","320.04","307.89","","3.88%"
"08/07/2001","307.21","302.13","309.28","302.13","","1.62%"
"08/06/2001","302.31","311.88","312.04","300.96","","-3.24%"
"08/03/2001","312.44","314.81","318.54","311.00","","-0.13%"
"08/02/2001","312.84","307.81","317.67","307.81","","1.88%"
"08/01/2001","307.08","320.03","320.06","302.15","","-4.27%"
"07/31/2001","320.79","319.85","325.28","319.62","","0.29%"
"07/30/2001","319.85","326.74","334.14","319.39","","-0.91%"
"07/27/2001","322.80","320.39","323.06","317.92","","0.22%"
"07/26/2001","322.08","328.00","328.00","320.58","","-2.48%"
"07/25/2001","330.26","319.75","330.26","315.84","","1.38%"
"07/24/2001","325.77","337.69","339.02","322.95","","-3.53%"
"07/23/2001","337.69","337.12","345.78","335.89","","1.07%"
"07/20/2001","334.11","322.04","334.11","322.04","","4.48%"
"07/19/2001","319.79","325.81","326.56","315.92","","-1.68%"
"07/18/2001","325.25","338.55","341.64","324.63","","-4.25%"
"07/17/2001","339.67","327.73","343.17","327.73","","4.85%"
"07/16/2001","323.96","327.39","331.32","320.23","","-1.56%"
"07/13/2001","329.08","315.03","332.42","308.35","","5.59%"
"07/12/2001","311.65","335.59","335.59","293.23","","-8.17%"
"07/11/2001","339.36","345.05","345.05","320.12","","-2.23%"
"07/10/2001","347.11","370.56","370.56","346.28","","-6.14%"
"07/06/2001","369.81","372.74","373.95","363.24","","-0.79%"
"07/05/2001","372.74","387.09","391.28","372.49","","-3.43%"
"07/04/2001","385.96","389.11","389.11","384.98","","-0.81%"
"07/03/2001","389.11","406.16","408.21","387.50","","-4.20%"
"07/02/2001","406.16","402.23","406.37","400.12","","0.97%"
"06/29/2001","402.25","408.95","408.95","400.49","","-1.80%"
"06/28/2001","409.64","417.16","419.84","408.37","","-1.80%"
"06/27/2001","417.16","420.52","420.97","416.30","","-0.80%"
"06/26/2001","420.53","425.14","425.14","419.63","","-1.24%"
"06/25/2001","425.81","417.47","426.01","417.02","","2.44%"
"06/22/2001","415.67","423.76","423.90","414.91","","-1.91%"
"06/21/2001","423.76","418.79","425.65","418.79","","1.00%"
"06/20/2001","419.55","417.50","423.13","416.74","","0.35%"
"06/19/2001","418.08","435.07","435.07","415.35","","-4.60%"
"06/15/2001","438.22","438.13","438.22","431.24","","-0.11%"
"06/14/2001","438.72","444.85","444.94","438.47","","-1.58%"
"06/13/2001","445.75","449.87","455.32","445.33","","-0.99%"
"06/12/2001","450.21","444.12","451.23","441.40","","1.05%"
"06/11/2001","445.51","451.40","453.13","444.14","","-1.30%"
"06/08/2001","451.40","451.67","454.92","446.47","","0.09%"
"06/07/2001","450.98","438.74","451.59","435.55","","2.68%"
"06/06/2001","439.19","443.35","444.78","437.30","","-0.84%"
"06/05/2001","442.90","444.18","450.78","441.99","","-0.19%"
"06/04/2001","443.73","437.15","443.93","437.15","","1.82%"
"06/01/2001","435.80","438.77","438.77","429.93","","-0.78%"
"05/31/2001","439.22","428.37","439.22","428.37","","2.64%"
"05/30/2001","427.92","430.44","430.44","425.95","","-0.53%"
"05/29/2001","430.21","436.68","436.68","429.62","","-1.48%"
"05/28/2001","436.68","440.73","440.77","434.49","","-0.92%"
"05/24/2001","440.73","440.73","444.59","438.93","","0.01%"
"05/23/2001","440.68","436.84","441.36","430.41","","0.89%"
"05/22/2001","436.80","436.16","440.40","434.25","","0.31%"
"05/21/2001","435.47","428.13","435.47","428.13","","1.73%"
"05/18/2001","428.05","433.76","435.02","427.36","","-1.01%"
"05/17/2001","432.41","429.72","439.02","429.30","","0.63%"
"05/16/2001","429.72","419.91","430.90","419.91","","2.56%"
"05/15/2001","419.01","416.50","422.70","416.49","","0.82%"
"05/14/2001","415.60","415.21","418.71","412.89","","-0.91%"
"05/11/2001","419.43","429.71","429.71","417.35","","-2.70%"
"05/10/2001","431.09","431.73","434.32","427.94","","-0.04%"
"05/09/2001","431.28","429.93","432.02","425.11","","0.52%"
"05/08/2001","429.03","444.09","445.23","427.77","","-3.39%"
"05/07/2001","444.09","443.63","449.73","443.52","","0.41%"
"05/04/2001","442.28","431.18","443.22","427.48","","2.57%"
"05/03/2001","431.18","433.40","434.59","424.44","","-0.51%"
"05/02/2001","433.40","435.63","436.21","430.19","","-0.51%"
"04/30/2001","435.63","449.36","450.90","434.49","","-3.06%"
"04/27/2001","449.36","439.22","449.50","438.77","","2.73%"
"04/26/2001","437.42","426.70","437.83","426.14","","3.95%"
"04/25/2001","420.78","418.94","420.78","411.68","","0.11%"
"04/24/2001","420.32","413.60","424.09","413.60","","2.14%"
"04/23/2001","411.53","418.83","420.21","408.59","","-2.05%"
"04/20/2001","420.16","446.93","446.93","419.52","","-6.27%"
"04/19/2001","448.28","467.29","467.29","446.91","","-4.04%"
"04/18/2001","467.15","448.74","468.70","448.74","","4.22%"
"04/17/2001","448.24","444.27","448.59","444.27","","0.89%"
"04/16/2001","444.27","454.36","454.36","442.73","","-2.61%"
"04/11/2001","456.16","463.67","465.90","455.18","","-1.48%"
"04/10/2001","462.99","463.68","470.24","462.92","","0.00%"
"04/09/2001","463.00","452.94","463.39","452.94","","2.22%"
"04/06/2001","452.94","447.90","453.48","447.90","","0.92%"
"04/05/2001","448.80","432.38","450.29","432.38","","4.12%"
"04/04/2001","431.03","433.09","437.55","427.99","","-0.37%"
"04/03/2001","432.64","442.00","442.00","430.01","","-2.52%"
"03/30/2001","443.81","443.38","446.53","437.90","","0.10%"
"03/29/2001","443.38","453.66","456.38","443.38","","-2.33%"
"03/28/2001","453.97","461.37","461.37","451.74","","-1.34%"
"03/27/2001","460.12","449.69","465.44","446.88","","1.94%"
"03/26/2001","451.38","437.58","452.17","436.26","","5.16%"
"03/23/2001","429.25","406.17","429.25","400.37","","6.22%"
"03/22/2001","404.12","428.08","428.08","396.20","","-5.60%"
"03/21/2001","428.08","433.46","436.27","426.34","","-0.83%"
"03/20/2001","431.65","438.54","448.91","430.57","","-0.64%"
"03/19/2001","434.41","445.28","446.15","431.85","","-1.94%"
"03/16/2001","442.99","451.58","451.58","439.42","","-1.90%"
"03/15/2001","451.58","450.16","456.30","445.18","","0.44%"
"03/14/2001","449.60","460.58","461.15","446.87","","-3.09%"
"03/13/2001","463.92","465.91","469.40","460.88","","-0.45%"
"03/12/2001","466.02","476.83","476.83","465.55","","-2.36%"
"03/09/2001","477.29","476.40","477.29","469.29","","-0.05%"
"03/08/2001","477.52","478.56","478.91","469.08","","-0.31%"
"03/07/2001","479.02","476.31","480.96","475.19","","0.57%"
"03/06/2001","476.31","487.26","490.31","475.93","","-1.83%"
"03/05/2001","485.17","458.98","485.17","458.98","","8.10%"
"03/02/2001","448.81","439.39","449.91","433.48","","2.10%"
"03/01/2001","439.60","435.29","441.95","429.20","","0.86%"
"02/28/2001","435.85","447.08","449.33","429.53","","-2.36%"
"02/27/2001","446.38","455.55","455.55","445.33","","-1.92%"
"02/26/2001","455.13","460.41","461.46","454.34","","-1.15%"
"02/23/2001","460.41","459.22","460.56","452.54","","0.15%"
"02/22/2001","459.71","451.30","459.71","448.34","","2.13%"
"02/21/2001","450.14","467.03","467.36","448.55","","-4.22%"
"02/20/2001","469.99","485.26","485.72","468.61","","-3.15%"
"02/19/2001","485.26","483.15","485.26","481.43","","0.44%"
"02/16/2001","483.15","494.65","494.65","482.78","","-2.21%"
"02/15/2001","494.09","494.58","497.14","493.10","","-0.17%"
"02/14/2001","494.92","500.50","500.50","493.54","","-1.18%"
"02/13/2001","500.84","507.09","507.89","500.84","","-1.17%"
"02/12/2001","506.79","504.24","510.12","504.03","","0.46%"
"02/09/2001","504.46","511.31","511.31","504.26","","-1.06%"
"02/08/2001","509.85","505.25","509.85","503.21","","1.18%"
"02/07/2001","503.92","511.54","511.54","502.58","","-1.73%"
"02/06/2001","512.79","511.19","514.46","510.53","","0.42%"
"02/05/2001","510.63","517.39","517.78","508.49","","-1.38%"
"02/02/2001","517.79","527.59","529.38","515.46","","-1.93%"
"02/01/2001","528.00","532.34","534.02","527.44","","-0.90%"
"01/31/2001","532.80","531.50","535.97","531.43","","0.24%"
"01/30/2001","531.50","530.29","534.72","530.06","","0.23%"
"01/29/2001","530.29","524.63","530.29","519.26","","0.97%"
"01/26/2001","525.19","527.19","527.67","524.27","","-0.38%"
"01/25/2001","527.19","532.88","533.18","526.05","","-1.07%"
"01/24/2001","532.88","538.89","538.89","528.97","","-1.17%"
"01/23/2001","539.20","528.96","540.16","528.80","","2.17%"
"01/22/2001","527.73","526.46","530.33","524.49","","0.18%"
"01/19/2001","526.80","524.89","527.52","521.98","","0.47%"
"01/18/2001","524.33","510.86","525.03","510.37","","2.69%"
"01/17/2001","510.58","505.84","514.29","505.84","","1.48%"
"01/16/2001","503.15","503.46","504.93","501.60","","-0.07%"
"01/15/2001","503.48","499.55","503.48","498.30","","0.79%"
"01/12/2001","499.55","501.99","506.96","498.46","","-0.40%"
"01/11/2001","501.54","495.29","507.93","495.12","","1.43%"
"01/10/2001","494.45","491.89","498.48","485.30","","0.41%"
"01/09/2001","492.45","467.66","494.79","466.64","","5.68%"
"01/08/2001","465.98","464.08","466.25","462.32","","0.41%"
"01/05/2001","464.08","460.67","468.14","460.67","","0.99%"
"01/04/2001","459.55","449.31","460.92","449.31","","2.37%"
"01/03/2001","448.89","419.57","448.89","419.57","","7.21%"
"01/02/2001","418.70","418.51","423.76","417.90","","0.46%"
"12/28/2000","416.77","419.97","420.25","415.42","","-0.76%"
"12/27/2000","419.97","421.08","423.09","417.43","","-0.02%"
"12/26/2000","420.06","421.53","421.53","418.95","","-0.07%"
"12/22/2000","420.37","416.06","423.97","416.04","","1.04%"
"12/21/2000","416.06","405.46","416.06","405.46","","2.81%"
"12/20/2000","404.68","411.65","411.65","402.05","","-1.81%"
"12/19/2000","412.13","406.63","413.26","406.63","","1.35%"
"12/18/2000","406.63","406.30","411.60","405.81","","0.37%"
"12/15/2000","405.15","409.17","409.17","400.48","","-1.09%"
"12/14/2000","409.60","416.18","417.55","408.59","","-1.57%"
"12/13/2000","416.15","421.59","423.06","415.79","","-1.15%"
"12/12/2000","421.01","417.68","421.01","416.06","","0.94%"
"12/11/2000","417.10","411.45","417.10","411.45","","1.42%"
"12/07/2000","411.27","410.43","413.33","408.09","","0.20%"
"12/06/2000","410.43","413.67","418.99","409.03","","-0.78%"
"12/05/2000","413.67","401.05","414.23","400.47","","3.52%"
"12/04/2000","399.59","402.31","402.41","398.51","","-0.68%"
"12/01/2000","402.33","399.49","405.38","399.49","","0.71%"
"11/30/2000","399.49","409.48","409.48","396.57","","-2.71%"
"11/29/2000","410.63","406.69","413.66","406.69","","1.02%"
"11/28/2000","406.49","418.02","418.02","406.24","","-2.76%"
"11/27/2000","418.02","419.22","424.22","417.03","","-0.01%"
"11/24/2000","418.07","414.95","419.13","414.95","","0.82%"
"11/23/2000","414.68","413.84","414.68","413.74","","0.20%"
"11/22/2000","413.84","425.66","425.66","412.49","","-2.73%"
"11/21/2000","425.44","426.26","426.26","423.57","","-0.19%"
"11/20/2000","426.26","424.40","426.67","420.52","","0.44%"
"11/17/2000","424.40","431.72","431.72","421.33","","-1.83%"
"11/16/2000","432.30","436.89","437.51","429.95","","-1.05%"
"11/15/2000","436.89","442.42","443.00","436.26","","-1.25%"
"11/14/2000","442.42","442.74","447.02","440.91","","0.39%"
"11/13/2000","440.69","434.50","441.08","429.49","","1.42%"
"11/10/2000","434.50","430.01","435.35","430.01","","1.23%"
"11/09/2000","429.23","424.79","429.23","422.11","","1.05%"
"11/08/2000","424.79","432.29","433.60","422.68","","-1.75%"
"11/07/2000","432.36","427.65","432.36","423.09","","1.06%"
"11/03/2000","427.81","436.75","437.47","426.27","","-2.05%"
"11/02/2000","436.75","429.76","438.95","429.20","","1.36%"
"11/01/2000","430.90","440.86","440.86","428.07","","-2.27%"
"10/31/2000","440.90","433.25","440.90","433.25","","1.77%"
"10/30/2000","433.25","435.61","437.70","432.89","","-0.81%"
"10/27/2000","436.77","413.20","436.77","413.20","","5.85%"
"10/26/2000","412.62","398.28","412.62","398.28","","4.05%"
"10/25/2000","396.55","414.50","414.50","396.39","","-4.33%"
"10/24/2000","414.50","415.20","419.93","413.82","","-0.17%"
"10/23/2000","415.20","424.92","427.15","414.13","","-2.34%"
"10/20/2000","425.13","432.14","432.26","424.58","","-1.64%"
"10/19/2000","432.24","414.84","432.24","414.84","","4.33%"
"10/18/2000","414.29","418.48","418.48","408.09","","-1.14%"
"10/17/2000","419.06","436.90","436.90","419.06","","-4.08%"
"10/13/2000","436.90","434.93","436.90","428.88","","0.42%"
"10/12/2000","435.09","443.65","445.75","433.63","","-1.67%"
"10/11/2000","442.49","449.09","451.97","441.91","","-1.47%"
"10/10/2000","449.09","455.37","455.37","447.20","","-1.54%"
"10/09/2000","456.12","465.08","465.08","454.20","","-1.91%"
"10/06/2000","464.98","472.54","473.66","464.39","","-1.56%"
"10/05/2000","472.34","476.45","476.61","470.21","","-0.93%"
"10/04/2000","476.77","473.94","476.77","473.09","","0.60%"
"10/03/2000","473.94","475.26","479.68","473.23","","-0.28%"
"10/02/2000","475.26","475.40","480.18","474.00","","-0.03%"
"09/29/2000","475.42","476.99","477.69","473.49","","-0.43%"
"09/28/2000","477.48","473.25","478.62","471.27","","0.93%"
"09/27/2000","473.09","475.77","477.45","472.69","","-0.56%"
"09/26/2000","475.77","483.97","483.97","474.87","","-1.69%"
"09/25/2000","483.97","484.50","487.44","483.04","","0.09%"
"09/22/2000","483.52","476.80","483.75","474.89","","1.37%"
"09/21/2000","476.99","475.63","477.26","473.86","","0.30%"
"09/20/2000","475.55","479.79","480.78","473.43","","-0.98%"
"09/19/2000","480.28","478.37","480.28","472.85","","0.30%"
"09/18/2000","478.86","487.90","487.90","478.83","","-1.85%"
"09/15/2000","487.90","489.66","491.14","487.86","","-0.46%"
"09/14/2000","490.15","484.60","491.73","484.51","","1.16%"
"09/13/2000","484.54","484.54","484.54","480.66","","-0.02%"
"09/12/2000","484.64","487.07","489.17","482.95","","-0.50%"
"09/11/2000","487.07","487.45","488.26","485.08","","-0.28%"
"09/08/2000","488.43","497.30","497.39","487.67","","-1.79%"
"09/07/2000","497.31","496.26","498.55","494.21","","0.21%"
"09/06/2000","496.26","495.62","497.35","493.47","","0.13%"
"09/05/2000","495.62","500.99","500.99","494.23","","-1.03%"
"09/04/2000","500.80","496.11","500.80","494.69","","0.88%"
"09/01/2000","496.41","474.96","498.63","474.96","","4.58%"
"08/31/2000","474.66","476.94","478.81","474.66","","-0.27%"
"08/30/2000","475.96","473.32","476.02","469.15","","0.63%"
"08/29/2000","472.99","474.82","475.57","471.63","","-0.49%"
"08/28/2000","475.31","475.67","477.77","472.96","","0.01%"
"08/25/2000","475.24","471.49","475.29","471.00","","1.01%"
"08/24/2000","470.51","467.58","471.47","465.67","","0.61%"
"08/23/2000","467.64","460.41","468.35","456.87","","1.62%"
"08/22/2000","460.19","462.28","465.72","459.29","","-0.66%"
"08/18/2000","463.26","474.87","475.20","461.56","","-2.90%"
"08/17/2000","477.09","473.96","478.30","472.40","","0.80%"
"08/16/2000","473.31","478.45","483.94","471.76","","-1.18%"
"08/15/2000","478.94","489.06","490.04","478.25","","-1.97%"
"08/14/2000","488.57","491.99","492.51","487.38","","-0.70%"
"08/11/2000","491.99","493.23","493.23","487.22","","-0.25%"
"08/10/2000","493.23","496.95","503.09","491.44","","-0.65%"
"08/09/2000","496.46","495.07","500.92","493.35","","0.38%"
"08/08/2000","494.59","491.74","495.12","491.69","","0.78%"
"08/07/2000","490.77","486.26","491.40","486.26","","0.93%"
"08/04/2000","486.26","485.30","489.38","483.80","","0.28%"
"08/03/2000","484.92","488.66","488.66","481.58","","-0.80%"
"08/02/2000","488.85","488.84","490.45","486.85","","0.00%"
"08/01/2000","488.84","502.01","502.01","488.12","","-2.62%"
"07/31/2000","502.01","497.38","502.50","493.44","","1.01%"
"07/28/2000","497.00","509.61","509.61","495.73","","-2.29%"
"07/27/2000","508.64","515.13","515.35","507.31","","-1.17%"
"07/26/2000","514.64","517.44","519.96","511.93","","-0.54%"
"07/25/2000","517.44","519.16","519.86","513.69","","-0.14%"
"07/24/2000","518.18","519.97","525.98","515.97","","-0.34%"
"07/21/2000","519.97","528.53","531.35","517.95","","-1.62%"
"07/20/2000","528.53","524.93","531.02","524.93","","0.78%"
"07/19/2000","524.44","529.72","531.02","521.89","","-1.00%"
"07/18/2000","529.72","537.38","537.38","527.52","","-1.91%"
"07/17/2000","540.05","545.54","546.90","539.38","","-1.03%"
"07/14/2000","545.68","536.11","546.14","536.11","","1.79%"
"07/13/2000","536.11","544.85","546.56","536.06","","-1.59%"
"07/12/2000","544.79","535.87","544.79","535.87","","1.68%"
"07/11/2000","535.78","532.85","540.33","532.37","","0.37%"
"07/10/2000","533.83","534.62","534.69","530.19","","-0.13%"
"07/07/2000","534.51","531.62","538.30","531.62","","0.67%"
"07/06/2000","530.95","522.80","531.48","520.14","","1.60%"
"07/05/2000","522.58","520.22","523.16","517.16","","0.41%"
"07/04/2000","520.44","517.90","521.56","513.90","","1.27%"
"07/03/2000","513.90","496.90","514.94","496.90","","3.42%"
"06/30/2000","496.90","488.53","496.93","484.22","","2.00%"
"06/29/2000","487.18","487.04","488.05","480.77","","0.12%"
"06/28/2000","486.61","475.89","490.91","475.89","","2.25%"
"06/27/2000","475.89","469.19","479.56","468.01","","-0.03%"
"06/23/2000","476.03","478.16","480.48","473.57","","-0.50%"
"06/22/2000","478.42","484.99","488.39","478.37","","-1.31%"
"06/21/2000","484.77","480.51","484.77","475.20","","0.20%"
"06/20/2000","483.82","485.78","486.03","478.76","","-0.33%"
"06/16/2000","485.40","498.98","498.98","485.40","","-3.02%"
"06/15/2000","500.52","500.85","502.18","499.01","","-0.33%"
"06/14/2000","502.20","500.35","506.51","500.35","","0.58%"
"06/13/2000","499.32","488.22","499.82","488.22","","2.27%"
"06/12/2000","488.22","488.22","492.61","486.31","","-0.38%"
"06/09/2000","490.07","488.04","492.36","487.95","","0.46%"
"06/08/2000","487.84","495.10","495.85","486.21","","-0.65%"
"06/07/2000","491.04","484.67","492.02","477.79","","1.27%"
"06/06/2000","484.87","493.94","496.10","483.69","","-2.11%"
"06/05/2000","495.30","500.01","503.39","493.14","","-1.21%"
"06/02/2000","501.37","473.08","501.37","473.08","","6.05%"
"06/01/2000","472.76","464.61","473.80","464.61","","1.82%"
"05/31/2000","464.30","472.53","474.09","463.05","","-1.77%"
"05/30/2000","472.69","456.30","474.57","456.30","","3.65%"
"05/29/2000","456.04","459.98","463.60","452.80","","-0.36%"
"05/26/2000","457.67","445.60","457.67","445.60","","2.71%"
"05/24/2000","445.60","427.48","447.56","427.48","","4.57%"
"05/23/2000","426.12","429.43","435.58","425.88","","-0.86%"
"05/22/2000","429.82","427.66","429.82","413.22","","0.98%"
"05/19/2000","425.63","454.66","454.66","419.70","","-6.38%"
"05/18/2000","454.66","462.15","462.46","453.87","","-1.48%"
"05/17/2000","461.48","474.79","476.82","459.99","","-2.24%"
"05/16/2000","472.07","475.33","476.57","465.63","","-0.02%"
"05/15/2000","472.18","460.48","472.18","459.08","","2.62%"
"05/12/2000","460.13","457.39","464.45","455.45","","0.60%"
"05/11/2000","457.39","458.24","461.00","453.15","","-0.10%"
"05/10/2000","457.86","483.28","483.28","454.91","","-5.36%"
"05/09/2000","483.77","475.91","484.26","475.91","","1.70%"
"05/08/2000","475.70","486.77","487.25","475.32","","-2.41%"
"05/05/2000","487.44","492.61","494.20","486.10","","-1.08%"
"05/04/2000","492.78","493.86","494.21","487.58","","0.19%"
"05/03/2000","491.87","510.95","510.95","487.93","","-3.75%"
"05/02/2000","511.03","509.94","520.14","509.17","","0.30%"
"04/28/2000","509.51","505.89","513.53","505.89","","0.72%"
"04/27/2000","505.89","511.05","511.05","501.26","","-1.58%"
"04/26/2000","514.01","515.69","520.74","512.63","","-0.33%"
"04/25/2000","515.69","505.64","516.77","505.64","","1.99%"
"04/24/2000","505.61","507.56","507.77","500.72","","-0.64%"
"04/19/2000","508.88","517.05","518.38","505.44","","-1.63%"
"04/18/2000","517.30","509.44","517.55","506.91","","1.64%"
"04/17/2000","508.93","508.63","512.98","497.49","","-0.07%"
"04/14/2000","509.28","540.65","540.65","507.30","","-6.03%"
"04/13/2000","541.98","553.88","555.21","539.70","","-2.06%"
"04/12/2000","553.37","559.74","562.69","552.30","","-1.02%"
"04/11/2000","559.08","567.41","567.41","557.35","","-1.46%"
"04/10/2000","567.36","577.65","578.37","565.12","","-1.43%"
"04/07/2000","575.59","561.49","575.84","560.83","","2.87%"
"04/06/2000","559.51","548.40","562.02","548.40","","2.05%"
"04/05/2000","548.27","557.67","557.67","547.28","","-1.74%"
"04/04/2000","558.00","566.46","570.85","540.10","","-1.43%"
"04/03/2000","566.08","569.04","569.23","556.63","","-0.56%"
"03/31/2000","569.24","576.68","582.90","566.73","","-1.26%"
"03/30/2000","576.53","582.88","582.88","571.80","","-1.18%"
"03/29/2000","583.42","589.81","592.11","582.15","","-0.94%"
"03/28/2000","588.93","603.27","603.73","588.73","","-2.38%"
"03/27/2000","603.27","608.71","610.08","601.21","","-0.78%"
"03/24/2000","607.99","605.83","612.32","605.20","","0.44%"
"03/23/2000","605.35","597.66","607.54","594.96","","1.29%"
"03/22/2000","597.66","595.08","598.35","592.02","","0.68%"
"03/21/2000","593.65","603.88","603.88","590.98","","-1.46%"
"03/20/2000","602.45","609.93","610.29","596.91","","-0.61%"
"03/17/2000","606.17","617.22","617.93","603.96","","-1.75%"
"03/16/2000","616.99","606.13","616.99","606.13","","1.79%"
"03/15/2000","606.13","608.36","608.36","601.63","","-0.48%"
"03/14/2000","609.08","606.83","612.04","606.83","","0.41%"
"03/13/2000","606.58","609.36","609.42","597.94","","-0.56%"
"03/10/2000","609.98","618.30","618.95","608.56","","-1.32%"
"03/09/2000","618.17","617.92","620.82","615.91","","0.16%"
"03/08/2000","617.20","617.78","621.30","614.87","","-0.09%"
"03/07/2000","617.78","630.49","632.99","614.08","","-2.02%"
"03/06/2000","630.49","647.18","648.61","630.49","","-2.29%"
"03/03/2000","645.29","639.66","647.77","639.66","","0.93%"
"03/02/2000","639.37","627.30","639.37","627.30","","1.91%"
"03/01/2000","627.41","631.76","634.68","625.44","","-0.67%"
"02/29/2000","631.64","634.79","638.64","630.70","","-0.47%"
"02/28/2000","634.60","636.19","636.23","629.64","","-0.28%"
"02/25/2000","636.39","636.93","639.65","633.49","","0.03%"
"02/24/2000","636.22","627.16","636.51","625.53","","1.52%"
"02/23/2000","626.69","621.67","628.87","619.30","","0.84%"
"02/22/2000","621.47","621.95","622.67","616.29","","-0.06%"
"02/21/2000","621.83","617.99","621.83","612.31","","0.51%"
"02/18/2000","618.70","630.21","630.26","616.66","","-1.83%"
"02/17/2000","630.21","629.84","631.90","626.26","","0.11%"
"02/16/2000","629.52","630.70","630.70","622.22","","-0.19%"
"02/15/2000","630.70","633.02","633.64","623.32","","-0.53%"
"02/14/2000","634.09","637.30","638.21","629.86","","-0.46%"
"02/11/2000","637.03","640.63","642.77","632.10","","-0.56%"
"02/10/2000","640.63","620.06","640.63","620.06","","3.44%"
"02/09/2000","619.34","623.41","628.73","619.10","","-0.03%"
"02/08/2000","619.55","608.69","620.71","608.69","","2.31%"
"02/07/2000","605.56","599.13","605.56","596.65","","1.07%"
"02/04/2000","599.13","590.31","603.01","590.31","","1.53%"
"02/03/2000","590.11","577.07","590.43","577.07","","2.33%"
"02/02/2000","576.68","575.43","580.04","574.89","","0.47%"
"02/01/2000","574.00","565.56","574.02","565.56","","1.36%"
"01/31/2000","566.28","568.36","568.36","558.25","","-0.43%"
"01/28/2000","568.75","579.79","580.17","565.93","","-2.04%"
"01/27/2000","580.60","583.92","588.95","577.84","","-0.22%"
"01/26/2000","581.90","563.50","582.16","563.50","","3.27%"
"01/25/2000","563.50","568.17","570.42","561.14","","-0.82%"
"01/24/2000","568.17","570.12","575.13","565.96","","-0.32%"
"01/21/2000","570.00","578.83","578.83","567.72","","-1.52%"
"01/20/2000","578.77","581.75","583.10","572.67","","-0.47%"
"01/19/2000","581.52","577.90","588.39","577.90","","0.63%"
"01/18/2000","577.90","569.90","578.83","568.81","","1.79%"
"01/17/2000","567.74","568.96","570.93","561.03","","0.29%"
"01/14/2000","566.08","560.07","569.27","560.07","","1.07%"
"01/13/2000","560.07","520.92","568.97","520.52","","7.98%"
"01/12/2000","518.70","520.89","521.20","514.76","","-0.42%"
"01/11/2000","520.89","519.57","525.30","518.26","","0.18%"
"01/10/2000","519.97","522.94","526.45","517.70","","-0.41%"
"01/07/2000","522.12","528.47","533.07","521.33","","-1.20%"
"01/06/2000","528.47","533.21","533.67","525.81","","-0.79%"
"01/05/2000","532.68","522.58","533.90","516.90","","1.86%"
"01/04/2000","522.97","550.84","550.84","522.97","","-5.23%"
"01/03/2000","551.83","550.28","559.95","550.28","","0.25%"
"12/30/1999","550.47","544.95","550.60","544.88","","1.01%"
"12/29/1999","544.95","544.38","550.54","542.99","","0.15%"
"12/28/1999","544.16","536.77","544.48","534.50","","1.39%"
"12/27/1999","536.69","547.17","547.17","535.65","","-1.94%"
"12/24/1999","547.33","544.70","547.33","544.32","","0.44%"
"12/23/1999","544.92","549.58","550.17","544.22","","-0.77%"
"12/22/1999","549.17","551.16","551.53","547.22","","-0.36%"
"12/21/1999","551.16","551.05","551.65","547.75","","0.06%"
"12/20/1999","550.84","551.45","556.78","548.69","","-0.11%"
"12/17/1999","551.45","543.16","553.45","543.16","","1.75%"
"12/16/1999","541.94","537.73","541.94","536.88","","0.97%"
"12/15/1999","536.71","536.04","544.42","531.67","","0.00%"
"12/14/1999","536.70","553.32","553.32","536.17","","-3.02%"
"12/13/1999","553.42","556.86","558.30","553.42","","-0.62%"
"12/10/1999","556.86","554.73","560.63","554.73","","0.59%"
"12/09/1999","553.59","553.88","555.98","545.19","","-0.21%"
"12/07/1999","554.76","554.03","556.90","551.93","","0.21%"
"12/06/1999","553.60","560.50","561.53","550.67","","-1.23%"
"12/03/1999","560.50","555.18","564.50","555.18","","0.98%"
"12/02/1999","555.04","544.32","557.12","544.29","","2.12%"
"12/01/1999","543.51","535.92","543.51","535.92","","1.38%"
"11/30/1999","536.11","549.21","549.21","534.73","","-2.40%"
"11/29/1999","549.30","555.44","555.44","548.43","","-1.11%"
"11/26/1999","555.44","549.72","555.44","547.41","","1.12%"
"11/25/1999","549.31","544.28","549.31","544.23","","0.92%"
"11/24/1999","544.28","544.03","544.28","538.27","","0.06%"
"11/23/1999","543.95","544.33","545.79","538.95","","0.04%"
"11/22/1999","543.72","525.58","543.72","525.58","","3.61%"
"11/19/1999","524.76","536.56","538.12","522.89","","-2.09%"
"11/18/1999","535.95","531.29","543.05","531.29","","1.07%"
"11/17/1999","530.27","546.13","546.13","530.27","","-2.90%"
"11/16/1999","546.13","558.78","558.96","539.98","","-2.21%"
"11/15/1999","558.49","549.92","559.33","549.10","","1.56%"
"11/12/1999","549.92","557.27","558.78","548.74","","-1.32%"
"11/11/1999","557.27","570.26","571.30","557.16","","-2.35%"
"11/10/1999","570.67","573.41","573.83","568.69","","-0.27%"
"11/09/1999","572.19","574.98","578.01","569.80","","-0.44%"
"11/08/1999","574.71","566.00","575.12","561.76","","1.42%"
"11/05/1999","566.65","561.91","567.15","560.48","","0.96%"
"11/04/1999","561.26","565.64","575.61","559.48","","-0.77%"
"11/03/1999","565.60","553.58","565.60","553.58","","2.28%"
"11/02/1999","552.98","539.50","557.59","538.87","","2.46%"
"11/01/1999","539.68","538.90","539.90","533.70","","0.18%"
"10/29/1999","538.69","537.15","541.84","536.94","","0.41%"
"10/28/1999","536.50","538.44","543.25","535.40","","-0.20%"
"10/27/1999","537.58","540.41","542.02","535.14","","-0.48%"
"10/26/1999","540.16","547.04","550.63","539.43","","-1.16%"
"10/25/1999","546.49","545.82","549.01","538.80","","0.12%"
"10/22/1999","545.82","534.13","547.44","534.13","","2.14%"
"10/21/1999","534.40","523.28","534.40","517.01","","2.02%"
"10/20/1999","523.83","515.58","524.59","515.58","","1.68%"
"10/19/1999","515.15","505.91","515.15","505.91","","2.05%"
"10/18/1999","504.80","506.43","507.00","498.40","","-0.54%"
"10/15/1999","507.54","513.58","513.58","500.56","","-1.43%"
"10/14/1999","514.90","510.49","515.99","504.40","","0.86%"
"10/13/1999","510.49","526.01","527.36","509.13","","-2.91%"
"10/12/1999","525.80","537.52","537.52","523.80","","-2.27%"
"10/08/1999","538.03","540.11","541.96","535.65","","-0.31%"
"10/07/1999","539.70","536.58","543.35","536.58","","0.70%"
"10/06/1999","535.97","533.53","537.78","533.53","","0.52%"
"10/05/1999","533.19","539.80","540.20","531.21","","-0.86%"
"10/04/1999","537.81","526.26","537.81","526.09","","2.26%"
"10/01/1999","525.91","532.18","532.18","523.23","","-1.59%"
"09/30/1999","534.40","531.10","541.34","531.10","","0.74%"
"09/29/1999","530.50","528.38","531.77","527.74","","0.42%"
"09/28/1999","528.30","526.68","533.16","523.83","","0.35%"
"09/27/1999","526.48","506.62","527.54","506.62","","3.94%"
"09/24/1999","506.54","506.80","508.13","501.30","","-0.12%"
"09/23/1999","507.15","510.84","511.90","504.26","","-0.52%"
"09/22/1999","509.81","516.02","516.54","509.69","","-1.19%"
"09/21/1999","515.95","521.50","521.53","514.38","","-0.95%"
"09/20/1999","520.91","518.83","520.91","515.77","","0.45%"
"09/17/1999","518.60","519.07","521.98","517.19","","-0.09%"
"09/16/1999","519.07","524.87","526.17","515.13","","-1.18%"
"09/15/1999","525.27","528.22","530.97","524.61","","-0.53%"
"09/14/1999","528.08","529.74","532.02","527.35","","-0.28%"
"09/13/1999","529.58","525.02","529.58","521.71","","0.82%"
"09/10/1999","525.25","522.68","525.57","522.00","","0.84%"
"09/09/1999","520.90","512.20","522.24","511.60","","1.69%"
"09/08/1999","512.22","512.61","519.11","510.52","","-0.15%"
"09/07/1999","513.00","518.04","518.04","510.46","","-0.97%"
"09/06/1999","518.04","517.48","518.26","516.01","","0.11%"
"09/03/1999","517.48","514.66","523.85","514.66","","0.60%"
"09/02/1999","514.38","515.05","515.05","506.79","","-0.13%"
"09/01/1999","515.05","507.00","515.19","506.90","","1.64%"
"08/31/1999","506.74","501.93","508.63","498.63","","1.18%"
"08/30/1999","500.85","507.42","507.42","500.08","","-1.28%"
"08/27/1999","507.34","510.32","511.53","506.03","","-0.58%"
"08/26/1999","510.32","512.84","514.66","506.80","","-0.46%"
"08/25/1999","512.68","491.64","513.68","491.58","","4.38%"
"08/24/1999","491.15","483.23","494.73","480.17","","1.64%"
"08/23/1999","483.23","472.43","483.23","472.43","","2.29%"
"08/20/1999","472.43","474.32","475.57","469.20","","-0.45%"
"08/19/1999","474.56","472.11","478.45","468.44","","0.44%"
"08/18/1999","472.46","480.36","480.36","471.89","","-1.64%"
"08/17/1999","480.36","478.96","481.97","472.94","","0.32%"
"08/13/1999","478.82","473.09","479.40","473.09","","1.33%"
"08/12/1999","472.55","474.02","484.85","471.31","","-0.19%"
"08/11/1999","473.43","468.06","477.09","462.59","","2.21%"
"08/10/1999","463.20","466.55","467.34","456.41","","-0.72%"
"08/09/1999","466.55","464.89","469.79","464.62","","0.36%"
"08/06/1999","464.89","465.78","468.71","461.81","","-0.19%"
"08/05/1999","465.78","460.95","465.78","453.03","","0.83%"
"08/04/1999","461.94","466.82","470.41","460.64","","-1.05%"
"08/03/1999","466.82","467.43","468.77","462.81","","-0.13%"
"08/02/1999","467.43","475.65","477.27","465.94","","-1.73%"
"07/30/1999","475.68","471.93","476.61","471.31","","0.84%"
"07/29/1999","471.73","468.95","471.73","461.93","","0.48%"
"07/28/1999","469.49","463.78","469.49","461.60","","1.67%"
"07/27/1999","461.80","459.03","464.16","455.40","","0.78%"
"07/26/1999","458.22","469.17","469.17","456.99","","-2.37%"
"07/23/1999","469.33","476.15","478.09","465.85","","-1.43%"
"07/22/1999","476.15","483.01","483.01","475.47","","-1.46%"
"07/21/1999","483.22","477.82","483.22","473.89","","1.36%"
"07/20/1999","476.75","491.75","491.75","475.15","","-3.17%"
"07/19/1999","492.35","492.97","500.86","489.77","","-0.13%"
"07/16/1999","492.97","470.73","500.67","470.73","","4.70%"
"07/15/1999","470.83","472.60","474.07","468.00","","-0.37%"
"07/14/1999","472.60","474.99","478.37","471.99","","-0.44%"
"07/13/1999","474.71","451.89","475.63","449.43","","4.59%"
"07/12/1999","453.86","496.93","496.93","451.22","","-8.67%"
"07/08/1999","496.93","519.28","519.28","495.18","","-4.37%"
"07/07/1999","519.63","527.33","528.20","518.90","","-1.67%"
"07/06/1999","528.45","526.42","531.28","524.60","","0.36%"
"07/05/1999","526.56","523.98","527.42","523.98","","0.49%"
"07/02/1999","523.98","512.71","526.09","511.83","","2.20%"
"07/01/1999","512.71","500.14","513.44","500.14","","2.81%"
"06/30/1999","498.72","524.68","524.68","496.35","","-4.87%"
"06/29/1999","524.26","535.93","535.93","522.46","","-2.18%"
"06/28/1999","535.93","536.64","540.69","534.94","","0.02%"
"06/25/1999","535.80","540.58","543.73","533.23","","-0.85%"
"06/24/1999","540.41","544.65","546.52","532.76","","-0.78%"
"06/23/1999","544.65","532.46","547.78","532.46","","2.12%"
"06/22/1999","533.35","526.36","535.67","526.36","","1.45%"
"06/18/1999","525.72","526.92","527.87","524.11","","-0.12%"
"06/17/1999","526.34","517.92","526.77","517.67","","1.58%"
"06/16/1999","518.14","505.46","518.95","505.42","","2.53%"
"06/15/1999","505.36","512.15","514.20","503.89","","-1.31%"
"06/11/1999","512.05","522.54","523.02","510.33","","-1.65%"
"06/10/1999","520.66","522.01","522.01","517.66","","-0.40%"
"06/09/1999","522.77","530.28","531.43","520.44","","-1.46%"
"06/08/1999","530.53","524.42","531.89","524.21","","1.29%"
"06/07/1999","523.79","527.09","527.27","523.44","","-0.58%"
"06/04/1999","526.84","522.45","526.84","522.00","","0.94%"
"06/03/1999","521.95","523.11","526.79","521.03","","-0.02%"
"06/02/1999","522.05","521.05","523.42","513.67","","0.26%"
"06/01/1999","520.68","523.84","523.84","512.06","","-0.65%"
"05/31/1999","524.10","519.01","524.51","519.01","","1.03%"
"05/28/1999","518.76","506.74","520.18","506.60","","2.41%"
"05/27/1999","506.57","518.38","526.41","504.43","","-2.37%"
"05/26/1999","518.88","497.25","519.26","492.92","","4.31%"
"05/24/1999","497.42","511.36","522.78","496.46","","-2.70%"
"05/21/1999","511.20","535.47","540.22","508.48","","-4.31%"
"05/20/1999","534.20","525.16","535.26","524.52","","1.19%"
"05/19/1999","527.90","551.93","553.14","523.43","","-4.30%"
"05/18/1999","551.60","541.38","552.41","541.17","","2.17%"
"05/17/1999","539.90","545.41","545.41","533.24","","-1.13%"
"05/14/1999","546.05","545.75","549.64","532.89","","-0.11%"
"05/13/1999","546.64","538.05","557.80","538.05","","1.60%"
"05/12/1999","538.05","561.83","561.93","537.82","","-4.33%"
"05/11/1999","562.40","581.13","583.34","561.32","","-3.10%"
"05/10/1999","580.37","590.14","592.13","577.47","","-1.63%"
"05/07/1999","590.00","604.10","604.10","585.53","","-2.33%"
"05/06/1999","604.10","598.01","607.57","596.72","","1.09%"
"05/05/1999","597.58","577.93","597.58","577.23","","3.40%"
"05/04/1999","577.93","574.29","578.83","570.22","","0.65%"
"05/03/1999","574.19","563.96","575.79","563.96","","1.87%"
"04/30/1999","563.67","520.63","575.70","520.63","","9.59%"
"04/29/1999","514.34","508.00","519.73","508.00","","1.55%"
"04/28/1999","506.49","503.47","515.94","503.47","","0.61%"
"04/27/1999","503.40","506.14","507.64","499.24","","-0.47%"
"04/26/1999","505.78","510.52","511.34","505.78","","-0.52%"
"04/23/1999","508.44","514.45","517.02","506.16","","-1.50%"
"04/22/1999","516.18","512.57","521.91","510.26","","0.93%"
"04/21/1999","511.42","503.05","511.82","502.65","","1.53%"
"04/20/1999","503.71","509.36","512.12","498.72","","-1.11%"
"04/19/1999","509.36","494.54","537.56","494.54","","3.14%"
"04/16/1999","493.87","459.18","493.87","458.13","","7.82%"
"04/15/1999","458.04","444.86","458.08","442.03","","3.05%"
"04/14/1999","444.50","442.62","446.43","442.45","","0.56%"
"04/13/1999","442.03","443.53","446.42","435.55","","-0.44%"
"04/12/1999","443.99","444.14","445.08","437.84","","-0.09%"
"04/09/1999","444.41","448.93","448.93","436.47","","-1.01%"
"04/08/1999","448.93","450.51","455.83","447.63","","-0.23%"
"04/07/1999","449.97","440.07","449.97","440.07","","2.35%"
"04/06/1999","439.64","439.01","445.48","438.15","","0.38%"
"04/05/1999","437.97","420.01","437.97","420.01","","4.33%"
"03/31/1999","419.78","419.02","422.49","417.18","","0.18%"
"03/30/1999","419.02","415.82","424.76","415.82","","0.84%"
"03/29/1999","415.51","406.68","416.66","406.68","","2.12%"
"03/26/1999","406.88","412.31","412.77","405.90","","-1.32%"
"03/25/1999","412.31","399.90","413.31","399.86","","3.22%"
"03/24/1999","399.44","401.36","403.81","398.63","","-0.48%"
"03/23/1999","401.36","401.85","402.06","399.71","","-0.12%"
"03/22/1999","401.85","410.61","410.68","401.62","","-2.00%"
"03/19/1999","410.04","412.64","417.17","409.26","","-0.65%"
"03/18/1999","412.73","412.03","415.12","408.33","","0.19%"
"03/17/1999","411.96","411.66","413.40","409.67","","-0.40%"
"03/16/1999","413.60","417.40","421.39","412.06","","-0.91%"
"03/15/1999","417.40","408.67","417.46","408.67","","2.32%"
"03/12/1999","407.94","410.68","411.73","405.35","","-0.70%"
"03/11/1999","410.81","405.50","414.94","405.50","","1.80%"
"03/10/1999","403.56","391.25","403.93","391.25","","3.20%"
"03/09/1999","391.06","388.63","391.31","386.74","","0.68%"
"03/08/1999","388.43","386.90","388.54","383.85","","0.26%"
"03/05/1999","387.41","383.83","390.89","383.83","","0.93%"
"03/04/1999","383.83","376.03","384.21","376.03","","2.41%"
"03/03/1999","374.78","379.71","381.08","372.47","","-1.30%"
"03/02/1999","379.71","381.04","384.44","379.26","","-0.66%"
"03/01/1999","382.25","380.88","384.37","379.70","","0.39%"
"02/26/1999","380.75","374.56","380.80","374.41","","1.59%"
"02/25/1999","374.79","378.55","378.55","371.31","","-1.12%"
"02/24/1999","379.04","382.45","384.67","378.78","","-0.83%"
"02/23/1999","382.20","388.15","388.15","380.85","","-1.84%"
"02/22/1999","389.36","391.09","392.73","388.16","","-0.44%"
"02/19/1999","391.09","385.09","391.77","384.34","","1.74%"
"02/18/1999","384.39","382.10","384.73","381.05","","0.60%"
"02/17/1999","382.10","390.15","392.30","380.50","","-2.10%"
"02/16/1999","390.30","390.09","395.53","389.93","","0.08%"
"02/15/1999","390.00","387.38","390.23","386.63","","0.68%"
"02/12/1999","387.38","391.84","391.84","385.56","","-1.08%"
"02/11/1999","391.62","382.43","392.25","382.43","","2.54%"
"02/10/1999","381.91","382.87","383.42","379.69","","-0.25%"
"02/09/1999","382.87","391.21","391.21","382.61","","-2.17%"
"02/08/1999","391.35","394.66","395.39","387.76","","-0.78%"
"02/05/1999","394.44","395.43","395.43","390.80","","-0.62%"
"02/04/1999","396.89","394.51","399.07","388.06","","0.11%"
"02/03/1999","396.45","397.88","407.44","395.92","","0.08%"
"02/02/1999","396.14","392.30","398.52","389.28","","1.01%"
"02/01/1999","392.17","372.21","392.17","371.48","","5.45%"
"01/29/1999","371.90","368.19","375.29","364.65","","1.18%"
"01/28/1999","367.58","369.68","375.16","365.82","","-0.24%"
"01/27/1999","368.47","361.90","368.62","361.07","","1.86%"
"01/26/1999","361.73","358.83","362.21","358.46","","0.81%"
"01/25/1999","358.83","359.46","360.87","356.24","","-0.18%"
"01/22/1999","359.46","356.71","363.07","345.54","","0.55%"
"01/21/1999","357.50","378.48","379.10","353.64","","-6.16%"
"01/20/1999","380.95","380.63","390.16","379.38","","0.11%"
"01/19/1999","380.55","372.60","380.55","367.22","","1.85%"
"01/18/1999","373.63","383.34","388.02","371.08","","-2.29%"
"01/15/1999","382.37","347.54","386.40","347.54","","12.26%"
"01/14/1999","340.61","356.40","359.35","333.00","","-4.37%"
"01/13/1999","356.16","388.29","388.29","353.95","","-10.24%"
"01/12/1999","396.78","408.44","408.97","394.20","","-3.49%"
"01/11/1999","411.11","423.97","426.23","411.00","","-3.68%"
"01/08/1999","426.81","439.37","444.37","421.88","","-2.75%"
"01/07/1999","438.86","442.64","442.64","431.52","","-1.18%"
"01/06/1999","444.10","439.37","451.97","439.37","","1.43%"
"01/05/1999","437.83","433.51","445.52","433.51","","1.03%"
"01/04/1999","433.36","430.06","440.78","430.06","","0.77%"
"12/30/1998","430.06","433.44","433.44","426.91","","-0.78%"
"12/29/1998","433.44","432.99","433.68","426.42","","-0.13%"
"12/28/1998","434.00","445.46","445.61","431.90","","-2.18%"
"12/24/1998","443.69","442.54","443.69","440.74","","0.66%"
"12/23/1998","440.77","436.59","444.88","436.59","","0.98%"
"12/22/1998","436.51","436.42","438.19","432.43","","0.02%"
"12/21/1998","436.42","424.65","437.19","424.52","","2.91%"
"12/18/1998","424.06","418.07","426.23","417.27","","1.39%"
"12/17/1998","418.26","427.11","432.65","417.52","","-2.18%"
"12/16/1998","427.60","424.66","430.30","417.87","","0.91%"
"12/15/1998","423.73","410.58","423.73","410.58","","3.44%"
"12/14/1998","409.65","433.35","433.99","409.22","","-5.87%"
"12/11/1998","435.18","436.52","436.85","427.01","","-0.68%"
"12/10/1998","438.15","446.67","451.38","434.95","","-1.83%"
"12/09/1998","446.31","452.94","452.94","438.44","","-1.46%"
"12/07/1998","452.94","451.04","454.25","449.25","","0.52%"
"12/04/1998","450.59","455.48","463.46","444.11","","-0.56%"
"12/03/1998","453.12","482.87","482.87","452.71","","-6.55%"
"12/02/1998","484.88","491.20","492.14","477.07","","-1.29%"
"12/01/1998","491.20","487.71","491.20","472.35","","0.49%"
"11/30/1998","488.80","511.86","513.72","487.66","","-5.55%"
"11/27/1998","517.54","519.38","524.67","515.79","","-0.34%"
"11/26/1998","519.32","518.23","522.81","517.53","","0.10%"
"11/25/1998","518.78","512.71","523.52","509.53","","1.15%"
"11/24/1998","512.87","504.07","514.23","493.57","","1.75%"
"11/23/1998","504.07","503.28","506.75","497.92","","0.42%"
"11/20/1998","501.94","486.01","501.94","486.01","","3.79%"
"11/19/1998","483.60","477.57","483.95","477.38","","1.19%"
"11/18/1998","477.93","477.12","478.30","472.37","","0.19%"
"11/17/1998","477.02","478.04","480.67","473.65","","-0.09%"
"11/16/1998","477.43","472.14","478.07","471.39","","1.13%"
"11/13/1998","472.08","465.92","478.33","465.92","","1.72%"
"11/12/1998","464.09","477.34","479.45","463.66","","-2.81%"
"11/11/1998","477.53","477.66","481.98","476.43","","0.36%"
"11/10/1998","475.83","469.85","475.83","463.32","","0.88%"
"11/09/1998","471.68","493.72","493.72","471.68","","-4.51%"
"11/06/1998","493.96","500.48","503.81","490.94","","-1.26%"
"11/05/1998","500.24","490.67","500.75","484.62","","1.50%"
"11/04/1998","492.86","486.98","505.11","486.98","","1.42%"
"11/03/1998","485.98","475.14","488.44","468.94","","2.41%"
"11/02/1998","474.53","457.63","474.53","457.63","","3.73%"
"10/30/1998","457.46","448.00","462.09","447.04","","2.96%"
"10/29/1998","444.29","439.26","444.29","434.95","","0.46%"
"10/28/1998","442.27","458.20","460.52","442.27","","-3.63%"
"10/27/1998","458.93","450.66","458.93","448.95","","1.81%"
"10/26/1998","450.76","455.42","460.69","449.91","","-0.96%"
"10/23/1998","455.12","461.53","470.94","451.86","","-1.78%"
"10/22/1998","463.36","443.78","465.03","442.37","","4.38%"
"10/21/1998","443.92","435.54","443.96","432.39","","1.92%"
"10/20/1998","435.54","425.59","443.23","425.59","","2.73%"
"10/19/1998","423.95","422.56","429.63","422.56","","0.40%"
"10/16/1998","422.25","428.04","433.08","420.70","","-1.35%"
"10/15/1998","428.04","395.78","432.10","392.89","","8.03%"
"10/14/1998","396.21","393.84","404.12","391.54","","0.56%"
"10/13/1998","393.99","385.67","398.27","385.67","","2.22%"
"10/09/1998","385.45","364.73","385.72","362.98","","5.95%"
"10/08/1998","363.82","359.11","363.82","347.11","","0.94%"
"10/07/1998","360.44","368.69","370.63","355.70","","-2.29%"
"10/06/1998","368.88","367.12","380.54","367.12","","0.81%"
"10/05/1998","365.90","370.89","372.89","357.18","","-2.19%"
"10/02/1998","374.10","351.10","374.10","351.10","","6.60%"
"10/01/1998","350.94","379.66","379.66","350.94","","-7.72%"
"09/30/1998","380.28","397.57","397.57","380.05","","-4.31%"
"09/29/1998","397.42","400.29","400.53","390.57","","-0.58%"
"09/28/1998","399.72","389.52","406.30","389.52","","2.69%"
"09/25/1998","389.25","382.46","392.18","374.97","","1.48%"
"09/24/1998","383.59","398.87","401.26","381.60","","-3.89%"
"09/23/1998","399.13","369.11","399.13","369.11","","8.24%"
"09/22/1998","368.76","356.86","371.74","356.86","","3.53%"
"09/21/1998","356.18","359.30","359.30","348.75","","-0.88%"
"09/18/1998","359.34","349.44","359.34","349.44","","2.92%"
"09/17/1998","349.16","367.44","367.44","347.88","","-5.27%"
"09/16/1998","368.60","370.02","380.52","357.59","","-0.37%"
"09/15/1998","369.97","339.40","382.40","336.06","","8.90%"
"09/14/1998","339.73","321.99","339.73","321.99","","5.45%"
"09/11/1998","322.18","300.69","324.84","299.51","","6.78%"
"09/10/1998","301.73","347.16","347.16","301.73","","-13.32%"
"09/09/1998","348.11","364.66","366.31","345.29","","-4.64%"
"09/08/1998","365.04","375.69","384.39","361.75","","-2.89%"
"09/07/1998","375.91","356.10","375.91","355.64","","5.90%"
"09/04/1998","354.96","366.60","371.38","345.59","","-3.38%"
"09/03/1998","367.36","389.40","389.40","365.98","","-5.90%"
"09/02/1998","390.40","390.26","405.56","387.96","","0.10%"
"09/01/1998","390.01","359.40","390.28","357.66","","8.79%"
"08/31/1998","358.49","365.04","370.63","357.82","","-1.67%"
"08/28/1998","364.56","361.53","365.16","348.00","","0.97%"
"08/27/1998","361.05","400.71","402.49","360.89","","-10.63%"
"08/26/1998","404.01","414.89","414.89","399.12","","-2.69%"
"08/25/1998","415.19","409.88","429.54","409.88","","1.50%"
"08/24/1998","409.07","407.79","410.76","404.59","","0.45%"
"08/21/1998","407.22","441.51","441.51","399.80","","-7.83%"
"08/20/1998","441.83","470.65","470.65","441.83","","-6.14%"
"08/19/1998","470.74","471.46","475.26","468.52","","-0.12%"
"08/18/1998","471.32","482.49","482.49","466.18","","-2.53%"
"08/14/1998","483.53","480.82","487.18","480.75","","0.58%"
"08/13/1998","480.74","485.53","487.74","479.52","","-0.93%"
"08/12/1998","485.23","489.77","498.52","477.78","","-0.90%"
"08/11/1998","489.66","510.64","510.74","474.45","","-4.36%"
"08/10/1998","511.97","531.85","532.55","511.65","","-3.93%"
"08/07/1998","532.93","551.51","552.22","528.82","","-3.32%"
"08/06/1998","551.22","554.41","554.41","544.16","","-0.24%"
"08/05/1998","552.57","552.53","553.24","538.07","","0.06%"
"08/04/1998","552.26","575.31","575.82","552.26","","-4.13%"
"08/03/1998","576.06","588.66","588.83","576.06","","-2.16%"
"07/31/1998","588.79","601.22","601.26","588.79","","-2.10%"
"07/30/1998","601.43","596.72","603.04","596.72","","0.79%"
"07/29/1998","596.72","598.78","602.81","596.01","","-0.26%"
"07/28/1998","598.30","605.87","606.01","592.14","","-1.23%"
"07/27/1998","605.74","608.38","608.38","601.17","","-0.57%"
"07/24/1998","609.24","604.76","609.96","598.57","","0.89%"
"07/23/1998","603.88","615.64","615.64","602.46","","-1.93%"
"07/22/1998","615.75","617.47","617.47","609.58","","-0.30%"
"07/21/1998","617.58","633.51","634.27","617.47","","-2.48%"
"07/20/1998","633.29","628.73","634.89","626.21","","0.75%"
"07/17/1998","628.59","616.26","628.65","615.66","","1.89%"
"07/16/1998","616.91","621.67","626.45","616.91","","-0.77%"
"07/15/1998","621.70","622.96","623.92","618.01","","-0.22%"
"07/14/1998","623.04","623.81","630.82","621.67","","-0.10%"
"07/13/1998","623.64","612.33","626.88","612.33","","1.77%"
"07/10/1998","612.80","616.05","616.33","608.96","","-0.63%"
"07/08/1998","616.71","614.77","617.47","611.98","","0.35%"
"07/07/1998","614.58","592.19","614.86","591.33","","3.78%"
"07/06/1998","592.19","585.81","592.19","585.57","","1.15%"
"07/03/1998","585.43","579.04","585.43","578.85","","1.10%"
"07/02/1998","579.04","572.50","579.12","572.07","","1.16%"
"07/01/1998","572.39","550.62","572.56","550.45","","3.99%"
"06/30/1998","550.44","547.95","551.40","547.95","","0.48%"
"06/29/1998","547.79","540.99","547.81","540.99","","1.34%"
"06/26/1998","540.56","542.88","543.31","539.34","","-0.47%"
"06/25/1998","543.09","555.35","557.63","542.52","","-2.23%"
"06/24/1998","555.50","562.89","563.72","553.59","","-1.26%"
"06/23/1998","562.59","554.77","563.01","554.77","","1.54%"
"06/22/1998","554.05","561.51","562.20","554.05","","-1.35%"
"06/19/1998","561.61","563.05","567.83","560.89","","-0.02%"
"06/18/1998","561.73","571.10","571.10","560.24","","-1.66%"
"06/17/1998","571.23","538.79","573.47","538.79","","6.11%"
"06/16/1998","538.36","566.51","566.51","537.92","","-4.98%"
"06/12/1998","566.59","560.63","566.59","551.35","","1.04%"
"06/11/1998","560.78","574.34","574.34","559.99","","-2.31%"
"06/10/1998","574.04","596.44","596.44","572.88","","-3.88%"
"06/09/1998","597.21","614.78","614.78","597.03","","-2.93%"
"06/05/1998","615.22","606.16","617.48","604.42","","1.79%"
"06/04/1998","604.42","598.31","604.42","597.43","","1.02%"
"06/03/1998","598.31","600.52","606.80","597.29","","-0.39%"
"06/02/1998","600.68","589.78","604.14","589.78","","1.91%"
"06/01/1998","589.42","599.12","601.76","587.91","","-2.09%"
"05/29/1998","602.01","609.58","609.72","599.67","","-1.24%"
"05/28/1998","609.56","602.77","613.48","601.93","","1.08%"
"05/27/1998","603.07","594.43","603.23","588.49","","1.19%"
"05/26/1998","595.97","626.40","626.40","595.72","","-4.86%"
"05/22/1998","626.39","642.82","642.82","625.55","","-2.59%"
"05/21/1998","643.06","642.66","644.88","636.98","","0.09%"
"05/20/1998","642.45","636.30","642.54","629.63","","1.13%"
"05/19/1998","635.27","638.05","644.09","632.13","","-0.27%"
"05/18/1998","637.02","668.38","668.38","636.55","","-4.78%"
"05/15/1998","669.00","664.46","669.75","664.35","","0.70%"
"05/14/1998","664.36","671.00","674.20","664.36","","-0.99%"
"05/13/1998","671.03","683.61","684.14","670.07","","-1.82%"
"05/12/1998","683.49","680.54","683.49","668.33","","0.47%"
"05/11/1998","680.30","694.35","695.92","678.17","","-1.94%"
"05/08/1998","693.74","691.57","702.58","691.57","","0.34%"
"05/07/1998","691.42","701.47","701.47","688.84","","-1.45%"
"05/06/1998","701.59","705.86","707.20","701.35","","-0.60%"
"05/05/1998","705.80","701.67","705.80","699.52","","0.55%"
"05/04/1998","701.91","700.13","713.16","700.13","","0.43%"
"04/30/1998","698.90","692.68","705.00","692.68","","0.93%"
"04/29/1998","692.44","684.24","694.05","684.21","","1.29%"
"04/28/1998","683.64","677.25","683.64","676.99","","1.03%"
"04/27/1998","676.66","701.21","701.21","671.82","","-3.50%"
"04/24/1998","701.21","703.64","704.28","695.73","","-0.35%"
"04/23/1998","703.67","710.66","712.71","701.78","","-0.98%"
"04/22/1998","710.66","703.90","711.20","701.01","","0.99%"
"04/21/1998","703.68","699.63","704.36","699.26","","0.58%"
"04/20/1998","699.63","693.49","700.51","692.55","","0.92%"
"04/17/1998","693.22","680.65","697.58","680.65","","1.84%"
"04/16/1998","680.69","683.06","683.16","679.83","","-0.35%"
"04/15/1998","683.06","677.11","683.59","675.77","","0.86%"
"04/14/1998","677.21","664.64","678.60","664.64","","1.89%"
"04/13/1998","664.64","660.92","664.64","657.64","","0.58%"
"04/08/1998","660.83","658.90","665.61","657.98","","0.31%"
"04/07/1998","658.80","678.07","678.07","658.71","","-2.84%"
"04/06/1998","678.07","684.03","685.29","678.03","","-0.86%"
"04/03/1998","683.95","705.94","706.95","681.88","","-3.12%"
"04/02/1998","705.96","710.61","714.19","705.30","","-0.66%"
"04/01/1998","710.66","710.28","710.78","707.19","","0.10%"
"03/31/1998","709.97","716.71","720.73","708.92","","-0.83%"
"03/30/1998","715.93","710.04","715.93","703.95","","0.80%"
"03/27/1998","710.28","713.65","720.19","708.55","","-0.46%"
"03/26/1998","713.54","697.38","713.54","697.38","","2.13%"
"03/25/1998","698.69","708.19","715.86","698.13","","-1.35%"
"03/24/1998","708.26","705.99","709.99","704.25","","0.34%"
"03/23/1998","705.88","688.38","705.88","688.38","","2.57%"
"03/20/1998","688.19","676.91","688.19","676.91","","1.65%"
"03/19/1998","676.99","674.56","676.99","671.58","","0.36%"
"03/18/1998","674.53","669.15","675.40","668.94","","0.58%"
"03/17/1998","670.62","677.09","677.09","664.89","","-0.95%"
"03/16/1998","677.03","675.50","677.76","675.10","","0.28%"
"03/13/1998","675.13","674.27","678.82","674.27","","0.17%"
"03/12/1998","673.98","670.33","676.21","668.73","","0.56%"
"03/11/1998","670.26","663.52","671.02","663.52","","1.02%"
"03/10/1998","663.52","659.17","666.03","659.17","","0.69%"
"03/09/1998","658.99","666.77","667.90","657.45","","-1.19%"
"03/06/1998","666.96","662.74","670.72","662.17","","0.71%"
"03/05/1998","662.29","675.51","675.51","661.64","","-2.07%"
"03/04/1998","676.28","676.33","677.42","673.10","","-0.01%"
"03/03/1998","676.33","683.97","684.09","674.99","","-1.12%"
"03/02/1998","683.97","687.42","690.12","681.98","","-0.39%"
"02/27/1998","686.64","681.85","686.64","681.05","","0.61%"
"02/26/1998","682.51","691.53","692.82","680.66","","-1.18%"
"02/25/1998","690.64","682.73","690.69","682.73","","1.22%"
"02/24/1998","682.34","680.56","682.34","676.91","","0.26%"
"02/23/1998","680.56","675.57","680.56","673.04","","0.77%"
"02/20/1998","675.33","673.85","675.33","669.56","","0.22%"
"02/19/1998","673.85","666.71","674.01","662.95","","1.06%"
"02/18/1998","666.76","670.02","670.02","664.53","","-0.49%"
"02/17/1998","670.02","673.64","682.56","669.94","","-0.48%"
"02/16/1998","673.26","674.46","675.19","668.98","","-0.18%"
"02/13/1998","674.46","676.83","678.65","671.60","","-0.62%"
"02/12/1998","678.65","676.66","679.23","671.64","","0.12%"
"02/11/1998","677.83","670.34","678.22","666.75","","1.06%"
"02/10/1998","670.73","658.96","671.91","657.01","","1.78%"
"02/09/1998","659.00","658.28","660.35","653.18","","0.15%"
"02/06/1998","658.00","655.93","662.78","655.65","","0.32%"
"02/05/1998","655.93","661.95","671.56","654.80","","-0.92%"
"02/04/1998","662.02","654.36","663.24","651.87","","1.17%"
"02/03/1998","654.36","642.62","654.69","641.01","","1.82%"
"02/02/1998","642.67","614.71","642.99","614.71","","4.95%"
"01/30/1998","612.38","624.97","625.32","611.59","","-2.01%"
"01/29/1998","624.97","629.70","635.19","621.62","","-0.75%"
"01/28/1998","629.70","628.40","634.88","628.40","","0.19%"
"01/27/1998","628.51","611.97","628.71","611.90","","2.75%"
"01/26/1998","611.69","608.69","615.33","608.69","","0.46%"
"01/23/1998","608.90","611.00","616.36","607.57","","-0.31%"
"01/22/1998","610.78","614.98","614.98","607.24","","-0.77%"
"01/21/1998","615.54","627.03","627.05","614.17","","-1.84%"
"01/20/1998","627.05","628.24","628.24","620.76","","-0.25%"
"01/19/1998","628.65","614.70","628.87","614.70","","2.32%"
"01/16/1998","614.42","600.99","615.87","600.99","","2.33%"
"01/15/1998","600.42","609.32","609.50","600.23","","-1.54%"
"01/14/1998","609.79","604.55","610.82","604.55","","1.06%"
"01/13/1998","603.38","582.92","605.11","582.92","","4.07%"
"01/12/1998","579.81","589.20","589.20","574.82","","-1.76%"
"01/09/1998","590.17","627.13","627.88","589.05","","-5.86%"
"01/08/1998","626.92","647.38","647.79","626.92","","-3.24%"
"01/07/1998","647.93","650.37","650.37","639.19","","-0.38%"
"01/06/1998","650.37","679.85","679.92","650.01","","-4.51%"
"01/05/1998","681.10","694.11","694.11","681.10","","-1.86%"
"01/02/1998","694.01","687.50","694.01","686.68","","0.95%"
"12/30/1997","687.50","669.17","687.50","669.17","","2.79%"
"12/29/1997","668.84","644.67","668.84","644.67","","3.80%"
"12/26/1997","644.34","641.75","644.65","640.98","","0.48%"
"12/24/1997","641.24","642.92","643.37","640.38","","-0.22%"
"12/23/1997","642.64","648.63","650.16","642.64","","-0.90%"
"12/22/1997","648.45","645.62","649.26","644.07","","0.49%"
"12/19/1997","645.31","654.65","654.80","639.61","","-1.60%"
"12/18/1997","655.80","667.21","669.94","655.36","","-1.98%"
"12/17/1997","669.06","674.68","678.50","665.75","","-0.83%"
"12/16/1997","674.68","673.10","684.89","673.10","","0.22%"
"12/15/1997","673.18","653.29","673.18","653.29","","3.04%"
"12/12/1997","653.29","662.84","663.55","649.56","","-1.45%"
"12/11/1997","662.93","672.64","672.64","644.56","","-1.46%"
"12/10/1997","672.77","703.58","703.58","668.66","","-4.41%"
"12/09/1997","703.78","724.09","724.09","703.68","","-2.76%"
"12/05/1997","723.77","712.36","723.98","708.52","","1.57%"
"12/04/1997","712.58","706.01","716.36","706.01","","1.02%"
"12/03/1997","705.36","689.06","706.04","685.34","","2.39%"
"12/02/1997","688.90","680.44","699.39","680.24","","1.27%"
"12/01/1997","680.29","656.24","680.29","656.24","","3.77%"
"11/28/1997","655.60","658.55","658.55","652.09","","-0.52%"
"11/27/1997","659.04","649.08","659.04","648.27","","1.62%"
"11/26/1997","648.53","635.36","648.53","634.79","","2.41%"
"11/25/1997","633.25","622.14","633.25","617.29","","1.79%"
"11/24/1997","622.14","649.41","649.41","620.79","","-4.27%"
"11/21/1997","649.90","630.74","650.78","630.41","","3.11%"
"11/20/1997","630.28","622.42","637.86","622.11","","1.51%"
"11/19/1997","620.88","598.50","621.55","598.50","","3.74%"
"11/18/1997","598.50","609.09","609.22","590.05","","-1.85%"
"11/17/1997","609.78","608.27","622.79","608.27","","0.58%"
"11/14/1997","606.27","593.30","608.92","593.30","","2.19%"
"11/13/1997","593.26","576.32","593.26","556.72","","2.94%"
"11/12/1997","576.32","602.16","604.01","572.59","","-4.89%"
"11/11/1997","605.97","614.98","615.87","588.61","","-1.33%"
"11/10/1997","614.12","652.00","652.00","613.72","","-5.69%"
"11/07/1997","651.18","685.77","685.77","642.07","","-5.09%"
"11/06/1997","686.11","681.44","686.11","670.53","","0.73%"
"11/05/1997","681.12","706.09","710.48","676.73","","-3.54%"
"11/04/1997","706.09","686.59","706.09","685.03","","2.83%"
"11/03/1997","686.66","663.61","686.66","662.68","","4.00%"
"10/31/1997","660.24","633.31","664.18","630.11","","4.59%"
"10/30/1997","631.25","692.65","692.65","628.70","","-9.12%"
"10/29/1997","694.60","720.53","738.69","692.33","","-3.46%"
"10/28/1997","719.53","678.69","719.53","650.88","","6.08%"
"10/27/1997","678.29","777.59","777.59","677.74","","-13.73%"
"10/24/1997","786.21","820.67","820.67","784.99","","-4.17%"
"10/23/1997","820.46","861.53","861.59","818.75","","-4.88%"
"10/22/1997","862.59","857.62","862.91","852.18","","0.58%"
"10/21/1997","857.62","843.72","859.15","843.72","","1.69%"
"10/20/1997","843.40","821.84","843.65","821.84","","2.65%"
"10/17/1997","821.60","828.52","828.52","812.40","","-0.92%"
"10/16/1997","829.27","832.94","840.50","827.56","","-0.44%"
"10/15/1997","832.94","826.87","834.45","826.82","","0.73%"
"10/14/1997","826.93","821.37","827.00","819.87","","0.70%"
"10/13/1997","821.19","825.50","826.34","820.63","","-0.49%"
"10/10/1997","825.24","834.04","834.04","823.26","","-1.06%"
"10/09/1997","834.04","830.53","834.04","826.86","","0.43%"
"10/08/1997","830.51","842.89","842.89","829.57","","-1.47%"
"10/07/1997","842.93","836.98","845.24","836.98","","0.64%"
"10/06/1997","837.60","834.04","837.77","834.04","","0.42%"
"10/03/1997","834.09","835.07","838.13","827.74","","-0.06%"
"10/02/1997","834.63","832.44","838.79","832.36","","0.28%"
"10/01/1997","832.34","822.50","833.26","822.50","","1.20%"
"09/30/1997","822.47","825.58","825.58","821.58","","-0.39%"
"09/29/1997","825.71","826.30","826.30","822.85","","-0.02%"
"09/26/1997","825.91","818.48","833.12","818.48","","0.94%"
"09/25/1997","818.19","817.24","818.19","812.74","","0.11%"
"09/24/1997","817.31","809.97","821.74","809.97","","1.00%"
"09/23/1997","809.21","808.30","809.21","800.17","","0.18%"
"09/22/1997","807.79","812.19","814.93","807.75","","-0.56%"
"09/19/1997","812.32","820.91","820.91","811.98","","-1.04%"
"09/18/1997","820.84","821.66","832.04","820.71","","-0.09%"
"09/17/1997","821.58","821.77","824.53","817.66","","0.12%"
"09/16/1997","820.62","801.70","821.06","801.70","","2.46%"
"09/15/1997","800.90","816.02","816.02","800.90","","-1.83%"
"09/12/1997","815.87","796.85","816.13","796.81","","2.39%"
"09/11/1997","796.85","805.13","805.39","789.52","","-1.41%"
"09/10/1997","808.26","830.56","830.56","808.26","","-2.81%"
"09/09/1997","831.59","832.38","835.66","831.10","","-0.07%"
"09/08/1997","832.16","832.12","834.04","829.38","","0.02%"
"09/05/1997","831.97","831.82","832.12","822.57","","0.02%"
"09/04/1997","831.82","834.69","835.26","826.37","","-0.28%"
"09/03/1997","834.18","828.74","841.74","828.67","","0.89%"
"09/02/1997","826.83","810.31","828.19","810.31","","2.07%"
"09/01/1997","810.05","830.90","830.90","806.22","","-2.75%"
"08/29/1997","832.93","863.83","863.83","832.18","","-3.74%"
"08/28/1997","865.30","861.27","866.73","856.40","","0.40%"
"08/27/1997","861.85","847.47","861.85","847.33","","1.81%"
"08/26/1997","846.52","846.98","850.01","844.74","","-0.05%"
"08/25/1997","846.91","844.86","852.32","844.79","","0.37%"
"08/22/1997","843.80","861.05","861.05","839.93","","-2.12%"
"08/21/1997","862.06","866.62","867.01","858.60","","-0.51%"
"08/20/1997","866.47","850.01","869.45","850.01","","1.94%"
"08/19/1997","850.01","838.35","850.09","838.35","","1.35%"
"08/15/1997","838.71","840.13","844.04","835.85","","-0.21%"
"08/14/1997","840.45","837.81","841.45","835.00","","0.42%"
"08/13/1997","836.94","840.68","844.48","836.94","","-0.49%"
"08/12/1997","841.05","854.13","856.17","841.05","","-1.43%"
"08/11/1997","853.29","850.69","854.29","842.57","","0.30%"
"08/08/1997","850.73","849.23","850.73","836.47","","0.10%"
"08/07/1997","849.88","857.70","860.22","847.18","","-0.88%"
"08/06/1997","857.44","839.50","857.44","839.50","","2.23%"
"08/05/1997","838.71","833.40","842.00","833.38","","0.72%"
"08/04/1997","832.72","840.02","840.02","822.59","","-0.99%"
"08/01/1997","841.08","849.36","849.36","834.49","","-1.05%"
"07/31/1997","850.03","847.42","852.68","845.23","","0.33%"
"07/30/1997","847.24","849.66","856.14","844.80","","-0.21%"
"07/29/1997","849.02","852.56","859.17","848.30","","-0.37%"
"07/28/1997","852.20","840.26","852.35","840.26","","1.31%"
"07/25/1997","841.19","836.12","845.01","835.85","","0.61%"
"07/24/1997","836.12","821.70","838.57","815.02","","1.75%"
"07/23/1997","821.70","814.00","823.57","814.00","","1.01%"
"07/22/1997","813.47","791.35","813.47","791.35","","2.88%"
"07/21/1997","790.70","802.11","802.11","784.28","","-1.42%"
"07/18/1997","802.11","814.39","814.39","800.26","","-1.62%"
"07/17/1997","815.35","826.37","830.06","811.20","","-1.33%"
"07/16/1997","826.37","806.59","826.37","806.59","","2.28%"
"07/15/1997","807.91","835.37","835.37","803.25","","-3.38%"
"07/14/1997","836.14","850.62","854.40","833.19","","-1.70%"
"07/11/1997","850.62","845.23","857.32","845.23","","0.59%"
"07/10/1997","845.62","846.37","849.69","841.35","","-0.08%"
"07/08/1997","846.33","841.83","849.64","841.83","","0.55%"
"07/07/1997","841.69","838.14","848.74","838.14","","0.45%"
"07/04/1997","837.95","831.71","837.95","830.97","","0.78%"
"07/03/1997","831.44","823.91","831.86","823.91","","0.89%"
"07/02/1997","824.11","818.67","825.09","818.67","","0.70%"
"07/01/1997","818.40","810.32","820.67","810.32","","1.11%"
"06/30/1997","809.41","808.36","809.57","803.32","","-0.06%"
"06/27/1997","809.93","811.55","817.65","808.48","","-0.23%"
"06/26/1997","811.83","820.51","820.51","810.55","","-1.01%"
"06/25/1997","820.14","825.04","830.16","817.22","","-0.63%"
"06/24/1997","825.33","814.44","826.48","813.67","","1.34%"
"06/23/1997","814.39","821.93","821.93","814.39","","-0.99%"
"06/20/1997","822.50","827.05","828.34","822.12","","-0.44%"
"06/19/1997","826.12","817.17","827.69","817.17","","1.11%"
"06/18/1997","817.02","801.51","817.28","800.24","","2.01%"
"06/17/1997","800.96","813.40","813.40","798.59","","-1.53%"
"06/13/1997","813.40","813.00","815.34","811.24","","-0.14%"
"06/12/1997","814.50","803.85","814.85","803.85","","1.36%"
"06/11/1997","803.57","805.45","805.59","798.45","","-0.23%"
"06/10/1997","805.45","803.61","805.45","801.53","","0.31%"
"06/06/1997","802.95","788.79","802.95","788.79","","1.79%"
"06/05/1997","788.86","790.37","791.48","788.10","","-0.15%"
"06/04/1997","790.07","788.73","791.94","784.56","","0.17%"
"06/03/1997","788.73","792.58","801.35","786.81","","-0.42%"
"06/02/1997","792.09","778.93","792.09","778.93","","1.80%"
"05/30/1997","778.08","767.46","780.65","767.46","","1.40%"
"05/29/1997","767.31","760.00","767.63","757.75","","0.97%"
"05/28/1997","759.91","765.25","765.25","758.99","","-0.70%"
"05/27/1997","765.29","769.06","769.26","762.59","","-0.47%"
"05/26/1997","768.92","767.67","770.35","766.16","","0.16%"
"05/23/1997","767.67","765.52","768.05","761.33","","0.29%"
"05/22/1997","765.42","764.82","768.23","762.08","","0.09%"
"05/21/1997","764.71","754.15","764.71","750.95","","1.42%"
"05/20/1997","754.01","744.90","754.07","744.81","","1.25%"
"05/19/1997","744.67","742.83","744.67","738.94","","0.22%"
"05/16/1997","743.03","742.55","745.08","740.88","","0.07%"
"05/15/1997","742.51","735.42","743.79","735.42","","1.08%"
"05/14/1997","734.58","730.05","735.31","726.45","","0.73%"
"05/13/1997","729.29","727.86","729.49","725.83","","0.32%"
"05/12/1997","726.96","723.68","728.55","722.54","","0.44%"
"05/09/1997","723.78","726.62","728.67","722.90","","-0.39%"
"05/08/1997","726.62","724.79","730.43","724.79","","0.25%"
"05/07/1997","724.79","733.44","733.53","723.98","","-1.26%"
"05/06/1997","734.03","738.28","738.29","733.88","","-0.58%"
"05/05/1997","738.28","732.25","738.30","727.41","","0.82%"
"05/02/1997","732.30","722.66","732.72","722.66","","1.34%"
"04/30/1997","722.60","729.14","733.60","721.89","","-0.83%"
"04/29/1997","728.66","716.90","728.66","716.90","","1.70%"
"04/28/1997","716.51","715.87","716.55","713.24","","0.14%"
"04/25/1997","715.48","705.06","715.48","703.91","","0.80%"
"04/24/1997","709.78","722.14","722.83","708.15","","-1.70%"
"04/23/1997","722.07","715.20","722.25","715.20","","1.02%"
"04/22/1997","714.77","697.85","714.77","697.85","","2.42%"
"04/21/1997","697.85","703.76","703.76","697.29","","-0.85%"
"04/18/1997","703.85","708.70","708.96","703.24","","-0.68%"
"04/17/1997","708.70","716.52","716.52","708.52","","-1.01%"
"04/16/1997","715.93","706.82","715.93","706.82","","1.31%"
"04/15/1997","706.65","689.62","707.08","689.62","","2.48%"
"04/14/1997","689.54","684.18","690.11","670.86","","0.49%"
"04/11/1997","686.15","705.76","705.76","685.99","","-2.80%"
"04/10/1997","705.91","712.40","712.40","700.49","","-0.99%"
"04/09/1997","712.98","716.73","719.50","712.66","","-0.50%"
"04/08/1997","716.54","721.84","721.84","714.90","","-0.79%"
"04/07/1997","722.21","723.20","725.46","720.52","","-0.03%"
"04/04/1997","722.42","718.14","722.67","713.31","","0.57%"
"04/03/1997","718.29","729.01","729.01","715.68","","-1.47%"
"04/02/1997","729.01","714.94","729.01","712.69","","1.92%"
"04/01/1997","715.25","706.34","715.39","702.36","","1.30%"
"03/31/1997","706.08","737.57","737.96","705.86","","-4.47%"
"03/26/1997","739.15","744.53","745.24","738.07","","-0.71%"
"03/25/1997","744.46","743.39","751.14","743.09","","0.34%"
"03/24/1997","741.91","731.12","741.91","730.76","","1.57%"
"03/21/1997","730.41","723.53","732.10","723.53","","0.95%"
"03/20/1997","723.53","708.93","723.53","708.62","","2.07%"
"03/19/1997","708.85","706.94","709.74","704.98","","0.34%"
"03/18/1997","706.47","702.63","709.65","702.63","","0.57%"
"03/17/1997","702.45","711.44","711.57","696.29","","-1.30%"
"03/14/1997","711.70","708.96","714.22","706.02","","0.41%"
"03/13/1997","708.78","717.78","717.78","701.05","","-1.28%"
"03/12/1997","717.97","726.87","729.75","717.14","","-1.21%"
"03/11/1997","726.77","741.75","741.75","726.48","","-2.05%"
"03/10/1997","742.00","730.76","742.00","730.76","","1.59%"
"03/07/1997","730.36","720.02","735.79","720.02","","1.46%"
"03/06/1997","719.82","722.41","725.47","716.50","","-0.21%"
"03/05/1997","721.30","721.00","722.43","716.44","","0.04%"
"03/04/1997","721.00","717.57","730.98","717.57","","0.63%"
"03/03/1997","716.46","717.06","717.36","703.90","","-0.17%"
"02/28/1997","717.65","723.48","723.48","710.82","","-0.90%"
"02/27/1997","724.19","742.36","743.08","722.42","","-2.45%"
"02/26/1997","742.36","753.04","753.04","734.83","","-1.37%"
"02/25/1997","752.67","758.99","759.73","748.72","","-0.86%"
"02/24/1997","759.17","741.39","759.17","741.39","","2.47%"
"02/21/1997","740.86","727.58","740.86","726.60","","1.80%"
"02/20/1997","727.76","729.92","730.08","726.26","","-0.27%"
"02/19/1997","729.72","731.82","738.73","728.69","","-0.29%"
"02/18/1997","731.82","734.19","734.38","727.24","","-0.32%"
"02/17/1997","734.19","725.39","734.19","725.39","","1.20%"
"02/14/1997","725.49","724.04","726.12","719.58","","0.14%"
"02/13/1997","724.47","718.91","724.69","718.91","","0.84%"
"02/12/1997","718.42","708.39","718.42","708.39","","1.47%"
"02/11/1997","708.02","707.63","712.38","707.40","","0.12%"
"02/10/1997","707.16","702.99","707.27","698.83","","0.59%"
"02/07/1997","702.99","698.47","704.95","698.47","","0.70%"
"02/06/1997","698.10","699.48","700.07","690.25","","-0.16%"
"02/05/1997","699.24","707.74","710.73","699.24","","-1.17%"
"02/04/1997","707.51","705.89","709.22","701.97","","0.19%"
"02/03/1997","706.19","693.06","706.22","693.06","","1.98%"
"01/31/1997","692.51","690.84","694.82","690.09","","0.48%"
"01/30/1997","689.21","677.78","689.21","677.78","","1.82%"
"01/29/1997","676.89","666.07","677.26","666.07","","1.59%"
"01/28/1997","666.30","657.24","673.61","657.24","","1.49%"
"01/27/1997","656.51","661.58","661.58","652.85","","-0.82%"
"01/24/1997","661.95","676.95","676.95","658.84","","-2.26%"
"01/23/1997","677.29","679.57","683.04","677.15","","-0.32%"
"01/22/1997","679.47","686.61","688.53","678.82","","-1.04%"
"01/21/1997","686.61","686.74","693.08","686.02","","0.01%"
"01/20/1997","686.56","681.25","686.56","678.63","","0.82%"
"01/17/1997","680.98","686.43","687.24","679.50","","-0.74%"
"01/16/1997","686.04","691.73","698.04","682.75","","-0.82%"
"01/15/1997","691.73","688.39","691.96","685.10","","0.49%"
"01/14/1997","688.39","674.83","690.50","674.83","","2.08%"
"01/13/1997","674.38","674.93","678.44","670.08","","-0.08%"
"01/10/1997","674.93","672.21","674.93","670.54","","0.41%"
"01/09/1997","672.17","664.47","672.17","664.47","","1.14%"
"01/08/1997","664.58","664.02","671.60","663.72","","0.16%"
"01/07/1997","663.49","656.98","663.49","656.98","","0.99%"
"01/06/1997","656.98","651.83","662.03","651.83","","0.79%"
"01/03/1997","651.83","639.60","652.55","639.60","","1.96%"
"01/02/1997","639.30","649.34","649.34","635.60","","-1.55%"
"12/30/1996","649.37","650.23","650.81","647.59","","-0.13%"
"12/27/1996","650.23","650.15","657.49","649.36","","0.03%"
"12/26/1996","650.04","642.11","650.34","642.11","","1.23%"
"12/24/1996","642.11","638.26","642.11","638.26","","0.60%"
"12/23/1996","638.26","628.15","638.36","628.15","","1.63%"
"12/20/1996","628.00","626.44","628.39","621.59","","0.27%"
"12/19/1996","626.30","614.78","626.91","614.78","","1.87%"
"12/18/1996","614.78","612.86","620.40","612.86","","0.34%"
"12/17/1996","612.68","600.55","612.68","600.43","","2.08%"
"12/16/1996","600.20","600.43","601.27","599.75","","-0.04%"
"12/13/1996","600.43","593.53","600.43","593.53","","1.28%"
"12/12/1996","592.82","607.83","607.83","589.44","","-2.65%"
"12/11/1996","608.98","632.31","632.31","608.75","","-3.69%"
"12/10/1996","632.31","627.00","634.26","627.00","","0.85%"
"12/09/1996","627.00","626.59","628.29","626.53","","0.08%"
"12/06/1996","626.53","635.82","636.11","626.39","","-1.58%"
"12/05/1996","636.58","628.85","636.77","627.07","","1.24%"
"12/04/1996","628.76","635.56","635.65","623.60","","-1.08%"
"12/03/1996","635.65","628.66","640.44","628.66","","1.12%"
"12/02/1996","628.62","617.03","628.62","615.13","","1.88%"
"11/29/1996","617.03","603.89","618.13","603.89","","2.23%"
"11/28/1996","603.58","603.66","604.29","600.67","","-0.01%"
"11/27/1996","603.66","610.60","612.16","602.19","","-1.13%"
"11/26/1996","610.56","607.10","611.00","606.21","","0.59%"
"11/25/1996","606.96","607.06","611.28","606.96","","-0.02%"
"11/22/1996","607.06","603.08","607.46","603.08","","0.67%"
"11/21/1996","603.03","602.72","605.70","602.36","","0.05%"
"11/20/1996","602.72","607.08","607.08","597.06","","-0.74%"
"11/19/1996","607.19","609.28","609.69","606.29","","-0.34%"
"11/18/1996","609.28","603.69","609.64","603.69","","1.01%"
"11/15/1996","603.21","605.24","609.20","602.77","","-0.34%"
"11/14/1996","605.24","597.32","605.34","597.05","","1.37%"
"11/13/1996","597.05","593.06","598.72","593.06","","0.69%"
"11/12/1996","592.97","587.91","596.61","587.91","","0.91%"
"11/11/1996","587.60","579.59","587.62","578.58","","1.42%"
"11/08/1996","579.36","583.14","583.14","579.23","","-0.67%"
"11/07/1996","583.29","580.52","583.88","577.04","","0.61%"
"11/06/1996","579.73","583.67","584.17","577.87","","-0.65%"
"11/05/1996","583.53","582.39","586.94","582.39","","0.22%"
"11/04/1996","582.26","573.90","582.86","573.90","","1.46%"
"11/01/1996","573.90","570.31","574.30","569.93","","0.60%"
"10/31/1996","570.45","569.98","571.18","566.63","","0.04%"
"10/30/1996","570.23","570.65","571.43","567.95","","0.01%"
"10/29/1996","570.16","562.47","571.03","562.42","","1.41%"
"10/28/1996","562.22","559.57","563.27","559.57","","0.47%"
"10/25/1996","559.57","560.98","561.12","558.37","","-0.25%"
"10/24/1996","560.98","561.09","566.10","560.15","","0.00%"
"10/23/1996","560.98","554.08","560.98","547.51","","1.20%"
"10/22/1996","554.33","557.17","557.42","547.94","","-0.55%"
"10/21/1996","557.42","569.75","569.97","556.91","","-2.15%"
"10/18/1996","569.65","570.21","573.40","569.03","","-0.01%"
"10/17/1996","569.72","560.67","569.72","560.67","","1.64%"
"10/16/1996","560.55","577.37","577.37","560.44","","-3.16%"
"10/15/1996","578.85","584.07","584.58","573.73","","-0.89%"
"10/14/1996","584.03","584.29","584.29","580.61","","-0.05%"
"10/11/1996","584.32","584.91","585.87","582.44","","-0.05%"
"10/10/1996","584.61","583.24","584.61","578.27","","0.25%"
"10/09/1996","583.14","590.11","590.83","582.21","","-1.18%"
"10/08/1996","590.11","579.43","592.65","579.43","","1.91%"
"10/07/1996","579.06","577.49","579.31","576.44","","0.25%"
"10/04/1996","577.62","575.84","581.15","575.84","","0.39%"
"10/03/1996","575.38","571.08","576.04","570.98","","0.86%"
"10/02/1996","570.50","561.03","570.73","561.03","","1.70%"
"10/01/1996","560.99","559.53","560.99","556.43","","0.38%"
"09/30/1996","558.86","555.65","558.89","555.65","","0.58%"
"09/27/1996","555.65","551.73","556.49","551.73","","0.86%"
"09/26/1996","550.91","544.32","552.32","544.32","","1.20%"
"09/25/1996","544.37","545.33","545.62","543.74","","-0.20%"
"09/24/1996","545.44","545.25","551.39","545.23","","0.05%"
"09/23/1996","545.18","547.57","547.57","542.50","","-0.51%"
"09/20/1996","548.00","552.04","553.41","547.67","","-0.73%"
"09/19/1996","552.04","547.85","552.04","546.53","","0.77%"
"09/18/1996","547.81","545.32","548.77","545.32","","0.46%"
"09/17/1996","545.32","547.31","547.47","543.19","","-0.35%"
"09/16/1996","547.21","540.78","548.00","540.30","","1.21%"
"09/13/1996","540.67","537.63","546.51","537.63","","0.57%"
"09/12/1996","537.63","535.14","537.74","530.73","","0.57%"
"09/11/1996","534.59","534.70","539.15","534.59","","0.01%"
"09/10/1996","534.53","537.96","538.04","533.82","","-0.78%"
"09/09/1996","538.74","532.82","542.41","532.82","","1.22%"
"09/06/1996","532.26","520.85","535.19","520.76","","2.15%"
"09/05/1996","521.08","516.32","521.63","516.32","","0.88%"
"09/04/1996","516.53","518.71","518.92","515.58","","-0.45%"
"09/03/1996","518.86","510.25","518.86","510.25","","1.74%"
"09/02/1996","509.98","509.49","509.99","509.35","","0.11%"
"08/30/1996","509.43","504.79","510.04","504.79","","1.01%"
"08/29/1996","504.34","509.26","509.26","503.28","","-1.14%"
"08/28/1996","510.15","514.08","514.23","508.61","","-0.87%"
"08/27/1996","514.64","497.51","514.64","497.51","","3.44%"
"08/26/1996","497.51","500.55","503.05","496.95","","-0.57%"
"08/23/1996","500.37","491.71","500.46","491.06","","1.76%"
"08/22/1996","491.71","497.29","501.90","491.34","","-1.08%"
"08/21/1996","497.06","513.28","513.28","495.14","","-3.37%"
"08/20/1996","514.40","524.98","524.98","513.15","","-2.04%"
"08/16/1996","525.09","517.22","525.09","517.22","","1.63%"
"08/15/1996","516.66","508.61","519.10","500.31","","3.36%"
"08/14/1996","499.87","499.61","504.60","495.54","","-0.11%"
"08/13/1996","500.40","523.34","523.45","494.61","","-4.79%"
"08/12/1996","525.58","534.39","534.39","523.61","","-1.87%"
"08/09/1996","535.62","550.65","550.76","533.08","","-2.54%"
"08/08/1996","549.60","552.44","552.44","548.32","","-0.58%"
"08/07/1996","552.80","551.92","554.50","548.38","","0.30%"
"08/06/1996","551.13","549.15","551.13","543.38","","0.32%"
"08/05/1996","549.35","554.20","557.15","548.97","","-0.93%"
"08/02/1996","554.49","537.49","557.03","537.49","","3.32%"
"08/01/1996","536.69","529.99","538.50","529.99","","1.44%"
"07/31/1996","529.09","536.56","536.67","528.45","","-1.45%"
"07/30/1996","536.90","519.67","536.90","519.59","","3.41%"
"07/29/1996","519.22","504.74","523.98","504.74","","2.84%"
"07/26/1996","504.86","528.66","532.47","504.86","","-4.10%"
"07/25/1996","526.43","532.55","532.55","515.77","","-1.20%"
"07/24/1996","532.84","540.66","540.66","528.06","","-1.53%"
"07/23/1996","541.10","551.46","553.30","540.99","","-1.88%"
"07/22/1996","551.46","559.82","559.93","550.72","","-1.49%"
"07/19/1996","559.82","551.80","560.03","551.29","","1.55%"
"07/18/1996","551.30","552.21","561.02","551.30","","-0.18%"
"07/17/1996","552.27","543.47","552.42","543.36","","1.66%"
"07/16/1996","543.27","544.18","544.18","521.65","","-0.45%"
"07/15/1996","545.75","570.45","570.45","545.75","","-4.44%"
"07/12/1996","571.13","566.80","573.09","566.80","","0.77%"
"07/11/1996","566.74","567.71","571.15","565.70","","-0.09%"
"07/10/1996","567.26","573.10","573.70","564.71","","-1.02%"
"07/08/1996","573.10","591.66","591.66","571.46","","-3.28%"
"07/05/1996","592.56","606.72","606.72","591.48","","-2.35%"
"07/04/1996","606.82","602.65","606.82","602.35","","0.69%"
"07/03/1996","602.65","600.56","603.72","599.69","","0.48%"
"07/02/1996","599.78","603.19","603.19","598.68","","-0.66%"
"07/01/1996","603.75","607.40","607.40","598.07","","-0.60%"
"06/28/1996","607.40","615.90","615.90","606.20","","-1.39%"
"06/27/1996","615.97","617.11","617.80","614.23","","-0.26%"
"06/26/1996","617.55","612.68","617.70","612.68","","0.96%"
"06/25/1996","611.68","611.63","613.85","610.62","","0.05%"
"06/24/1996","611.40","606.92","614.41","606.92","","0.74%"
"06/21/1996","606.92","590.33","606.92","590.33","","2.89%"
"06/20/1996","589.88","591.93","591.93","586.41","","-0.42%"
"06/19/1996","592.37","590.27","592.49","589.27","","0.37%"
"06/18/1996","590.17","586.16","591.73","586.16","","0.86%"
"06/14/1996","585.13","585.84","589.26","578.21","","-0.11%"
"06/13/1996","585.80","580.36","585.84","579.10","","0.94%"
"06/12/1996","580.36","584.41","589.78","580.11","","-0.67%"
"06/11/1996","584.25","596.24","596.24","584.24","","-2.03%"
"06/07/1996","596.33","599.61","599.75","592.25","","-0.67%"
"06/06/1996","600.35","600.83","605.55","599.86","","0.29%"
"06/05/1996","598.61","580.81","598.61","580.81","","3.09%"
"06/04/1996","580.66","581.12","587.32","580.39","","-0.03%"
"06/03/1996","580.85","600.02","600.02","579.62","","-3.26%"
"05/31/1996","600.44","603.79","604.08","594.83","","-0.55%"
"05/30/1996","603.79","598.55","603.79","594.73","","0.75%"
"05/29/1996","599.32","611.07","611.33","596.48","","-1.92%"
"05/28/1996","611.07","610.44","613.49","610.22","","0.19%"
"05/27/1996","609.89","606.99","609.89","606.22","","0.49%"
"05/24/1996","606.89","598.80","606.89","597.65","","1.35%"
"05/23/1996","598.80","612.89","612.89","597.62","","-2.34%"
"05/22/1996","613.13","612.66","613.13","605.70","","0.08%"
"05/21/1996","612.66","615.78","619.37","608.41","","-0.39%"
"05/20/1996","615.05","610.01","616.52","605.88","","0.83%"
"05/17/1996","610.01","599.83","612.12","599.83","","1.79%"
"05/16/1996","599.27","599.03","601.94","596.02","","0.04%"
"05/15/1996","599.03","586.22","599.76","586.22","","2.54%"
"05/14/1996","584.18","578.40","588.86","578.18","","1.04%"
"05/13/1996","578.18","569.55","578.41","569.40","","1.39%"
"05/10/1996","570.28","567.89","574.14","567.06","","0.43%"
"05/09/1996","567.82","571.05","572.89","567.03","","-0.55%"
"05/08/1996","570.96","561.27","571.02","561.27","","1.76%"
"05/07/1996","561.06","554.63","561.68","554.30","","1.19%"
"05/06/1996","554.44","548.88","554.44","544.51","","0.91%"
"05/03/1996","549.43","560.48","560.52","548.12","","-1.97%"
"05/02/1996","560.48","566.11","570.06","560.03","","-0.99%"
"04/30/1996","566.11","560.30","567.34","560.30","","1.04%"
"04/29/1996","560.30","560.52","560.77","556.25","","-0.16%"
"04/26/1996","561.18","561.10","566.01","559.77","","-0.33%"
"04/25/1996","563.06","557.10","563.26","554.65","","1.19%"
"04/24/1996","556.43","561.85","563.11","556.30","","-0.98%"
"04/23/1996","561.96","554.33","561.96","549.90","","1.34%"
"04/22/1996","554.55","554.27","562.25","552.76","","0.15%"
"04/19/1996","553.72","538.21","555.03","538.21","","2.92%"
"04/18/1996","537.99","531.96","538.02","531.96","","1.13%"
"04/17/1996","531.96","531.97","534.66","531.16","","0.00%"
"04/16/1996","531.97","529.99","534.84","529.52","","0.37%"
"04/15/1996","529.99","524.38","531.37","524.27","","1.18%"
"04/12/1996","523.83","515.32","526.19","515.32","","1.67%"
"04/11/1996","515.25","509.82","515.25","509.82","","1.05%"
"04/10/1996","509.88","502.72","513.13","502.72","","1.42%"
"04/09/1996","502.72","500.46","503.85","500.43","","0.50%"
"04/08/1996","500.24","510.31","510.31","500.14","","-2.04%"
"04/03/1996","510.64","515.88","515.88","510.22","","-1.08%"
"04/02/1996","516.21","513.78","516.71","513.78","","0.47%"
"04/01/1996","513.78","509.77","514.07","509.66","","0.87%"
"03/29/1996","509.35","508.31","511.03","508.31","","0.26%"
"03/28/1996","508.05","507.14","508.07","503.68","","0.05%"
"03/27/1996","507.81","518.76","518.76","507.17","","-2.14%"
"03/26/1996","518.89","525.05","525.05","518.25","","-1.17%"
"03/25/1996","525.05","518.01","528.22","518.01","","1.46%"
"03/22/1996","517.49","507.70","517.51","507.70","","1.89%"
"03/21/1996","507.90","499.36","508.60","499.36","","1.85%"
"03/20/1996","498.68","497.76","501.52","497.48","","0.34%"
"03/19/1996","496.98","499.49","499.59","496.86","","-0.56%"
"03/18/1996","499.79","497.65","503.25","497.65","","0.46%"
"03/15/1996","497.50","500.53","500.53","490.92","","-0.87%"
"03/14/1996","501.88","507.50","512.78","497.57","","-1.11%"
"03/13/1996","507.50","493.23","507.82","493.23","","3.01%"
"03/12/1996","492.69","499.86","500.68","492.32","","-1.43%"
"03/11/1996","499.86","498.05","499.86","497.04","","0.50%"
"03/08/1996","497.38","517.14","517.14","497.38","","-3.90%"
"03/07/1996","517.59","522.58","522.58","514.69","","-1.29%"
"03/06/1996","524.33","530.65","530.65","524.21","","-1.19%"
"03/05/1996","530.65","528.18","530.65","523.50","","0.54%"
"03/04/1996","527.78","515.58","528.05","515.58","","2.49%"
"03/01/1996","514.94","498.07","514.94","497.39","","3.86%"
"02/29/1996","495.78","514.27","514.27","495.70","","-3.90%"
"02/28/1996","515.92","512.54","517.53","512.12","","0.70%"
"02/27/1996","512.35","513.63","513.63","506.39","","-0.43%"
"02/26/1996","514.57","525.43","525.43","514.55","","-2.14%"
"02/23/1996","525.84","523.13","530.48","523.13","","0.55%"
"02/22/1996","522.98","523.78","526.52","521.37","","-0.10%"
"02/21/1996","523.48","520.59","525.91","520.59","","0.57%"
"02/20/1996","520.50","516.23","520.82","507.94","","0.82%"
"02/19/1996","516.28","520.42","520.42","512.54","","-0.82%"
"02/16/1996","520.55","536.50","536.50","520.55","","-3.19%"
"02/15/1996","537.69","543.96","544.16","533.55","","-1.35%"
"02/14/1996","545.04","551.80","552.09","539.46","","-1.66%"
"02/13/1996","554.26","553.68","557.59","553.32","","0.00%"
"02/12/1996","554.27","552.81","554.90","550.09","","0.36%"
"02/09/1996","552.28","551.62","561.21","551.21","","0.27%"
"02/08/1996","550.82","549.22","551.75","548.36","","0.46%"
"02/07/1996","548.28","545.39","549.46","545.39","","0.53%"
"02/06/1996","545.39","535.11","545.58","535.11","","1.95%"
"02/05/1996","534.94","555.58","555.58","534.67","","-3.90%"
"02/02/1996","556.66","558.44","558.44","553.31","","-0.33%"
"02/01/1996","558.53","562.78","562.78","555.64","","-0.84%"
"01/31/1996","563.25","563.81","565.74","562.33","","-0.12%"
"01/30/1996","563.90","561.56","566.81","561.56","","0.44%"
"01/29/1996","561.42","554.94","561.42","554.94","","1.24%"
"01/26/1996","554.55","549.25","554.64","545.70","","0.93%"
"01/25/1996","549.43","552.18","552.18","545.23","","-0.41%"
"01/24/1996","551.70","557.33","560.92","551.49","","-0.97%"
"01/23/1996","557.10","558.66","565.61","556.56","","-0.12%"
"01/22/1996","557.79","548.90","560.98","548.90","","1.75%"
"01/19/1996","548.19","531.57","548.39","531.57","","3.16%"
"01/18/1996","531.38","533.86","535.39","529.48","","-0.46%"
"01/17/1996","533.86","532.91","538.20","530.76","","0.19%"
"01/16/1996","532.86","540.10","542.10","532.80","","-1.25%"
"01/15/1996","539.62","541.24","541.41","535.94","","-0.32%"
"01/12/1996","541.33","534.72","545.11","534.72","","1.47%"
"01/11/1996","533.48","529.44","533.48","523.28","","0.65%"
"01/10/1996","530.03","545.91","545.91","526.80","","-3.08%"
"01/09/1996","546.88","558.56","558.94","546.64","","-2.09%"
"01/08/1996","558.56","555.60","561.59","555.60","","0.63%"
"01/05/1996","555.07","552.51","556.90","548.48","","0.45%"
"01/04/1996","552.61","564.06","564.06","551.43","","-2.05%"
"01/03/1996","564.17","544.64","573.62","544.53","","4.34%"
"01/02/1996","540.72","519.61","541.64","519.61","","4.19%"
"12/28/1995","518.96","517.29","518.96","512.72","","0.35%"
"12/27/1995","517.14","518.62","522.78","515.83","","-0.20%"
"12/26/1995","518.16","515.29","518.23","509.08","","0.19%"
"12/22/1995","517.20","516.23","522.66","516.07","","0.27%"
"12/21/1995","515.81","508.79","515.81","505.98","","1.38%"
"12/20/1995","508.79","489.53","510.79","489.53","","4.15%"
"12/19/1995","488.50","487.68","491.60","487.66","","0.35%"
"12/18/1995","486.81","485.21","486.91","480.91","","0.33%"
"12/15/1995","485.21","478.02","485.34","475.89","","1.49%"
"12/14/1995","478.09","478.08","479.00","474.03","","-0.01%"
"12/13/1995","478.15","473.11","481.11","473.11","","1.08%"
"12/12/1995","473.04","462.15","473.05","462.15","","2.44%"
"12/11/1995","461.76","463.79","463.93","458.01","","-0.41%"
"12/07/1995","463.66","468.84","468.84","459.55","","-1.22%"
"12/06/1995","469.38","471.01","474.73","469.32","","-0.33%"
"12/05/1995","470.92","472.40","472.96","468.56","","-0.24%"
"12/04/1995","472.06","467.92","475.67","467.92","","0.88%"
"12/01/1995","467.92","472.20","476.58","467.36","","-0.91%"
"11/30/1995","472.20","471.02","476.37","471.02","","0.25%"
"11/29/1995","471.02","452.01","471.02","452.01","","4.66%"
"11/28/1995","450.05","452.58","452.58","447.18","","-0.56%"
"11/27/1995","452.58","451.91","453.15","449.93","","0.02%"
"11/24/1995","452.47","451.71","456.64","448.34","","0.18%"
"11/23/1995","451.67","445.26","452.25","442.89","","1.44%"
"11/22/1995","445.26","437.24","446.84","437.24","","1.82%"
"11/21/1995","437.29","433.70","438.13","432.08","","1.68%"
"11/20/1995","430.06","421.87","430.70","421.87","","2.00%"
"11/17/1995","421.64","410.42","421.64","410.42","","2.79%"
"11/16/1995","410.19","399.38","412.89","399.38","","2.76%"
"11/15/1995","399.19","395.56","400.36","395.56","","1.00%"
"11/14/1995","395.23","394.89","395.23","393.13","","0.09%"
"11/13/1995","394.89","401.59","401.59","394.89","","-1.80%"
"11/10/1995","402.14","400.94","404.22","400.73","","0.21%"
"11/09/1995","401.29","395.88","401.29","395.88","","0.94%"
"11/08/1995","397.56","399.95","400.38","396.86","","-0.51%"
"11/07/1995","399.61","400.77","400.77","395.96","","-0.39%"
"11/06/1995","401.18","407.33","407.33","400.56","","-1.60%"
"11/03/1995","407.69","409.57","409.67","405.41","","-0.53%"
"11/02/1995","409.85","403.47","409.89","402.96","","1.61%"
"11/01/1995","403.37","406.26","406.26","401.27","","-0.85%"
"10/31/1995","406.82","406.99","407.32","405.33","","-0.08%"
"10/30/1995","407.13","401.07","407.13","401.07","","1.64%"
"10/27/1995","400.58","387.98","401.03","387.98","","3.30%"
"10/26/1995","387.77","400.34","400.34","386.16","","-3.29%"
"10/25/1995","400.96","409.47","411.03","399.95","","-2.56%"
"10/24/1995","411.48","402.92","411.48","402.17","","1.95%"
"10/23/1995","403.62","422.13","422.13","403.38","","-4.70%"
"10/20/1995","423.53","427.71","427.71","422.09","","-1.01%"
"10/19/1995","427.85","426.40","427.87","423.31","","0.31%"
"10/18/1995","426.54","428.72","428.72","425.26","","-0.70%"
"10/17/1995","429.56","428.04","429.70","427.75","","0.45%"
"10/13/1995","427.62","429.29","433.03","427.18","","-0.45%"
"10/12/1995","429.57","435.90","436.76","428.71","","-1.45%"
"10/11/1995","435.90","433.89","438.32","433.89","","0.53%"
"10/10/1995","433.61","438.13","438.13","430.88","","-1.09%"
"10/09/1995","438.37","441.26","441.26","437.54","","-0.81%"
"10/06/1995","441.97","441.92","444.67","439.47","","0.17%"
"10/05/1995","441.21","433.07","441.21","432.88","","2.02%"
"10/04/1995","432.49","429.10","432.49","429.02","","0.91%"
"10/03/1995","428.61","431.73","431.73","424.29","","-0.71%"
"10/02/1995","431.68","431.74","432.72","431.04","","-0.01%"
"09/29/1995","431.74","430.06","432.40","427.29","","0.55%"
"09/28/1995","429.39","413.68","429.39","413.68","","4.00%"
"09/27/1995","412.88","410.95","421.26","410.63","","0.49%"
"09/26/1995","410.86","415.88","419.57","409.75","","-1.19%"
"09/25/1995","415.79","429.81","429.81","415.77","","-3.26%"
"09/22/1995","429.81","438.32","438.32","427.05","","-2.05%"
"09/21/1995","438.81","450.60","450.60","434.39","","-2.71%"
"09/20/1995","451.01","454.41","454.49","450.37","","-0.71%"
"09/19/1995","454.25","446.20","454.51","446.20","","1.80%"
"09/18/1995","446.20","443.09","446.36","440.02","","0.61%"
"09/15/1995","443.49","454.68","454.68","443.08","","-2.46%"
"09/14/1995","454.68","457.67","457.67","453.00","","-0.71%"
"09/13/1995","457.94","463.30","464.58","454.36","","-0.94%"
"09/12/1995","462.27","461.81","464.96","459.95","","0.06%"
"09/11/1995","461.99","456.88","462.09","456.88","","1.19%"
"09/08/1995","456.56","457.40","460.01","456.08","","-0.13%"
"09/07/1995","457.14","444.30","457.83","444.30","","2.93%"
"09/06/1995","444.14","442.20","445.29","442.13","","0.44%"
"09/05/1995","442.20","452.90","453.46","441.14","","-2.36%"
"09/04/1995","452.90","450.69","452.90","450.69","","0.52%"
"09/01/1995","450.55","453.45","453.45","448.96","","-0.73%"
"08/31/1995","453.86","443.92","457.05","443.92","","2.65%"
"08/30/1995","442.16","437.12","442.40","437.12","","1.59%"
"08/29/1995","435.23","438.24","438.51","430.65","","-1.02%"
"08/28/1995","439.73","444.60","444.74","434.98","","-1.34%"
"08/25/1995","445.68","448.95","456.09","443.12","","-0.43%"
"08/24/1995","447.60","468.73","468.73","426.83","","-4.81%"
"08/23/1995","470.22","472.61","476.27","469.91","","-0.53%"
"08/22/1995","472.74","481.88","481.88","470.11","","-2.43%"
"08/18/1995","484.50","485.25","488.22","484.08","","-0.15%"
"08/17/1995","485.25","491.93","492.07","483.79","","-1.49%"
"08/16/1995","492.60","488.22","492.99","484.45","","1.01%"
"08/15/1995","487.69","488.55","491.22","485.04","","-0.07%"
"08/14/1995","488.01","492.39","492.39","485.29","","-1.08%"
"08/11/1995","493.33","497.58","498.46","491.02","","-0.85%"
"08/10/1995","497.58","493.88","507.52","493.88","","0.79%"
"08/09/1995","493.70","490.53","495.02","490.53","","0.85%"
"08/08/1995","489.53","496.26","496.26","482.50","","-1.36%"
"08/07/1995","496.26","489.37","502.29","489.37","","1.74%"
"08/04/1995","487.75","477.61","487.75","477.61","","2.18%"
"08/03/1995","477.34","474.80","480.97","474.80","","0.59%"
"08/02/1995","474.54","468.22","482.50","468.22","","1.70%"
"08/01/1995","466.60","456.73","466.77","456.73","","2.10%"
"07/31/1995","456.99","463.48","463.48","456.04","","-1.55%"
"07/28/1995","464.19","462.19","465.38","461.30","","0.49%"
"07/27/1995","461.93","461.96","464.52","459.39","","0.02%"
"07/26/1995","461.83","462.75","463.76","456.45","","-0.23%"
"07/25/1995","462.89","453.44","463.66","453.44","","2.17%"
"07/24/1995","453.04","453.99","457.84","452.25","","-0.30%"
"07/21/1995","454.40","458.59","464.98","454.40","","-0.94%"
"07/20/1995","458.73","447.77","458.73","447.77","","2.55%"
"07/19/1995","447.34","458.80","458.80","440.01","","-2.50%"
"07/18/1995","458.80","475.99","475.99","458.64","","-3.72%"
"07/17/1995","476.55","476.46","478.34","472.01","","0.25%"
"07/14/1995","475.38","467.34","476.26","464.52","","1.72%"
"07/13/1995","467.34","468.57","476.67","467.34","","-0.12%"
"07/12/1995","467.89","461.38","468.15","461.38","","1.71%"
"07/11/1995","460.03","469.68","469.68","454.55","","-2.14%"
"07/10/1995","470.09","464.79","472.07","464.79","","1.20%"
"07/07/1995","464.52","449.22","465.25","449.22","","3.84%"
"07/06/1995","447.33","434.32","447.76","433.92","","3.08%"
"07/05/1995","433.95","425.44","436.04","425.44","","2.05%"
"07/04/1995","425.24","419.20","425.80","416.49","","1.46%"
"07/03/1995","419.14","405.53","419.29","405.53","","3.35%"
"06/30/1995","405.55","410.30","412.09","405.35","","-1.06%"
"06/29/1995","409.88","410.48","414.07","406.88","","-0.09%"
"06/28/1995","410.26","401.58","411.00","401.58","","2.38%"
"06/27/1995","400.73","384.37","401.32","384.37","","4.43%"
"06/26/1995","383.74","377.98","383.74","377.87","","1.64%"
"06/23/1995","377.55","387.10","387.31","370.96","","-2.84%"
"06/22/1995","388.59","383.67","391.03","381.16","","1.31%"
"06/21/1995","383.56","375.99","383.56","375.99","","2.04%"
"06/20/1995","375.89","394.19","394.19","375.79","","-4.85%"
"06/16/1995","395.04","398.39","399.57","395.04","","-0.84%"
"06/15/1995","398.39","396.19","398.66","394.08","","0.64%"
"06/14/1995","395.87","413.96","413.96","394.86","","-4.40%"
"06/13/1995","414.07","408.72","416.80","408.72","","1.41%"
"06/12/1995","408.32","396.55","408.56","396.55","","2.97%"
"06/09/1995","396.55","402.32","402.32","394.95","","-1.85%"
"06/08/1995","404.02","403.09","408.77","398.83","","0.29%"
"06/07/1995","402.87","420.84","420.84","401.92","","-4.54%"
"06/06/1995","422.01","446.47","446.47","420.82","","-5.49%"
"06/05/1995","446.54","447.59","447.83","442.35","","-0.23%"
"06/02/1995","447.59","429.41","447.59","429.41","","4.40%"
"06/01/1995","428.74","433.68","434.28","428.74","","-1.21%"
"05/31/1995","434.00","425.96","434.63","425.96","","1.96%"
"05/30/1995","425.64","428.34","428.42","420.27","","-1.36%"
"05/29/1995","431.49","427.02","431.49","422.41","","1.05%"
"05/26/1995","427.02","438.26","438.26","426.06","","-2.97%"
"05/24/1995","440.07","438.02","441.04","435.99","","0.54%"
"05/23/1995","437.69","446.69","448.45","437.66","","-2.01%"
"05/22/1995","446.69","439.37","446.69","436.96","","1.74%"
"05/19/1995","439.03","454.64","454.64","438.83","","-3.68%"
"05/18/1995","455.81","452.34","455.81","443.91","","0.84%"
"05/17/1995","452.01","426.82","452.15","426.82","","6.09%"
"05/16/1995","426.08","438.69","438.69","425.15","","-2.89%"
"05/15/1995","438.76","432.53","447.70","432.53","","1.81%"
"05/12/1995","430.94","426.76","439.39","426.76","","1.18%"
"05/11/1995","425.91","424.69","431.68","423.76","","0.38%"
"05/10/1995","424.28","413.10","424.28","413.10","","2.89%"
"05/09/1995","412.36","394.14","413.01","394.14","","4.82%"
"05/08/1995","393.39","411.92","411.92","390.54","","-4.82%"
"05/05/1995","413.30","417.71","421.73","411.58","","-1.01%"
"05/04/1995","417.50","408.85","417.61","402.69","","2.12%"
"05/03/1995","408.85","412.75","419.98","406.14","","-0.30%"
"05/02/1995","410.09","391.11","410.09","378.11","","4.62%"
"04/28/1995","391.99","408.52","408.52","391.02","","-4.20%"
"04/27/1995","409.19","421.59","421.59","408.22","","-3.14%"
"04/26/1995","422.44","433.38","433.38","420.25","","-2.70%"
"04/25/1995","434.16","428.13","435.79","423.95","","1.85%"
"04/24/1995","426.28","415.25","426.28","412.65","","2.84%"
"04/21/1995","414.50","397.20","414.72","397.20","","4.69%"
"04/20/1995","395.93","374.88","395.93","374.88","","6.09%"
"04/19/1995","373.19","358.94","373.29","358.94","","4.01%"
"04/18/1995","358.79","363.14","363.90","353.73","","-1.20%"
"04/17/1995","363.14","365.81","370.60","362.88","","-0.60%"
"04/12/1995","365.35","362.88","366.40","358.36","","0.77%"
"04/11/1995","362.56","354.63","362.56","343.71","","2.08%"
"04/10/1995","355.16","378.64","378.64","354.74","","-6.20%"
"04/07/1995","378.64","390.35","392.56","378.64","","-2.90%"
"04/06/1995","389.93","387.02","391.19","386.23","","0.75%"
"04/05/1995","387.02","390.10","390.54","385.55","","-0.79%"
"04/04/1995","390.10","383.14","392.80","383.14","","1.99%"
"04/03/1995","382.48","382.15","384.02","377.17","","0.01%"
"03/31/1995","382.46","384.19","385.64","379.72","","-0.78%"
"03/30/1995","385.48","370.13","385.48","370.13","","4.15%"
"03/29/1995","370.13","372.61","375.55","368.00","","-0.79%"
"03/28/1995","373.07","367.33","377.84","363.16","","1.53%"
"03/27/1995","367.44","349.00","367.44","349.00","","5.64%"
"03/24/1995","347.82","332.67","347.82","332.67","","4.63%"
"03/23/1995","332.42","342.26","342.26","332.05","","-2.88%"
"03/22/1995","342.26","345.98","349.00","340.17","","-0.89%"
"03/21/1995","345.34","340.32","347.59","340.05","","1.47%"
"03/20/1995","340.33","339.96","340.33","332.48","","-0.03%"
"03/17/1995","340.42","346.50","346.50","330.32","","-2.11%"
"03/16/1995","347.77","338.49","351.91","338.49","","2.74%"
"03/15/1995","338.49","349.37","351.85","338.07","","-3.11%"
"03/14/1995","349.37","325.27","354.35","325.27","","7.67%"
"03/13/1995","324.48","301.70","324.48","301.70","","8.24%"
"03/10/1995","299.78","267.15","299.78","267.15","","12.83%"
"03/09/1995","265.69","262.84","267.42","259.71","","1.37%"
"03/08/1995","262.11","269.22","275.61","261.72","","-3.31%"
"03/07/1995","271.09","293.64","293.64","270.35","","-7.68%"
"03/06/1995","293.64","297.11","303.09","292.92","","-1.45%"
"03/03/1995","297.96","279.46","297.96","257.63","","5.74%"
"03/02/1995","281.78","303.92","303.92","280.88","","-7.56%"
"03/01/1995","304.83","321.63","321.88","301.73","","-5.49%"
"02/28/1995","322.54","326.67","328.42","321.86","","-1.26%"
"02/27/1995","326.67","343.11","343.29","325.43","","-5.24%"
"02/24/1995","344.75","340.84","345.10","337.48","","1.15%"
"02/23/1995","340.84","331.65","346.63","331.65","","3.23%"
"02/22/1995","330.19","346.14","346.14","324.92","","-4.86%"
"02/21/1995","347.05","359.74","360.24","347.05","","-3.43%"
"02/20/1995","359.38","354.31","362.38","354.17","","1.43%"
"02/17/1995","354.31","333.55","354.91","333.28","","6.66%"
"02/16/1995","332.18","354.65","354.65","331.66","","-6.96%"
"02/15/1995","357.02","379.29","379.29","354.73","","-5.95%"
"02/14/1995","379.61","386.38","386.38","374.69","","-2.13%"
"02/13/1995","387.88","395.77","395.77","385.87","","-2.04%"
"02/10/1995","395.96","397.77","404.56","395.15","","-0.20%"
"02/09/1995","396.77","417.09","417.09","396.65","","-5.06%"
"02/08/1995","417.91","427.19","427.19","417.72","","-2.23%"
"02/07/1995","427.43","434.20","434.20","427.12","","-1.56%"
"02/06/1995","434.20","442.32","442.32","432.68","","-1.80%"
"02/03/1995","442.14","446.41","447.63","438.81","","-0.80%"
"02/02/1995","445.70","441.68","446.13","436.34","","0.75%"
"02/01/1995","442.39","435.64","444.11","435.64","","1.70%"
"01/31/1995","435.00","407.00","435.00","407.00","","7.07%"
"01/30/1995","406.27","431.75","431.99","401.36","","-6.14%"
"01/27/1995","432.85","437.98","437.98","431.24","","-1.12%"
"01/26/1995","437.77","432.86","437.87","432.54","","1.18%"
"01/25/1995","432.65","429.63","434.88","426.88","","0.75%"
"01/24/1995","429.42","423.61","434.53","423.61","","1.50%"
"01/23/1995","423.08","435.47","435.47","422.11","","-3.05%"
"01/20/1995","436.40","429.52","436.42","417.80","","1.30%"
"01/19/1995","430.80","447.08","447.08","426.24","","-3.88%"
"01/18/1995","448.19","461.35","461.35","442.74","","-2.99%"
"01/17/1995","461.99","454.99","462.36","454.68","","1.66%"
"01/16/1995","454.45","459.79","459.79","445.35","","-1.32%"
"01/13/1995","460.51","436.26","460.53","436.26","","5.96%"
"01/12/1995","434.59","395.97","434.59","395.97","","10.40%"
"01/11/1995","393.64","375.26","393.64","367.59","","4.94%"
"01/10/1995","375.10","413.09","413.09","366.04","","-9.59%"
"01/09/1995","414.91","435.43","435.43","410.74","","-4.74%"
"01/06/1995","435.56","444.27","444.27","434.47","","-2.03%"
"01/05/1995","444.60","443.19","450.83","443.19","","0.28%"
"01/04/1995","443.38","465.63","465.63","439.77","","-5.06%"
"01/03/1995","466.99","481.59","481.59","461.19","","-3.25%"
"01/02/1995","482.69","460.50","482.69","460.50","","4.82%"
"12/29/1994","460.49","438.86","460.49","438.86","","5.38%"
"12/28/1994","436.97","439.55","448.34","427.32","","-0.15%"
"12/27/1994","437.62","455.41","455.41","437.08","","-4.03%"
"12/26/1994","455.98","481.36","481.36","455.98","","-5.24%"
"12/23/1994","481.21","472.76","484.36","472.76","","1.93%"
"12/22/1994","472.09","484.56","484.56","456.03","","-3.00%"
"12/21/1994","486.70","514.79","514.79","476.35","","-5.74%"
"12/20/1994","516.35","528.05","528.05","515.47","","-2.26%"
"12/19/1994","528.31","527.77","529.48","524.03","","0.10%"
"12/16/1994","527.77","521.51","527.80","520.89","","1.25%"
"12/15/1994","521.26","523.06","524.32","519.78","","-0.29%"
"12/14/1994","522.80","516.33","522.81","513.93","","1.42%"
"12/13/1994","515.47","513.70","519.48","513.70","","0.38%"
"12/12/1994","513.50","508.40","513.89","505.93","","0.94%"
"12/09/1994","508.72","519.40","519.40","508.24","","-2.06%"
"12/07/1994","519.40","525.08","525.28","519.25","","-1.12%"
"12/06/1994","525.26","525.77","525.77","520.14","","-0.17%"
"12/05/1994","526.14","526.50","529.96","521.57","","0.11%"
"12/02/1994","525.57","521.56","527.58","521.28","","0.87%"
"12/01/1994","521.04","525.03","525.03","509.82","","-0.81%"
"11/30/1994","525.28","508.87","527.43","508.87","","3.33%"
"11/29/1994","508.34","485.86","508.84","485.86","","4.63%"
"11/28/1994","485.86","493.18","493.37","485.52","","-1.51%"
"11/25/1994","493.29","503.32","503.32","492.32","","-2.09%"
"11/24/1994","503.83","502.79","510.81","502.79","","0.40%"
"11/23/1994","501.80","516.12","516.89","500.68","","-2.81%"
"11/22/1994","516.32","511.87","516.37","510.19","","0.87%"
"11/21/1994","511.87","530.07","530.07","504.20","","-3.43%"
"11/18/1994","530.07","536.86","536.86","528.09","","-1.33%"
"11/17/1994","537.22","551.17","551.17","535.80","","-2.36%"
"11/16/1994","550.19","558.86","559.01","549.67","","-1.50%"
"11/15/1994","558.55","553.23","559.76","552.74","","0.71%"
"11/14/1994","554.60","553.11","554.60","551.47","","0.29%"
"11/11/1994","552.99","558.93","558.93","548.09","","-1.26%"
"11/10/1994","560.04","564.49","567.11","559.98","","-0.79%"
"11/09/1994","564.49","560.87","567.87","559.54","","0.86%"
"11/08/1994","559.66","554.44","562.06","554.44","","0.94%"
"11/07/1994","554.44","567.00","567.11","554.44","","-2.29%"
"11/04/1994","567.42","576.87","579.52","566.71","","-1.57%"
"11/03/1994","576.47","580.18","582.96","576.33","","-0.62%"
"11/02/1994","580.06","569.10","580.06","567.10","","1.88%"
"11/01/1994","569.35","574.38","574.38","565.65","","-0.90%"
"10/31/1994","574.51","577.70","577.70","568.97","","-0.61%"
"10/28/1994","578.06","571.06","580.64","571.06","","1.27%"
"10/27/1994","570.81","567.24","574.41","567.24","","0.72%"
"10/26/1994","566.73","571.43","571.43","560.97","","-0.96%"
"10/25/1994","572.25","589.91","589.91","568.12","","-3.16%"
"10/24/1994","590.90","599.21","599.35","590.90","","-1.34%"
"10/21/1994","598.90","595.29","598.99","594.33","","0.69%"
"10/20/1994","594.77","599.03","599.03","590.55","","-0.68%"
"10/19/1994","598.83","600.09","600.09","594.24","","-0.24%"
"10/18/1994","600.28","598.33","601.81","597.56","","0.31%"
"10/17/1994","598.44","594.72","599.70","594.72","","0.73%"
"10/14/1994","594.10","594.62","595.20","588.98","","-0.09%"
"10/13/1994","594.62","585.37","594.71","585.37","","1.63%"
"10/12/1994","585.09","587.02","588.81","581.71","","-0.33%"
"10/11/1994","587.02","578.09","587.02","578.09","","1.61%"
"10/07/1994","577.73","572.56","578.40","570.74","","0.98%"
"10/06/1994","572.15","577.22","580.71","571.88","","-0.90%"
"10/05/1994","577.34","596.95","596.95","573.09","","-3.31%"
"10/04/1994","597.11","602.30","602.50","596.52","","-0.86%"
"10/03/1994","602.30","604.74","607.36","599.65","","-0.37%"
"09/30/1994","604.55","597.09","605.70","597.09","","1.27%"
"09/29/1994","596.99","602.55","602.55","596.15","","-0.99%"
"09/28/1994","602.98","603.95","607.58","602.51","","-0.12%"
"09/27/1994","603.71","600.88","606.26","600.88","","0.47%"
"09/26/1994","600.88","600.54","601.66","598.13","","0.09%"
"09/23/1994","600.32","602.65","604.45","600.17","","-0.32%"
"09/22/1994","602.25","605.09","605.64","599.81","","-0.47%"
"09/21/1994","605.09","612.59","612.59","604.36","","-1.35%"
"09/20/1994","613.34","617.98","617.98","610.44","","-0.79%"
"09/19/1994","618.21","613.31","618.33","613.31","","0.83%"
"09/16/1994","613.10","607.62","613.10","605.98","","0.85%"
"09/15/1994","607.94","599.92","607.94","599.92","","1.48%"
"09/14/1994","599.07","589.12","599.07","588.77","","1.69%"
"09/13/1994","589.12","587.75","593.92","587.65","","0.42%"
"09/12/1994","586.67","598.09","598.09","585.38","","-1.76%"
"09/09/1994","597.21","609.70","609.70","596.82","","-2.12%"
"09/08/1994","610.13","612.56","619.54","610.13","","-0.10%"
"09/07/1994","610.75","608.69","612.26","607.43","","0.34%"
"09/06/1994","608.69","604.26","608.76","603.56","","0.73%"
"09/05/1994","604.26","604.52","604.52","594.20","","-0.06%"
"09/02/1994","604.61","606.23","606.23","599.84","","-0.25%"
"09/01/1994","606.14","603.20","607.26","602.38","","0.48%"
"08/31/1994","603.26","595.54","603.37","595.54","","1.33%"
"08/30/1994","595.32","586.66","595.37","584.26","","1.42%"
"08/29/1994","586.98","589.06","589.88","584.28","","-0.29%"
"08/26/1994","588.68","581.84","589.76","581.84","","1.23%"
"08/25/1994","581.52","577.04","584.56","577.04","","0.83%"
"08/24/1994","576.72","570.84","576.95","569.15","","0.99%"
"08/23/1994","571.06","570.68","572.05","564.14","","0.07%"
"08/22/1994","570.68","567.06","572.89","567.06","","0.73%"
"08/19/1994","566.52","562.55","566.52","562.43","","0.76%"
"08/18/1994","562.26","567.30","567.30","553.60","","-0.96%"
"08/17/1994","567.73","561.63","568.51","561.63","","1.21%"
"08/16/1994","560.97","556.88","560.97","555.58","","0.67%"
"08/12/1994","557.26","549.94","557.26","549.73","","1.39%"
"08/11/1994","549.62","552.95","553.47","547.61","","-0.57%"
"08/10/1994","552.79","549.43","552.79","544.67","","0.68%"
"08/09/1994","549.03","559.26","559.60","546.75","","-1.69%"
"08/08/1994","558.46","556.99","563.41","556.79","","0.51%"
"08/05/1994","555.65","557.13","557.13","551.47","","-0.32%"
"08/04/1994","557.46","564.29","566.43","557.36","","-1.05%"
"08/03/1994","563.38","560.52","563.47","559.51","","0.34%"
"08/02/1994","561.49","547.36","561.84","547.36","","2.80%"
"08/01/1994","546.18","545.64","549.39","544.85","","0.12%"
"07/29/1994","545.53","538.74","547.46","537.45","","1.32%"
"07/28/1994","538.40","541.81","542.89","537.83","","-0.21%"
"07/27/1994","539.51","530.83","539.54","530.83","","1.74%"
"07/26/1994","530.29","524.43","530.43","521.50","","1.13%"
"07/25/1994","524.36","525.42","528.99","523.25","","-0.15%"
"07/22/1994","525.15","519.20","525.87","519.20","","1.15%"
"07/21/1994","519.20","517.15","519.21","512.33","","0.33%"
"07/20/1994","517.49","534.71","534.71","516.74","","-3.31%"
"07/19/1994","535.18","538.63","543.03","534.98","","-0.55%"
"07/18/1994","538.16","546.48","546.48","535.54","","-1.52%"
"07/15/1994","546.48","556.23","556.35","546.22","","-1.93%"
"07/14/1994","557.23","552.71","560.34","552.53","","0.93%"
"07/13/1994","552.07","545.25","552.07","545.25","","1.31%"
"07/12/1994","544.91","534.68","544.91","532.48","","1.91%"
"07/11/1994","534.68","546.19","546.19","531.46","","-2.13%"
"07/08/1994","546.32","545.30","551.52","543.38","","0.33%"
"07/07/1994","544.50","531.32","544.54","531.32","","2.69%"
"07/06/1994","530.26","528.70","530.97","524.96","","0.30%"
"07/05/1994","528.70","524.96","530.06","524.96","","0.84%"
"07/04/1994","524.32","525.79","525.79","519.85","","-0.34%"
"07/01/1994","526.11","519.08","526.42","517.55","","1.35%"
"06/30/1994","519.10","533.27","533.27","516.63","","-3.05%"
"06/29/1994","535.44","530.78","538.11","530.78","","0.88%"
"06/28/1994","530.78","537.57","537.57","530.26","","-1.35%"
"06/27/1994","538.02","535.14","538.02","527.67","","0.49%"
"06/24/1994","535.37","551.36","551.36","534.28","","-3.16%"
"06/23/1994","552.83","560.64","560.88","551.60","","-1.35%"
"06/22/1994","560.42","547.57","561.02","547.38","","2.45%"
"06/21/1994","547.01","559.09","559.09","546.58","","-2.30%"
"06/17/1994","559.88","553.53","559.88","551.94","","1.15%"
"06/16/1994","553.53","553.46","555.03","552.37","","-0.05%"
"06/15/1994","553.79","568.97","569.40","553.33","","-2.61%"
"06/14/1994","568.63","581.03","581.75","567.39","","-2.13%"
"06/10/1994","581.03","587.34","589.36","580.89","","-0.92%"
"06/09/1994","586.43","596.94","596.94","582.25","","-2.03%"
"06/08/1994","598.56","607.69","607.69","598.29","","-1.56%"
"06/07/1994","608.03","614.12","614.12","607.54","","-1.04%"
"06/06/1994","614.45","601.52","614.76","601.52","","2.23%"
"06/03/1994","601.04","600.96","604.25","597.47","","0.09%"
"06/02/1994","600.51","605.29","606.99","600.51","","-1.03%"
"06/01/1994","606.79","605.28","608.01","603.61","","0.25%"
"05/31/1994","605.28","596.03","605.47","596.03","","1.55%"
"05/30/1994","596.03","597.57","597.83","590.74","","-0.31%"
"05/27/1994","597.91","597.00","598.53","593.29","","0.06%"
"05/26/1994","597.57","598.04","600.52","597.36","","0.06%"
"05/24/1994","597.20","591.67","599.19","591.53","","1.04%"
"05/23/1994","591.03","599.74","599.74","590.11","","-1.56%"
"05/20/1994","600.42","607.83","608.02","598.00","","-1.29%"
"05/19/1994","608.25","593.61","608.25","593.56","","2.79%"
"05/18/1994","591.75","573.89","591.75","573.89","","3.29%"
"05/17/1994","572.90","565.10","574.11","561.76","","1.50%"
"05/16/1994","564.42","557.85","567.77","557.85","","1.44%"
"05/13/1994","556.41","547.28","556.41","547.28","","1.71%"
"05/12/1994","547.06","538.55","547.33","538.55","","1.65%"
"05/11/1994","538.17","543.06","544.48","535.90","","-0.87%"
"05/10/1994","542.87","532.19","542.87","532.19","","2.01%"
"05/09/1994","532.19","543.16","543.16","530.72","","-2.06%"
"05/06/1994","543.41","558.66","558.66","543.41","","-2.81%"
"05/05/1994","559.11","549.04","561.04","549.04","","1.92%"
"05/04/1994","548.57","539.48","548.81","539.48","","1.75%"
"05/03/1994","539.14","541.65","543.61","535.64","","-0.40%"
"05/02/1994","541.31","544.98","544.98","534.76","","-0.83%"
"04/29/1994","545.84","547.63","547.63","541.79","","-0.33%"
"04/28/1994","547.63","551.36","556.32","547.06","","-0.77%"
"04/27/1994","551.89","542.32","552.69","541.85","","1.81%"
"04/26/1994","542.08","540.04","542.08","532.34","","0.49%"
"04/25/1994","539.44","526.36","540.47","526.22","","2.55%"
"04/22/1994","526.02","508.61","526.78","508.49","","3.65%"
"04/21/1994","507.48","500.72","507.76","499.05","","1.07%"
"04/20/1994","502.12","510.70","510.70","500.92","","-1.79%"
"04/19/1994","511.26","519.09","520.10","500.05","","-1.47%"
"04/18/1994","518.87","535.03","535.19","517.32","","-3.17%"
"04/15/1994","535.87","540.33","544.09","531.33","","-0.78%"
"04/14/1994","540.09","538.98","541.25","536.09","","0.10%"
"04/13/1994","539.54","552.63","552.63","538.31","","-2.57%"
"04/12/1994","553.75","557.48","561.40","550.55","","-0.55%"
"04/11/1994","556.81","546.20","556.81","544.59","","2.06%"
"04/08/1994","545.57","551.99","555.32","543.86","","-0.97%"
"04/07/1994","550.91","542.69","552.37","542.69","","1.48%"
"04/06/1994","542.87","530.39","542.87","523.90","","2.40%"
"04/05/1994","530.14","512.96","531.89","512.96","","3.64%"
"04/04/1994","511.54","557.31","557.31","510.70","","-8.45%"
"03/30/1994","558.75","563.41","563.41","554.55","","-0.89%"
"03/29/1994","563.74","562.52","564.34","555.39","","-0.05%"
"03/28/1994","564.00","584.75","584.75","557.95","","-4.00%"
"03/25/1994","587.50","575.53","588.73","575.21","","2.04%"
"03/24/1994","575.74","600.23","600.23","572.07","","-4.42%"
"03/23/1994","602.35","578.07","604.83","578.07","","4.76%"
"03/22/1994","575.00","560.66","576.66","560.66","","2.86%"
"03/21/1994","559.02","586.57","586.57","555.48","","-4.87%"
"03/18/1994","587.62","601.37","601.37","585.69","","-2.40%"
"03/17/1994","602.06","601.36","609.55","594.00","","0.12%"
"03/16/1994","601.36","585.05","601.36","584.30","","2.67%"
"03/15/1994","585.73","603.99","604.70","585.39","","-3.02%"
"03/14/1994","603.99","603.22","610.09","602.08","","0.13%"
"03/11/1994","603.22","603.22","603.22","575.04","","-0.09%"
"03/10/1994","603.79","603.79","623.39","603.51","","-2.68%"
"03/09/1994","620.39","620.39","637.87","618.67","","-2.90%"
"03/08/1994","638.93","638.93","638.93","625.81","","1.15%"
"03/07/1994","631.67","631.67","640.31","623.87","","1.15%"
"03/04/1994","624.51","624.51","624.51","596.47","","3.25%"
"03/03/1994","604.88","604.88","619.46","589.29","","0.92%"
"03/02/1994","599.35","599.35","601.74","565.63","","-0.77%"
"03/01/1994","604.03","604.03","652.93","602.87","","-7.36%"
"02/28/1994","652.01","652.01","652.01","620.01","","5.18%"
"02/25/1994","619.92","619.92","619.92","619.92","","-5.62%"
"02/24/1994","656.81","656.81","656.81","656.81","","-3.48%"
"02/23/1994","680.47","680.47","680.47","680.47","","-5.11%"
"02/22/1994","717.09","717.09","717.09","717.09","","1.23%"
"02/21/1994","708.36","708.36","708.36","708.36","","1.80%"
"02/18/1994","695.81","695.81","695.81","695.81","","-2.51%"
"02/17/1994","713.75","713.75","713.75","713.75","","-1.94%"
"02/16/1994","727.85","727.85","727.85","727.85","","4.11%"
"02/15/1994","699.12","699.12","699.12","699.12","","3.16%"
"02/14/1994","677.70","677.70","677.70","677.70","","-1.50%"
"02/11/1994","688.03","688.03","688.03","688.03","","-1.44%"
"02/10/1994","698.11","698.11","698.11","698.11","","-2.39%"
"02/09/1994","715.21","715.21","715.21","715.21","","-0.29%"
"02/08/1994","717.30","717.30","717.30","717.30","","5.29%"
"02/07/1994","681.23","681.23","681.23","681.23","","-3.56%"
"02/04/1994","706.38","706.38","706.38","706.38","","1.37%"
"02/03/1994","696.81","696.81","696.81","696.81","","2.22%"
"02/02/1994","681.66","681.66","681.66","681.66","","-0.05%"
"02/01/1994","682.00","682.00","682.00","682.00","","-0.16%"
"01/31/1994","683.12","683.12","683.12","683.12","","2.73%"
"01/28/1994","664.98","664.98","664.98","664.98","","0.92%"
"01/27/1994","658.89","658.89","658.89","658.89","","2.91%"
"01/26/1994","640.26","640.26","640.26","640.26","","1.70%"
"01/25/1994","629.53","629.53","629.53","629.53","","1.10%"
"01/24/1994","622.71","622.71","622.71","622.71","","-1.84%"
"01/21/1994","634.41","634.41","634.41","634.41","","-0.47%"
"01/20/1994","637.42","637.42","637.42","637.42","","1.68%"
"01/19/1994","626.86","626.86","626.86","626.86","","0.49%"
"01/18/1994","623.83","623.83","623.83","623.83","","0.40%"
"01/17/1994","621.35","621.35","621.35","621.35","","1.60%"
"01/14/1994","611.58","611.58","611.58","611.58","","-0.03%"
"01/13/1994","611.77","611.77","611.77","611.77","","1.07%"
"01/12/1994","605.31","605.31","605.31","605.31","","1.73%"
"01/11/1994","595.04","595.04","595.04","595.04","","-2.49%"
"01/10/1994","610.24","610.24","610.24","610.24","","-0.15%"
"01/07/1994","611.17","611.17","611.17","611.17","","2.50%"
"01/06/1994","596.29","596.29","596.29","596.29","","0.52%"
"01/05/1994","593.23","593.23","593.23","593.23","","-0.82%"
"01/04/1994","598.16","598.16","598.16","598.16","","-0.04%"
"01/03/1994","598.39","598.39","598.39","598.39","","2.83%"
"12/30/1993","581.92","581.92","581.92","581.92","","0.51%"
"12/29/1993","578.95","578.95","578.95","578.95","","2.10%"
"12/28/1993","567.02","567.02","567.02","567.02","","-0.17%"
"12/27/1993","567.99","567.99","567.99","567.99","","2.78%"
"12/24/1993","552.64","552.64","552.64","552.64","","0.32%"
"12/23/1993","550.87","550.87","550.87","550.87","","3.75%"
"12/22/1993","530.94","530.94","530.94","530.94","","0.30%"
"12/21/1993","529.33","529.33","529.33","529.33","","-0.30%"
"12/20/1993","530.90","530.90","530.90","530.90","","2.71%"
"12/17/1993","516.91","516.91","516.91","516.91","","1.92%"
"12/16/1993","507.19","507.19","507.19","507.19","","-0.90%"
"12/15/1993","511.82","511.82","511.82","511.82","","-0.67%"
"12/14/1993","515.26","515.26","515.26","515.26","","0.09%"
"12/13/1993","514.79","514.79","514.79","514.79","","0.33%"
"12/10/1993","513.11","513.11","513.11","513.11","","0.34%"
"12/09/1993","511.38","511.38","511.38","511.38","","3.36%"
"12/07/1993","494.77","494.77","494.77","494.77","","-0.30%"
"12/06/1993","496.25","496.25","496.25","496.25","","1.39%"
"12/03/1993","489.44","489.44","489.44","489.44","","2.02%"
"12/02/1993","479.74","479.74","479.74","479.74","","-1.00%"
"12/01/1993","484.57","484.57","484.57","484.57","","1.21%"
"11/30/1993","478.76","478.76","478.76","478.76","","-0.43%"
"11/29/1993","480.82","480.82","480.82","480.82","","-0.78%"
"11/26/1993","484.59","484.59","484.59","484.59","","3.23%"
"11/25/1993","469.45","469.45","469.45","469.45","","-1.47%"
"11/24/1993","476.44","476.44","476.44","476.44","","-2.52%"
"11/23/1993","488.74","488.74","488.74","488.74","","-1.05%"
"11/22/1993","493.92","493.92","493.92","493.92","","-2.56%"
"11/19/1993","506.89","506.89","506.89","506.89","","-2.78%"
"11/18/1993","521.38","521.38","521.38","521.38","","0.66%"
"11/17/1993","517.97","517.97","517.97","517.97","","2.16%"
"11/16/1993","507.03","507.03","507.03","507.03","","-0.37%"
"11/15/1993","508.89","508.89","508.89","508.89","","1.10%"
"11/12/1993","503.37","503.37","503.37","503.37","","1.50%"
"11/11/1993","495.91","495.91","495.91","495.91","","-1.05%"
"11/10/1993","501.17","501.17","501.17","501.17","","1.29%"
"11/09/1993","494.81","494.81","494.81","494.81","","2.75%"
"11/08/1993","481.56","481.56","481.56","481.56","","1.20%"
"11/05/1993","475.85","475.85","475.85","475.85","","-3.04%"
"11/04/1993","490.77","490.77","490.77","490.77","","0.62%"
"11/03/1993","487.75","487.75","487.75","487.75","","-2.20%"
"11/02/1993","498.72","498.72","498.72","498.72","","-0.19%"
"11/01/1993","499.68","499.68","499.68","499.68","","-1.61%"
"10/29/1993","507.85","507.85","507.85","507.85","","1.15%"
"10/28/1993","502.08","502.08","502.08","502.08","","-0.05%"
"10/27/1993","502.35","502.35","502.35","502.35","","-1.49%"
"10/26/1993","509.93","509.93","509.93","509.93","","-0.79%"
"10/25/1993","513.99","513.99","513.99","513.99","","-4.15%"
"10/22/1993","536.24","536.24","536.24","536.24","","0.03%"
"10/21/1993","536.07","536.07","536.07","536.07","","1.52%"
"10/20/1993","528.04","528.04","528.04","528.04","","-0.18%"
"10/19/1993","529.00","529.00","529.00","529.00","","1.32%"
"10/18/1993","522.10","522.10","522.10","522.10","","1.33%"
"10/15/1993","515.26","515.26","515.26","515.26","","0.01%"
"10/14/1993","515.21","515.21","515.21","515.21","","2.48%"
"10/13/1993","502.75","502.75","502.75","502.75","","0.07%"
"10/12/1993","502.40","502.40","502.40","502.40","","1.40%"
"10/08/1993","495.48","495.48","495.48","495.48","","0.90%"
"10/07/1993","491.04","491.04","491.04","491.04","","0.56%"
"10/06/1993","488.29","488.29","488.29","488.29","","-1.67%"
"10/05/1993","496.57","496.57","496.57","496.57","","-0.13%"
"10/04/1993","497.22","497.22","497.22","497.22","","2.39%"
"10/01/1993","485.62","485.62","485.62","485.62","","-0.30%"
"09/30/1993","487.09","487.09","487.09","487.09","","1.46%"
"09/29/1993","480.10","480.10","480.10","480.10","","0.17%"
"09/28/1993","479.30","479.30","479.30","479.30","","2.20%"
"09/27/1993","469.00","469.00","469.00","469.00","","1.93%"
"09/24/1993","460.12","460.12","460.12","460.12","","-1.70%"
"09/23/1993","468.10","468.10","468.10","468.10","","-0.07%"
"09/22/1993","468.43","468.43","468.43","468.43","","1.09%"
"09/21/1993","463.37","463.37","463.37","463.37","","-3.89%"
"09/20/1993","482.10","482.10","482.10","482.10","","-1.47%"
"09/17/1993","489.31","489.31","489.31","489.31","","1.49%"
"09/16/1993","482.14","482.14","482.14","482.14","","0.00%"
"09/15/1993","482.14","482.14","482.14","482.14","","-0.04%"
"09/14/1993","482.34","482.34","482.34","482.34","","-0.91%"
"09/13/1993","486.79","486.79","486.79","486.79","","0.34%"
"09/10/1993","485.13","485.13","485.13","485.13","","1.36%"
"09/09/1993","478.63","478.63","478.63","478.63","","-0.82%"
"09/08/1993","482.60","482.60","482.60","482.60","","0.98%"
"09/07/1993","477.93","477.93","477.93","477.93","","-2.21%"
"09/06/1993","488.75","488.75","488.75","488.75","","2.63%"
"09/03/1993","476.23","476.23","476.23","476.23","","2.43%"
"09/02/1993","464.91","464.91","464.91","464.91","","2.39%"
"09/01/1993","454.04","454.04","454.04","454.04","","1.18%"
"08/31/1993","448.76","448.76","448.76","448.76","","1.18%"
"08/30/1993","443.51","443.51","443.51","443.51","","0.31%"
"08/27/1993","442.14","442.14","442.14","442.14","","-1.05%"
"08/26/1993","446.85","446.85","446.85","446.85","","1.12%"
"08/25/1993","441.92","441.92","441.92","441.92","","0.69%"
"08/24/1993","438.91","438.91","438.91","438.91","","0.64%"
"08/23/1993","436.14","436.14","436.14","436.14","","-0.46%"
"08/20/1993","438.16","438.16","438.16","438.16","","1.65%"
"08/19/1993","431.06","431.06","431.06","431.06","","1.85%"
"08/18/1993","423.24","423.24","423.24","423.24","","0.77%"
"08/17/1993","419.99","419.99","419.99","419.99","","1.79%"
"08/13/1993","412.60","412.60","412.60","412.60","","0.15%"
"08/12/1993","411.99","411.99","411.99","411.99","","1.23%"
"08/11/1993","406.99","406.99","406.99","406.99","","0.00%"
"08/10/1993","406.98","406.98","406.98","406.98","","2.18%"
"08/09/1993","398.30","398.30","398.30","398.30","","-0.80%"
"08/06/1993","401.52","401.52","401.52","401.52","","-1.42%"
"08/05/1993","407.32","407.32","407.32","407.32","","2.38%"
"08/04/1993","397.86","397.86","397.86","397.86","","-0.33%"
"08/03/1993","399.16","399.16","399.16","399.16","","-2.38%"
"08/02/1993","408.90","408.90","408.90","408.90","","-0.29%"
"07/30/1993","410.09","410.09","410.09","410.09","","-0.72%"
"07/29/1993","413.06","413.06","413.06","413.06","","-1.13%"
"07/28/1993","417.79","417.79","417.79","417.79","","0.68%"
"07/27/1993","414.96","414.96","414.96","414.96","","1.28%"
"07/26/1993","409.70","409.70","409.70","409.70","","-0.57%"
"07/23/1993","412.04","412.04","412.04","412.04","","-0.11%"
"07/22/1993","412.50","412.50","412.50","412.50","","-0.53%"
"07/21/1993","414.68","414.68","414.68","414.68","","-0.57%"
"07/20/1993","417.07","417.07","417.07","417.07","","0.85%"
"07/19/1993","413.56","413.56","413.56","413.56","","0.82%"
"07/16/1993","410.21","410.21","410.21","410.21","","0.10%"
"07/15/1993","409.81","409.81","409.81","409.81","","-0.94%"
"07/14/1993","413.71","413.71","413.71","413.71","","0.65%"
"07/13/1993","411.04","411.04","411.04","411.04","","-0.11%"
"07/12/1993","411.49","411.49","411.49","411.49","","-1.61%"
"07/08/1993","418.24","418.24","418.24","418.24","","3.27%"
"07/07/1993","404.98","404.98","404.98","404.98","","-1.07%"
"07/06/1993","409.35","409.35","409.35","409.35","","-0.64%"
"07/05/1993","411.99","411.99","411.99","411.99","","-0.46%"
"07/02/1993","413.91","413.91","413.91","413.91","","2.30%"
"07/01/1993","404.62","404.62","404.62","404.62","","-2.01%"
"06/30/1993","412.91","412.91","412.91","412.91","","1.60%"
"06/29/1993","406.40","406.40","406.40","406.40","","-2.41%"
"06/28/1993","416.45","416.45","416.45","416.45","","-0.92%"
"06/25/1993","420.30","420.30","420.30","420.30","","0.04%"
"06/24/1993","420.12","420.12","420.12","420.12","","-1.29%"
"06/23/1993","425.62","425.62","425.62","425.62","","1.69%"
"06/22/1993","418.56","418.56","418.56","418.56","","-0.31%"
"06/21/1993","419.85","419.85","419.85","419.85","","-0.52%"
"06/18/1993","422.03","422.03","422.03","422.03","","1.65%"
"06/17/1993","415.16","415.16","415.16","415.16","","1.74%"
"06/16/1993","408.07","408.07","408.07","408.07","","0.26%"
"06/15/1993","407.02","407.02","407.02","407.02","","2.49%"
"06/11/1993","397.12","397.12","397.12","397.12","","-0.97%"
"06/10/1993","401.02","401.02","401.02","401.02","","2.79%"
"06/09/1993","390.13","390.13","390.13","390.13","","-1.93%"
"06/08/1993","397.79","397.79","397.79","397.79","","-1.76%"
"06/07/1993","404.90","404.90","404.90","404.90","","0.81%"
"06/04/1993","401.63","401.63","401.63","401.63","","1.02%"
"06/03/1993","397.59","397.59","397.59","397.59","","0.91%"
"06/02/1993","394.02","394.02","394.02","394.02","","3.33%"
"06/01/1993","381.32","381.32","381.32","381.32","","0.98%"
"05/31/1993","377.62","377.62","377.62","377.62","","-0.73%"
"05/28/1993","380.39","380.39","380.39","380.39","","2.65%"
"05/27/1993","370.57","370.57","370.57","370.57","","1.54%"
"05/26/1993","364.96","364.96","364.96","364.96","","1.62%"
"05/24/1993","359.15","359.15","359.15","359.15","","0.10%"
"05/21/1993","358.78","358.78","358.78","358.78","","-1.59%"
"05/20/1993","364.56","364.56","364.56","364.56","","-1.57%"
"05/19/1993","370.39","370.39","370.39","370.39","","1.22%"
"05/18/1993","365.93","365.93","365.93","365.93","","1.89%"
"05/17/1993","359.15","359.15","359.15","359.15","","-1.10%"
"05/14/1993","363.16","363.16","363.16","363.16","","-2.94%"
"05/13/1993","374.15","374.15","374.15","374.15","","2.95%"
"05/12/1993","363.42","363.42","363.42","363.42","","-0.45%"
"05/11/1993","365.08","365.08","365.08","365.08","","2.39%"
"05/10/1993","356.56","356.56","356.56","356.56","","-1.28%"
"05/07/1993","361.19","361.19","361.19","361.19","","-1.46%"
"05/06/1993","366.54","366.54","366.54","366.54","","-3.83%"
"05/05/1993","381.13","381.13","381.13","381.13","","3.55%"
"05/04/1993","368.06","368.06","368.06","368.06","","-1.33%"
"05/03/1993","373.02","373.02","373.02","373.02","","-6.05%"
"04/30/1993","397.03","397.03","397.03","397.03","","-3.13%"
"04/29/1993","409.86","409.86","409.86","409.86","","0.48%"
"04/28/1993","407.90","407.90","407.90","407.90","","1.04%"
"04/27/1993","403.71","403.71","403.71","403.71","","-2.40%"
"04/26/1993","413.64","413.64","413.64","413.64","","-3.19%"
"04/23/1993","427.26","427.26","427.26","427.26","","-0.47%"
"04/22/1993","429.28","429.28","429.28","429.28","","-0.41%"
"04/21/1993","431.06","431.06","431.06","431.06","","0.58%"
"04/20/1993","428.56","428.56","428.56","428.56","","1.29%"
"04/19/1993","423.09","423.09","423.09","423.09","","1.10%"
"04/16/1993","418.47","418.47","418.47","418.47","","1.25%"
"04/15/1993","413.29","413.29","413.29","413.29","","-1.53%"
"04/14/1993","419.72","419.72","419.72","419.72","","0.10%"
"04/13/1993","419.28","419.28","419.28","419.28","","2.12%"
"04/12/1993","410.59","410.59","410.59","410.59","","0.03%"
"04/07/1993","410.45","410.45","410.45","410.45","","-1.44%"
"04/06/1993","416.43","416.43","416.43","416.43","","4.48%"
"04/05/1993","398.57","398.57","398.57","398.57","","-0.12%"
"04/02/1993","399.06","399.06","399.06","399.06","","-2.24%"
"04/01/1993","408.20","408.20","408.20","408.20","","-2.96%"
"03/31/1993","420.66","420.66","420.66","420.66","","0.47%"
"03/30/1993","418.70","418.70","418.70","418.70","","2.18%"
"03/29/1993","409.77","409.77","409.77","409.77","","-1.63%"
"03/26/1993","416.58","416.58","416.58","416.58","","1.59%"
"03/25/1993","410.07","410.07","410.07","410.07","","0.39%"
"03/24/1993","408.46","408.46","408.46","408.46","","-1.78%"
"03/23/1993","415.87","415.87","415.87","415.87","","-0.53%"
"03/22/1993","418.07","418.07","418.07","418.07","","2.67%"
"03/19/1993","407.19","407.19","407.19","407.19","","2.08%"
"03/18/1993","398.89","398.89","398.89","398.89","","-2.70%"
"03/17/1993","409.94","409.94","409.94","409.94","","0.25%"
"03/16/1993","408.91","408.91","408.91","408.91","","3.41%"
"03/15/1993","395.42","395.42","395.42","395.42","","1.38%"
"03/12/1993","390.02","390.02","390.02","390.02","","1.19%"
"03/11/1993","385.42","385.42","385.42","385.42","","1.81%"
"03/10/1993","378.58","378.58","378.58","378.58","","4.29%"
"03/09/1993","363.01","363.01","363.01","363.01","","1.07%"
"03/08/1993","359.15","359.15","359.15","359.15","","-2.34%"
"03/05/1993","367.74","367.74","367.74","367.74","","0.96%"
"03/04/1993","364.24","364.24","364.24","364.24","","-0.88%"
"03/03/1993","367.46","367.46","367.46","367.46","","0.48%"
"03/02/1993","365.72","365.72","365.72","365.72","","-1.67%"
"03/01/1993","371.93","371.93","371.93","371.93","","-4.34%"
"02/26/1993","388.79","388.79","388.79","388.79","","0.87%"
"02/25/1993","385.45","385.45","385.45","385.45","","0.69%"
"02/24/1993","382.79","382.79","382.79","382.79","","-1.91%"
"02/23/1993","390.23","390.23","390.23","390.23","","3.82%"
"02/22/1993","375.86","375.86","375.86","375.86","","2.31%"
"02/19/1993","367.36","367.36","367.36","367.36","","2.15%"
"02/18/1993","359.64","359.64","359.64","359.64","","-5.83%"
"02/17/1993","381.90","381.90","381.90","381.90","","2.88%"
"02/16/1993","371.22","371.22","371.22","371.22","","-1.79%"
"02/15/1993","377.99","377.99","377.99","377.99","","-3.48%"
"02/12/1993","391.62","391.62","391.62","391.62","","-0.37%"
"02/11/1993","393.09","393.09","393.09","393.09","","-0.60%"
"02/10/1993","395.45","395.45","395.45","395.45","","2.43%"
"02/09/1993","386.06","386.06","386.06","386.06","","-3.58%"
"02/08/1993","400.40","400.40","400.40","400.40","","-1.93%"
"02/05/1993","408.28","408.28","408.28","408.28","","-1.80%"
"02/04/1993","415.76","415.76","415.76","415.76","","0.58%"
"02/03/1993","413.38","413.38","413.38","413.38","","2.12%"
"02/02/1993","404.78","404.78","404.78","404.78","","-1.28%"
"02/01/1993","410.04","410.04","410.04","410.04","","-4.25%"
"01/29/1993","428.24","428.24","428.24","428.24","","9.26%"
"01/28/1993","391.94","391.94","391.94","391.94","","-0.31%"
"01/27/1993","393.16","393.16","393.16","393.16","","-3.77%"
"01/26/1993","408.58","408.58","408.58","408.58","","2.15%"
"01/25/1993","399.97","399.97","399.97","399.97","","-4.07%"
"01/22/1993","416.93","416.93","416.93","416.93","","-1.36%"
"01/21/1993","422.68","422.68","422.68","422.68","","-3.40%"
"01/20/1993","437.57","437.57","437.57","437.57","","2.51%"
"01/19/1993","426.85","426.85","426.85","426.85","","-2.76%"
"01/18/1993","438.98","438.98","438.98","438.98","","-2.96%"
"01/15/1993","452.35","452.35","452.35","452.35","","-2.72%"
"01/14/1993","464.99","464.99","464.99","464.99","","0.63%"
"01/13/1993","462.09","462.09","462.09","462.09","","-2.19%"
"01/12/1993","472.46","472.46","472.46","472.46","","-0.47%"
"01/11/1993","474.68","474.68","474.68","474.68","","2.24%"
"01/08/1993","464.26","464.26","464.26","464.26","","-0.70%"
"01/07/1993","467.55","467.55","467.55","467.55","","3.11%"
"01/06/1993","453.46","453.46","453.46","453.46","","3.52%"
"01/05/1993","438.05","438.05","438.05","438.05","","3.21%"
"01/04/1993","424.44","424.44","424.44","424.44","","-0.44%"
"12/30/1992","426.33","426.33","426.33","426.33","","-2.34%"
"12/29/1992","436.53","436.53","436.53","436.53","","-4.48%"
"12/28/1992","456.98","456.98","456.98","456.98","","1.36%"
"12/24/1992","450.87","450.87","450.87","450.87","","1.34%"
"12/23/1992","444.90","444.90","444.90","444.90","","4.04%"
"12/22/1992","427.64","427.64","427.64","427.64","","-1.05%"
"12/21/1992","432.16","432.16","432.16","432.16","","4.60%"
"12/18/1992","413.15","413.15","413.15","413.15","","1.13%"
"12/17/1992","408.53","408.53","408.53","408.53","","-0.53%"
"12/16/1992","410.69","410.69","410.69","410.69","","-0.90%"
"12/15/1992","414.44","414.44","414.44","414.44","","-1.68%"
"12/14/1992","421.51","421.51","421.51","421.51","","2.29%"
"12/11/1992","412.08","412.08","412.08","412.08","","-0.74%"
"12/10/1992","415.14","415.14","415.14","415.14","","5.46%"
"12/09/1992","393.66","393.66","393.66","393.66","","-0.83%"
"12/07/1992","396.94","396.94","396.94","396.94","","0.35%"
"12/04/1992","395.54","395.54","395.54","395.54","","1.57%"
"12/03/1992","389.41","389.41","389.41","389.41","","5.69%"
"12/02/1992","368.44","368.44","368.44","368.44","","-0.27%"
"12/01/1992","369.42","369.42","369.42","369.42","","6.78%"
"11/30/1992","345.97","345.97","345.97","345.97","","-1.37%"
"11/27/1992","350.79","350.79","350.79","350.79","","1.38%"
"11/26/1992","346.00","346.00","346.00","346.00","","3.91%"
"11/25/1992","332.97","332.97","332.97","332.97","","-1.81%"
"11/24/1992","339.12","339.12","339.12","339.12","","6.29%"
"11/23/1992","319.06","319.06","319.06","319.06","","-5.03%"
"11/20/1992","335.97","335.97","335.97","335.97","","-7.27%"
"11/19/1992","362.30","362.30","362.30","362.30","","-2.37%"
"11/18/1992","371.08","371.08","371.08","371.08","","3.15%"
"11/17/1992","359.75","359.75","359.75","359.75","","10.05%"
"11/16/1992","326.91","326.91","326.91","326.91","","1.06%"
"11/13/1992","323.47","323.47","323.47","323.47","","-2.28%"
"11/12/1992","331.03","331.03","331.03","331.03","","-0.07%"
"11/11/1992","331.27","331.27","331.27","331.27","","-1.18%"
"11/10/1992","335.21","335.21","335.21","335.21","","-7.28%"
"11/09/1992","361.54","361.54","361.54","361.54","","3.40%"
"11/06/1992","349.66","349.66","349.66","349.66","","-6.58%"
"11/05/1992","374.29","374.29","374.29","374.29","","-5.86%"
"11/04/1992","397.57","397.57","397.57","397.57","","0.38%"
"11/03/1992","396.08","396.08","396.08","396.08","","3.22%"
"11/02/1992","383.74","383.74","383.74","383.74","","-3.14%"
"10/30/1992","396.16","396.16","396.16","396.16","","-3.33%"
"10/29/1992","409.81","409.81","409.81","409.81","","9.12%"
"10/28/1992","375.55","375.55","375.55","375.55","","3.54%"
"10/27/1992","362.71","362.71","362.71","362.71","","-6.93%"
"10/26/1992","389.73","389.73","389.73","389.73","","-1.89%"
"10/23/1992","397.23","397.23","397.23","397.23","","3.66%"
"10/22/1992","383.21","383.21","383.21","383.21","","3.49%"
"10/21/1992","370.30","370.30","370.30","370.30","","1.67%"
"10/20/1992","364.20","364.20","364.20","364.20","","10.69%"
"10/19/1992","329.04","329.04","329.04","329.04","","4.33%"
"10/16/1992","315.38","315.38","315.38","315.38","","-1.70%"
"10/15/1992","320.84","320.84","320.84","320.84","","-8.06%"
"10/14/1992","348.95","348.95","348.95","348.95","","0.55%"
"10/13/1992","347.05","347.05","347.05","347.05","","-4.92%"
"10/09/1992","364.99","364.99","364.99","364.99","","-3.27%"
"10/08/1992","377.32","377.32","377.32","377.32","","-4.95%"
"10/07/1992","396.96","396.96","396.96","396.96","","7.55%"
"10/06/1992","369.08","369.08","369.08","369.08","","0.06%"
"10/05/1992","368.87","368.87","368.87","368.87","","-10.50%"
"10/02/1992","412.13","412.13","412.13","412.13","","-3.19%"
"10/01/1992","425.69","425.69","425.69","425.69","","1.40%"
"09/30/1992","419.80","419.80","419.80","419.80","","-4.27%"
"09/29/1992","438.51","438.51","438.51","438.51","","-3.03%"
"09/28/1992","452.20","452.20","452.20","452.20","","-4.23%"
"09/25/1992","472.18","472.18","472.18","472.18","","-1.82%"
"09/24/1992","480.93","480.93","480.93","480.93","","0.09%"
"09/23/1992","480.50","480.50","480.50","480.50","","2.27%"
"09/22/1992","469.83","469.83","469.83","469.83","","-0.51%"
"09/21/1992","472.22","472.22","472.22","472.22","","-1.48%"
"09/18/1992","479.30","479.30","479.30","479.30","","3.15%"
"09/17/1992","464.67","464.67","464.67","464.67","","-1.21%"
"09/16/1992","470.36","470.36","470.36","470.36","","-5.48%"
"09/15/1992","497.61","497.61","497.61","497.61","","-2.22%"
"09/14/1992","508.93","508.93","508.93","508.93","","-0.36%"
"09/11/1992","510.79","510.79","510.79","510.79","","-0.66%"
"09/10/1992","514.17","514.17","514.17","514.17","","-1.80%"
"09/09/1992","523.58","523.58","523.58","523.58","","3.32%"
"09/08/1992","506.78","506.78","506.78","506.78","","-0.07%"
"09/07/1992","507.14","507.14","507.14","507.14","","-0.87%"
"09/04/1992","511.57","511.57","511.57","511.57","","2.70%"
"09/03/1992","498.13","498.13","498.13","498.13","","4.39%"
"09/02/1992","477.18","477.18","477.18","477.18","","-1.75%"
"09/01/1992","485.68","485.68","485.68","485.68","","6.89%"
"08/31/1992","454.39","454.39","454.39","454.39","","3.24%"
"08/28/1992","440.15","440.15","440.15","440.15","","4.79%"
"08/27/1992","420.04","420.04","420.04","420.04","","-0.15%"
"08/26/1992","420.65","420.65","420.65","420.65","","-2.53%"
"08/25/1992","431.57","431.57","431.57","431.57","","3.40%"
"08/24/1992","417.36","417.36","417.36","417.36","","-8.29%"
"08/21/1992","455.10","455.10","455.10","455.10","","-2.64%"
"08/20/1992","467.43","467.43","467.43","467.43","","3.50%"
"08/19/1992","451.64","451.64","451.64","451.64","","-2.53%"
"08/18/1992","463.35","463.35","463.35","463.35","","-7.68%"
"08/14/1992","501.91","501.91","501.91","501.91","","-2.61%"
"08/13/1992","515.37","515.37","515.37","515.37","","2.95%"
"08/12/1992","500.58","500.58","500.58","500.58","","-5.53%"
"08/11/1992","529.89","529.89","529.89","529.89","","-4.52%"
"08/10/1992","555.00","555.00","555.00","555.00","","1.44%"
"08/07/1992","547.11","547.11","547.11","547.11","","2.67%"
"08/06/1992","532.90","532.90","532.90","532.90","","-7.66%"
"08/05/1992","577.12","577.12","577.12","577.12","","-2.97%"
"08/04/1992","594.80","594.80","594.80","594.80","","2.83%"
"08/03/1992","578.41","578.41","578.41","578.41","","-0.33%"
"07/31/1992","580.33","580.33","580.33","580.33","","8.84%"
"07/30/1992","533.20","533.20","533.20","533.20","","5.95%"
"07/29/1992","503.26","503.26","503.26","503.26","","-4.53%"
"07/28/1992","527.14","527.14","527.14","527.14","","-5.92%"
"07/27/1992","560.34","560.34","560.34","560.34","","-0.07%"
"07/24/1992","560.73","560.73","560.73","560.73","","3.88%"
"07/23/1992","539.80","539.80","539.80","539.80","","-3.57%"
"07/22/1992","559.76","559.76","559.76","559.76","","-6.68%"
"07/21/1992","599.86","599.86","599.86","599.86","","-3.81%"
"07/20/1992","623.61","623.61","623.61","623.61","","-4.11%"
"07/17/1992","650.34","650.34","650.34","650.34","","3.67%"
"07/16/1992","627.31","627.31","627.31","627.31","","2.06%"
"07/15/1992","614.66","614.66","614.66","614.66","","-3.36%"
"07/14/1992","636.06","636.06","636.06","636.06","","-4.29%"
"07/13/1992","664.56","664.56","664.56","664.56","","1.88%"
"07/10/1992","652.27","652.27","652.27","652.27","","1.15%"
"07/08/1992","644.87","644.87","644.87","644.87","","5.83%"
"07/07/1992","609.36","609.36","609.36","609.36","","1.35%"
"07/06/1992","601.24","601.24","601.24","601.24","","-4.54%"
"07/03/1992","629.81","629.81","629.81","629.81","","-1.95%"
"07/02/1992","642.33","642.33","642.33","642.33","","-4.89%"
"07/01/1992","675.36","675.36","675.36","675.36","","2.26%"
"06/30/1992","660.42","660.42","660.42","660.42","","-6.35%"
"06/29/1992","705.19","705.19","705.19","705.19","","-1.92%"
"06/26/1992","718.96","718.96","718.96","718.96","","4.69%"
"06/25/1992","686.75","686.75","686.75","686.75","","-5.91%"
"06/24/1992","729.89","729.89","729.89","729.89","","2.58%"
"06/23/1992","711.55","711.55","711.55","711.55","","-6.05%"
"06/22/1992","757.40","757.40","757.40","757.40","","-7.92%"
"06/19/1992","822.54","822.54","822.54","822.54","","0.83%"
"06/18/1992","815.78","815.78","815.78","815.78","","-3.59%"
"06/17/1992","846.12","846.12","846.12","846.12","","-2.18%"
"06/16/1992","865.00","865.00","865.00","865.00","","-0.74%"
"06/15/1992","871.41","871.41","871.41","871.41","","-0.42%"
"06/12/1992","875.09","875.09","875.09","875.09","","1.69%"
"06/11/1992","860.56","860.56","860.56","860.56","","2.17%"
"06/10/1992","842.31","842.31","842.31","842.31","","1.07%"
"06/09/1992","833.36","833.36","833.36","833.36","","-1.85%"
"06/05/1992","849.06","849.06","849.06","849.06","","-0.73%"
"06/04/1992","855.27","855.27","855.27","855.27","","-2.17%"
"06/03/1992","874.22","874.22","874.22","874.22","","0.53%"
"06/02/1992","869.64","869.64","869.64","869.64","","-2.33%"
"06/01/1992","890.41","890.41","890.41","890.41","","0.98%"
"05/29/1992","881.74","881.74","881.74","881.74","","0.68%"
"05/28/1992","875.81","875.81","875.81","875.81","","0.72%"
"05/27/1992","869.59","869.59","869.59","869.59","","-0.10%"
"05/26/1992","870.43","870.43","870.43","870.43","","0.79%"
"05/22/1992","863.64","863.64","863.64","863.64","","-0.74%"
"05/21/1992","870.10","870.10","870.10","870.10","","0.61%"
"05/20/1992","864.84","864.84","864.84","864.84","","4.03%"
"05/19/1992","831.31","831.31","831.31","831.31","","-0.58%"
"05/18/1992","836.17","836.17","836.17","836.17","","0.40%"
"05/15/1992","832.85","832.85","832.85","832.85","","1.67%"
"05/14/1992","819.15","819.15","819.15","819.15","","3.91%"
"05/13/1992","788.36","788.36","788.36","788.36","","-0.34%"
"05/12/1992","791.04","791.04","791.04","791.04","","0.51%"
"05/11/1992","787.04","787.04","787.04","787.04","","-1.41%"
"05/08/1992","798.32","798.32","798.32","798.32","","-0.63%"
"05/07/1992","803.40","803.40","803.40","803.40","","-2.08%"
"05/06/1992","820.46","820.46","820.46","820.46","","-0.35%"
"05/05/1992","823.36","823.36","823.36","823.36","","0.87%"
"05/04/1992","816.27","816.27","816.27","816.27","","-1.71%"
"04/30/1992","830.46","830.46","830.46","830.46","","-1.06%"
"04/29/1992","839.36","839.36","839.36","839.36","","0.88%"
"04/28/1992","832.05","832.05","832.05","832.05","","0.59%"
"04/27/1992","827.19","827.19","827.19","827.19","","4.74%"
"04/24/1992","789.72","789.72","789.72","789.72","","2.69%"
"04/23/1992","769.04","769.04","769.04","769.04","","3.35%"
"04/22/1992","744.10","744.10","744.10","744.10","","-0.80%"
"04/21/1992","750.10","750.10","750.10","750.10","","0.56%"
"04/20/1992","745.90","745.90","745.90","745.90","","1.70%"
"04/15/1992","733.42","733.42","733.42","733.42","","0.65%"
"04/14/1992","728.65","728.65","728.65","728.65","","-1.16%"
"04/13/1992","737.21","737.21","737.21","737.21","","-1.26%"
"04/10/1992","746.58","746.58","746.58","746.58","","0.04%"
"04/09/1992","746.26","746.26","746.26","746.26","","1.47%"
"04/08/1992","735.44","735.44","735.44","735.44","","-2.35%"
"04/07/1992","753.14","753.14","753.14","753.14","","-1.59%"
"04/06/1992","765.32","765.32","765.32","765.32","","-0.40%"
"04/03/1992","768.43","768.43","768.43","768.43","","2.23%"
"04/02/1992","751.64","751.64","751.64","751.64","","1.17%"
"04/01/1992","742.94","742.94","742.94","742.94","","-0.65%"
"03/31/1992","747.79","747.79","747.79","747.79","","-1.75%"
"03/30/1992","761.13","761.13","761.13","761.13","","0.00%"
"03/27/1992","761.13","761.13","761.13","761.13","","2.03%"
"03/26/1992","746.01","746.01","746.01","746.01","","-0.30%"
"03/25/1992","748.25","748.25","748.25","748.25","","-1.22%"
"03/24/1992","757.46","757.46","757.46","757.46","","-1.66%"
"03/23/1992","770.21","770.21","770.21","770.21","","2.02%"
"03/20/1992","754.99","754.99","754.99","754.99","","0.77%"
"03/19/1992","749.25","749.25","749.25","749.25","","2.98%"
"03/18/1992","727.60","727.60","727.60","727.60","","1.38%"
"03/17/1992","717.67","717.67","717.67","717.67","","17.44%"
"03/16/1992","611.11","611.11","611.11","611.11","","-13.25%"
"03/13/1992","704.46","704.46","704.46","704.46","","2.29%"
"03/12/1992","688.71","688.71","688.71","688.71","","-3.49%"
"03/11/1992","713.62","713.62","713.62","713.62","","-0.06%"
"03/10/1992","714.05","714.05","714.05","714.05","","2.18%"
"03/09/1992","698.82","698.82","698.82","698.82","","-3.46%"
"03/06/1992","723.89","723.89","723.89","723.89","","-1.53%"
"03/05/1992","735.16","735.16","735.16","735.16","","-0.23%"
"03/04/1992","736.86","736.86","736.86","736.86","","-3.30%"
"03/03/1992","761.97","761.97","761.97","761.97","","8.01%"
"03/02/1992","705.44","705.44","705.44","705.44","","0.39%"
"02/28/1992","702.73","702.73","702.73","702.73","","-5.17%"
"02/27/1992","741.05","741.05","741.05","741.05","","-2.93%"
"02/26/1992","763.40","763.40","763.40","763.40","","-0.69%"
"02/25/1992","768.69","768.69","768.69","768.69","","-2.00%"
"02/24/1992","784.41","784.41","784.41","784.41","","-1.00%"
"02/21/1992","792.30","792.30","792.30","792.30","","1.42%"
"02/20/1992","781.24","781.24","781.24","781.24","","0.89%"
"02/19/1992","774.34","774.34","774.34","774.34","","-1.24%"
"02/18/1992","784.09","784.09","784.09","784.09","","-0.66%"
"02/17/1992","789.26","789.26","789.26","789.26","","-0.90%"
"02/14/1992","796.43","796.43","796.43","796.43","","-0.98%"
"02/13/1992","804.34","804.34","804.34","804.34","","0.06%"
"02/12/1992","803.85","803.85","803.85","803.85","","0.49%"
"02/11/1992","799.90","799.90","799.90","799.90","","-0.04%"
"02/10/1992","800.25","800.25","800.25","800.25","","-0.94%"
"02/07/1992","807.86","807.86","807.86","807.86","","-0.33%"
"02/06/1992","810.51","810.51","810.51","810.51","","-0.87%"
"02/05/1992","817.64","817.64","817.64","817.64","","-1.49%"
"02/04/1992","830.04","830.04","830.04","830.04","","2.05%"
"02/03/1992","813.40","813.40","813.40","813.40","","0.68%"
"01/31/1992","807.92","807.92","807.92","807.92","","-0.05%"
"01/30/1992","808.36","808.36","808.36","808.36","","-0.40%"
"01/29/1992","811.57","811.57","811.57","811.57","","0.05%"
"01/28/1992","811.15","811.15","811.15","811.15","","-0.37%"
"01/27/1992","814.14","814.14","814.14","814.14","","0.53%"
"01/24/1992","809.86","809.86","809.86","809.86","","1.57%"
"01/23/1992","797.38","797.38","797.38","797.38","","2.96%"
"01/22/1992","774.42","774.42","774.42","774.42","","-0.37%"
"01/21/1992","777.31","777.31","777.31","777.31","","-2.78%"
"01/20/1992","799.56","799.56","799.56","799.56","","2.81%"
"01/17/1992","777.73","777.73","777.73","777.73","","-1.04%"
"01/16/1992","785.94","785.94","785.94","785.94","","3.06%"
"01/15/1992","762.57","762.57","762.57","762.57","","-4.57%"
"01/14/1992","799.10","799.10","799.10","799.10","","-2.63%"
"01/13/1992","820.71","820.71","820.71","820.71","","-0.01%"
"01/10/1992","820.79","820.79","820.79","820.79","","1.24%"
"01/09/1992","810.75","810.75","810.75","810.75","","2.25%"
"01/08/1992","792.90","792.90","792.90","792.90","","-1.75%"
"01/07/1992","807.00","807.00","807.00","807.00","","2.67%"
"01/06/1992","786.00","786.00","786.00","786.00","","-1.80%"
"01/03/1992","800.39","800.39","800.39","800.39","","0.80%"
"01/02/1992","794.00","794.00","794.00","794.00","","-0.75%"
"12/30/1991","800.00","800.00","800.00","800.00","","2.25%"
"12/27/1991","782.40","782.40","782.40","782.40","","1.91%"
"12/26/1991","767.75","767.75","767.75","767.75","","0.84%"
"12/24/1991","761.39","761.39","761.39","761.39","","0.00%"
"12/23/1991","761.39","761.39","761.39","761.39","","2.71%"
"12/20/1991","741.30","741.30","741.30","741.30","","3.57%"
"12/19/1991","715.73","715.73","715.73","715.73","","-3.23%"
"12/18/1991","739.61","739.61","739.61","739.61","","1.96%"
"12/17/1991","725.40","725.40","725.40","725.40","","0.51%"
"12/16/1991","721.75","721.75","721.75","721.75","","2.37%"
"12/13/1991","705.04","705.04","705.04","705.04","","1.66%"
"12/12/1991","693.50","693.50","693.50","693.50","","0.62%"
"12/11/1991","689.20","689.20","689.20","689.20","","-0.13%"
"12/10/1991","690.09","690.09","690.09","690.09","","4.73%"
"12/09/1991","658.93","658.93","658.93","658.93","","-4.39%"
"12/06/1991","689.21","689.21","689.21","689.21","","-3.97%"
"12/05/1991","717.67","717.67","717.67","717.67","","1.12%"
"12/04/1991","709.75","709.75","709.75","709.75","","-3.81%"
"12/03/1991","737.89","737.89","737.89","737.89","","6.44%"
"12/02/1991","693.24","693.24","693.24","693.24","","4.04%"
"11/29/1991","666.33","666.33","666.33","666.33","","2.08%"
"11/28/1991","652.75","652.75","652.75","652.75","","-5.36%"
"11/27/1991","689.70","689.70","689.70","689.70","","7.96%"
"11/26/1991","638.86","638.86","638.86","638.86","","5.52%"
"11/25/1991","605.42","605.42","605.42","605.42","","-1.38%"
"11/22/1991","613.91","613.91","613.91","613.91","","-4.71%"
"11/21/1991","644.27","644.27","644.27","644.27","","-7.19%"
"11/20/1991","694.17","694.17","694.17","694.17","","6.35%"
"11/19/1991","652.70","652.70","652.70","652.70","","-2.03%"
"11/18/1991","666.25","666.25","666.25","666.25","","-9.10%"
"11/15/1991","732.92","732.92","732.92","732.92","","0.03%"
"11/14/1991","732.70","732.70","732.70","732.70","","-3.66%"
"11/13/1991","760.54","760.54","760.54","760.54","","-3.27%"
"11/12/1991","786.25","786.25","786.25","786.25","","-2.20%"
"11/11/1991","803.90","803.90","803.90","803.90","","-1.17%"
"11/08/1991","813.41","813.41","813.41","813.41","","2.55%"
"11/07/1991","793.18","793.18","793.18","793.18","","-2.33%"
"11/05/1991","812.12","812.12","812.12","812.12","","-3.32%"
"11/04/1991","839.99","839.99","839.99","839.99","","-1.72%"
"11/01/1991","854.70","854.70","854.70","854.70","","6.96%"
"10/31/1991","799.10","799.10","799.10","799.10","","3.10%"
"10/30/1991","775.07","775.07","775.07","775.07","","9.99%"
"10/29/1991","704.67","704.67","704.67","704.67","","-3.85%"
"10/28/1991","732.89","732.89","732.89","732.89","","-0.82%"
"10/25/1991","738.96","738.96","738.96","738.96","","0.03%"
"10/24/1991","738.74","738.74","738.74","738.74","","-5.07%"
"10/23/1991","778.19","778.19","778.19","778.19","","3.59%"
"10/22/1991","751.25","751.25","751.25","751.25","","-3.18%"
"10/21/1991","775.96","775.96","775.96","775.96","","-5.23%"
"10/18/1991","818.77","818.77","818.77","818.77","","-0.29%"
"10/17/1991","821.17","821.17","821.17","821.17","","-2.36%"
"10/16/1991","840.99","840.99","840.99","840.99","","4.25%"
"10/15/1991","806.67","806.67","806.67","806.67","","-2.56%"
"10/14/1991","827.89","827.89","827.89","827.89","","1.99%"
"10/11/1991","811.77","811.77","811.77","811.77","","8.53%"
"10/10/1991","747.95","747.95","747.95","747.95","","4.07%"
"10/09/1991","718.70","718.70","718.70","718.70","","-1.98%"
"10/08/1991","733.23","733.23","733.23","733.23","","-1.69%"
"10/07/1991","745.87","745.87","745.87","745.87","","5.47%"
"10/04/1991","707.19","707.19","707.19","707.19","","0.19%"
"10/03/1991","705.85","705.85","705.85","705.85","","0.88%"
"10/02/1991","699.66","699.66","699.66","699.66","","-0.59%"
"10/01/1991","703.82","703.82","703.82","703.82","","7.83%"
"09/30/1991","652.73","652.73","652.73","652.73","","5.11%"
"09/27/1991","621.00","621.00","621.00","621.00","","-0.69%"
"09/26/1991","625.34","625.34","625.34","625.34","","4.51%"
"09/25/1991","598.37","598.37","598.37","598.37","","6.38%"
"09/24/1991","562.49","562.49","562.49","562.49","","-0.60%"
"09/23/1991","565.87","565.87","565.87","565.87","","-3.43%"
"09/20/1991","585.99","585.99","585.99","585.99","","0.00%"
"09/19/1991","585.99","585.99","585.99","585.99","","5.28%"
"09/18/1991","556.58","556.58","556.58","556.58","","7.90%"
"09/17/1991","515.83","515.83","515.83","515.83","","-1.30%"
"09/16/1991","522.62","522.62","522.62","522.62","","-2.19%"
"09/13/1991","534.33","534.33","534.33","534.33","","1.69%"
"09/12/1991","525.45","525.45","525.45","525.45","","-4.59%"
"09/11/1991","550.70","550.70","550.70","550.70","","-6.88%"
"09/10/1991","591.36","591.36","591.36","591.36","","-1.65%"
"09/09/1991","601.27","601.27","601.27","601.27","","-3.16%"
"09/06/1991","620.87","620.87","620.87","620.87","","0.28%"
"09/05/1991","619.11","619.11","619.11","619.11","","8.27%"
"09/04/1991","571.82","571.82","571.82","571.82","","-2.40%"
"09/03/1991","585.86","585.86","585.86","585.86","","-4.22%"
"09/02/1991","611.65","611.65","611.65","611.65","","2.93%"
"08/30/1991","594.26","594.26","594.26","594.26","","-1.66%"
"08/29/1991","604.32","604.32","604.32","604.32","","9.61%"
"08/28/1991","551.35","551.35","551.35","551.35","","13.84%"
"08/27/1991","484.33","484.33","484.33","484.33","","-6.92%"
"08/26/1991","520.32","520.32","520.32","520.32","","-5.54%"
"08/23/1991","550.85","550.85","550.85","550.85","","-7.84%"
"08/22/1991","597.74","597.74","597.74","597.74","","15.34%"
"08/21/1991","518.23","518.23","518.23","518.23","","11.85%"
"08/20/1991","463.32","463.32","463.32","463.32","","9.31%"
"08/19/1991","423.84","423.84","423.84","423.84","","2.32%"
"08/16/1991","414.25","414.25","414.25","414.25","","2.19%"
"08/15/1991","405.37","405.37","405.37","405.37","","10.30%"
"08/14/1991","367.52","367.52","367.52","367.52","","3.83%"
"08/13/1991","353.98","353.98","353.98","353.98","","-3.96%"
"08/12/1991","368.59","368.59","368.59","368.59","","7.57%"
"08/09/1991","342.65","342.65","342.65","342.65","","3.29%"
"08/08/1991","331.74","331.74","331.74","331.74","","4.32%"
"08/07/1991","318.01","318.01","318.01","318.01","","1.34%"
"08/06/1991","313.80","313.80","313.80","313.80","","2.89%"
"08/05/1991","304.99","304.99","304.99","304.99","","7.35%"
"08/02/1991","284.10","284.10","284.10","284.10","","1.29%"
"08/01/1991","280.47","280.47","280.47","280.47","","3.37%"
"07/31/1991","271.33","271.33","271.33","271.33","","2.82%"
"07/30/1991","263.88","263.88","263.88","263.88","","-1.28%"
"07/29/1991","267.29","267.29","267.29","267.29","","-2.11%"
"07/26/1991","273.04","273.04","273.04","273.04","","-3.29%"
"07/25/1991","282.34","282.34","282.34","282.34","","-1.01%"
"07/24/1991","285.22","285.22","285.22","285.22","","0.63%"
"07/23/1991","283.44","283.44","283.44","283.44","","-0.18%"
"07/22/1991","283.96","283.96","283.96","283.96","","3.23%"
"07/19/1991","275.08","275.08","275.08","275.08","","0.65%"
"07/18/1991","273.30","273.30","273.30","273.30","","0.96%"
"07/17/1991","270.71","270.71","270.71","270.71","","0.95%"
"07/16/1991","268.17","268.17","268.17","268.17","","-1.97%"
"07/15/1991","273.56","273.56","273.56","273.56","","0.57%"
"07/12/1991","272.01","272.01","272.01","272.01","","3.25%"
"07/11/1991","263.44","263.44","263.44","263.44","","0.98%"
"07/10/1991","260.88","260.88","260.88","260.88","","-0.48%"
"07/08/1991","262.15","262.15","262.15","262.15","","-0.95%"
"07/05/1991","264.66","264.66","264.66","264.66","","2.24%"
"07/04/1991","258.87","258.87","258.87","258.87","","0.27%"
"07/03/1991","258.18","258.18","258.18","258.18","","-2.32%"
"07/02/1991","264.31","264.31","264.31","264.31","","-2.02%"
"07/01/1991","269.75","269.75","269.75","269.75","","1.70%"
"06/28/1991","265.24","265.24","265.24","265.24","","-1.85%"
"06/27/1991","270.23","270.23","270.23","270.23","","8.94%"
"06/26/1991","248.05","248.05","248.05","248.05","","1.53%"
"06/25/1991","244.31","244.31","244.31","244.31","","-3.91%"
"06/21/1991","254.25","254.25","254.25","254.25","","-2.43%"
"06/20/1991","260.57","260.57","260.57","260.57","","-0.68%"
"06/19/1991","262.35","262.35","262.35","262.35","","3.16%"
"06/18/1991","254.32","254.32","254.32","254.32","","-2.55%"
"06/17/1991","260.97","260.97","260.97","260.97","","-4.79%"
"06/14/1991","274.10","274.10","274.10","274.10","","3.55%"
"06/13/1991","264.70","264.70","264.70","264.70","","-3.14%"
"06/12/1991","273.28","273.28","273.28","273.28","","-0.86%"
"06/11/1991","275.64","275.64","275.64","275.64","","-3.03%"
"06/07/1991","284.25","284.25","284.25","284.25","","4.49%"
"06/06/1991","272.04","272.04","272.04","272.04","","2.32%"
"06/05/1991","265.88","265.88","265.88","265.88","","-2.78%"
"06/04/1991","273.48","273.48","273.48","273.48","","1.21%"